codigo_ibge_7,codigo_ibge_6,nome_municipio,uf_sigla,nome_uf,regiao,latitude,longitude
1100015,110001,Alta Floresta D'Oeste,RO,Rondônia,Norte,-11.9283,-61.9953
1100023,110002,Ariquemes,RO,Rondônia,Norte,-9.90571,-63.0325
1100031,110003,Cabixi,RO,Rondônia,Norte,-13.4945,-60.552
1100049,110004,Cacoal,RO,Rondônia,Norte,-11.4343,-61.4562
1100056,110005,Cerejeiras,RO,Rondônia,Norte,-13.187,-60.8168
1100064,110006,Colorado do Oeste,RO,Rondônia,Norte,-13.1174,-60.5454
1100072,110007,Corumbiara,RO,Rondônia,Norte,-12.9551,-60.8947
1100080,110008,Costa Marques,RO,Rondônia,Norte,-12.4367,-64.228
1100098,110009,Espigão D'Oeste,RO,Rondônia,Norte,-11.5266,-61.0252
1100106,110010,Guajará-Mirim,RO,Rondônia,Norte,-10.7889,-65.3296
1100114,110011,Jaru,RO,Rondônia,Norte,-10.4318,-62.4788
1100122,110012,Ji-Paraná,RO,Rondônia,Norte,-10.8777,-61.9322
1100130,110013,Machadinho D'Oeste,RO,Rondônia,Norte,-9.44363,-61.9818
1100148,110014,Nova Brasilândia D'Oeste,RO,Rondônia,Norte,-11.7247,-62.3127
1100155,110015,Ouro Preto do Oeste,RO,Rondônia,Norte,-10.7167,-62.2565
1100189,110018,Pimenta Bueno,RO,Rondônia,Norte,-11.672,-61.198
1100205,110020,Porto Velho,RO,Rondônia,Norte,-8.76077,-63.8999
1100254,110025,Presidente Médici,RO,Rondônia,Norte,-11.169,-61.8986
1100262,110026,Rio Crespo,RO,Rondônia,Norte,-9.69965,-62.9011
1100288,110028,Rolim de Moura,RO,Rondônia,Norte,-11.7271,-61.7714
1100296,110029,Santa Luzia D'Oeste,RO,Rondônia,Norte,-11.9074,-61.7777
1100304,110030,Vilhena,RO,Rondônia,Norte,-12.7502,-60.1488
1100320,110032,São Miguel do Guaporé,RO,Rondônia,Norte,-11.6953,-62.7192
1100338,110033,Nova Mamoré,RO,Rondônia,Norte,-10.4077,-65.3346
1100346,110034,Alvorada D'Oeste,RO,Rondônia,Norte,-11.3463,-62.2847
1100379,110037,Alto Alegre dos Parecis,RO,Rondônia,Norte,-12.132,-61.835
1100403,110040,Alto Paraíso,RO,Rondônia,Norte,-9.71429,-63.3188
1100452,110045,Buritis,RO,Rondônia,Norte,-10.1943,-63.8324
1100502,110050,Novo Horizonte do Oeste,RO,Rondônia,Norte,-11.6961,-61.9951
1100601,110060,Cacaulândia,RO,Rondônia,Norte,-10.349,-62.9043
1100700,110070,Campo Novo de Rondônia,RO,Rondônia,Norte,-10.5712,-63.6266
1100809,110080,Candeias do Jamari,RO,Rondônia,Norte,-8.7907,-63.7005
1100908,110090,Castanheiras,RO,Rondônia,Norte,-11.4253,-61.9482
1100924,110092,Chupinguaia,RO,Rondônia,Norte,-12.5611,-60.8877
1100940,110094,Cujubim,RO,Rondônia,Norte,-9.36065,-62.5846
1101005,110100,Governador Jorge Teixeira,RO,Rondônia,Norte,-10.61,-62.7371
1101104,110110,Itapuã do Oeste,RO,Rondônia,Norte,-9.19687,-63.1809
1101203,110120,Ministro Andreazza,RO,Rondônia,Norte,-11.196,-61.5174
1101302,110130,Mirante da Serra,RO,Rondônia,Norte,-11.029,-62.6696
1101401,110140,Monte Negro,RO,Rondônia,Norte,-10.2458,-63.29
1101435,110143,Nova União,RO,Rondônia,Norte,-10.9068,-62.5564
1101450,110145,Parecis,RO,Rondônia,Norte,-12.1754,-61.6032
1101468,110146,Pimenteiras do Oeste,RO,Rondônia,Norte,-13.4823,-61.0471
1101476,110147,Primavera de Rondônia,RO,Rondônia,Norte,-11.8295,-61.3153
1101484,110148,São Felipe D'Oeste,RO,Rondônia,Norte,-11.9023,-61.5026
1101492,110149,São Francisco do Guaporé,RO,Rondônia,Norte,-12.052,-63.568
1101500,110150,Seringueiras,RO,Rondônia,Norte,-11.8055,-63.0182
1101559,110155,Teixeirópolis,RO,Rondônia,Norte,-10.9056,-62.242
1101609,110160,Theobroma,RO,Rondônia,Norte,-10.2483,-62.3538
1101708,110170,Urupá,RO,Rondônia,Norte,-11.1261,-62.3639
1101757,110175,Vale do Anari,RO,Rondônia,Norte,-9.86215,-62.1876
1101807,110180,Vale do Paraíso,RO,Rondônia,Norte,-10.4465,-62.1352
1200013,120001,Acrelândia,AC,Acre,Norte,-9.82581,-66.8972
1200054,120005,Assis Brasil,AC,Acre,Norte,-10.9298,-69.5738
1200104,120010,Brasiléia,AC,Acre,Norte,-10.995,-68.7497
1200138,120013,Bujari,AC,Acre,Norte,-9.81528,-67.955
1200179,120017,Capixaba,AC,Acre,Norte,-10.566,-67.686
1200203,120020,Cruzeiro do Sul,AC,Acre,Norte,-7.62762,-72.6756
1200252,120025,Epitaciolândia,AC,Acre,Norte,-11.0188,-68.7341
1200302,120030,Feijó,AC,Acre,Norte,-8.17054,-70.351
1200328,120032,Jordão,AC,Acre,Norte,-9.1908,-71.9503
1200336,120033,Mâncio Lima,AC,Acre,Norte,-7.61657,-72.8997
1200344,120034,Manoel Urbano,AC,Acre,Norte,-8.83291,-69.2679
1200351,120035,Marechal Thaumaturgo,AC,Acre,Norte,-8.93898,-72.7997
1200385,120038,Plácido de Castro,AC,Acre,Norte,-10.2806,-67.1371
1200393,120039,Porto Walter,AC,Acre,Norte,-8.26323,-72.7537
1200401,120040,Rio Branco,AC,Acre,Norte,-9.97499,-67.8243
1200427,120042,Rodrigues Alves,AC,Acre,Norte,-7.73864,-72.661
1200435,120043,Santa Rosa do Purus,AC,Acre,Norte,-9.44652,-70.4902
1200450,120045,Senador Guiomard,AC,Acre,Norte,-10.1497,-67.7362
1200500,120050,Sena Madureira,AC,Acre,Norte,-9.06596,-68.6571
1200609,120060,Tarauacá,AC,Acre,Norte,-8.15697,-70.7722
1200708,120070,Xapuri,AC,Acre,Norte,-10.6516,-68.4969
1200807,120080,Porto Acre,AC,Acre,Norte,-9.58138,-67.5478
1300029,130002,Alvarães,AM,Amazonas,Norte,-3.22727,-64.8007
1300060,130006,Amaturá,AM,Amazonas,Norte,-3.37455,-68.2005
1300086,130008,Anamã,AM,Amazonas,Norte,-3.56697,-61.3963
1300102,130010,Anori,AM,Amazonas,Norte,-3.74603,-61.6575
1300144,130014,Apuí,AM,Amazonas,Norte,-7.19409,-59.896
1300201,130020,Atalaia do Norte,AM,Amazonas,Norte,-4.37055,-70.1967
1300300,130030,Autazes,AM,Amazonas,Norte,-3.58574,-59.1256
1300409,130040,Barcelos,AM,Amazonas,Norte,-0.983373,-62.9311
1300508,130050,Barreirinha,AM,Amazonas,Norte,-2.79886,-57.0679
1300607,130060,Benjamin Constant,AM,Amazonas,Norte,-4.37768,-70.0342
1300631,130063,Beruri,AM,Amazonas,Norte,-3.89874,-61.3616
1300680,130068,Boa Vista do Ramos,AM,Amazonas,Norte,-2.97409,-57.5873
1300706,130070,Boca do Acre,AM,Amazonas,Norte,-8.74232,-67.3919
1300805,130080,Borba,AM,Amazonas,Norte,-4.39154,-59.5874
1300839,130083,Caapiranga,AM,Amazonas,Norte,-3.31537,-61.2206
1300904,130090,Canutama,AM,Amazonas,Norte,-6.52582,-64.3953
1301001,130100,Carauari,AM,Amazonas,Norte,-4.88161,-66.9086
1301100,130110,Careiro,AM,Amazonas,Norte,-3.76803,-60.369
1301159,130115,Careiro da Várzea,AM,Amazonas,Norte,-3.314,-59.5557
1301209,130120,Coari,AM,Amazonas,Norte,-4.09412,-63.1441
1301308,130130,Codajás,AM,Amazonas,Norte,-3.83053,-62.0658
1301407,130140,Eirunepé,AM,Amazonas,Norte,-6.65677,-69.8662
1301506,130150,Envira,AM,Amazonas,Norte,-7.43789,-70.0281
1301605,130160,Fonte Boa,AM,Amazonas,Norte,-2.52342,-66.0942
1301654,130165,Guajará,AM,Amazonas,Norte,-7.53797,-72.5907
1301704,130170,Humaitá,AM,Amazonas,Norte,-7.51171,-63.0327
1301803,130180,Ipixuna,AM,Amazonas,Norte,-7.04791,-71.6934
1301852,130185,Iranduba,AM,Amazonas,Norte,-3.27479,-60.19
1301902,130190,Itacoatiara,AM,Amazonas,Norte,-3.13861,-58.4449
1301951,130195,Itamarati,AM,Amazonas,Norte,-6.43852,-68.2437
1302009,130200,Itapiranga,AM,Amazonas,Norte,-2.74081,-58.0293
1302108,130210,Japurá,AM,Amazonas,Norte,-1.88237,-66.9291
1302207,130220,Juruá,AM,Amazonas,Norte,-3.48438,-66.0718
1302306,130230,Jutaí,AM,Amazonas,Norte,-2.75814,-66.7595
1302405,130240,Lábrea,AM,Amazonas,Norte,-7.26413,-64.7948
1302504,130250,Manacapuru,AM,Amazonas,Norte,-3.29066,-60.6216
1302553,130255,Manaquiri,AM,Amazonas,Norte,-3.44078,-60.4612
1302603,130260,Manaus,AM,Amazonas,Norte,-3.11866,-60.0212
1302702,130270,Manicoré,AM,Amazonas,Norte,-5.80462,-61.2895
1302801,130280,Maraã,AM,Amazonas,Norte,-1.85313,-65.573
1302900,130290,Maués,AM,Amazonas,Norte,-3.39289,-57.7067
1303007,130300,Nhamundá,AM,Amazonas,Norte,-2.20793,-56.7112
1303106,130310,Nova Olinda do Norte,AM,Amazonas,Norte,-3.90037,-59.094
1303205,130320,Novo Airão,AM,Amazonas,Norte,-2.63637,-60.9434
1303304,130330,Novo Aripuanã,AM,Amazonas,Norte,-5.12593,-60.3732
1303403,130340,Parintins,AM,Amazonas,Norte,-2.63741,-56.729
1303502,130350,Pauini,AM,Amazonas,Norte,-7.71311,-66.992
1303536,130353,Presidente Figueiredo,AM,Amazonas,Norte,-2.02981,-60.0234
1303569,130356,Rio Preto da Eva,AM,Amazonas,Norte,-2.7045,-59.6858
1303601,130360,Santa Isabel do Rio Negro,AM,Amazonas,Norte,-0.410824,-65.0092
1303700,130370,Santo Antônio do Içá,AM,Amazonas,Norte,-3.09544,-67.9463
1303809,130380,São Gabriel da Cachoeira,AM,Amazonas,Norte,-0.11909,-67.084
1303908,130390,São Paulo de Olivença,AM,Amazonas,Norte,-3.47292,-68.9646
1303957,130395,São Sebastião do Uatumã,AM,Amazonas,Norte,-2.55915,-57.8731
1304005,130400,Silves,AM,Amazonas,Norte,-2.81748,-58.248
1304062,130406,Tabatinga,AM,Amazonas,Norte,-4.2416,-69.9383
1304104,130410,Tapauá,AM,Amazonas,Norte,-5.62085,-63.1808
1304203,130420,Tefé,AM,Amazonas,Norte,-3.36822,-64.7193
1304237,130423,Tonantins,AM,Amazonas,Norte,-2.86582,-67.7919
1304260,130426,Uarini,AM,Amazonas,Norte,-2.99609,-65.1133
1304302,130430,Urucará,AM,Amazonas,Norte,-2.52936,-57.7538
1304401,130440,Urucurituba,AM,Amazonas,Norte,-3.12841,-58.1496
1400027,140002,Amajari,RR,Roraima,Norte,3.64571,-61.3692
1400050,140005,Alto Alegre,RR,Roraima,Norte,2.98858,-61.3072
1400100,140010,Boa Vista,RR,Roraima,Norte,2.82384,-60.6753
1400159,140015,Bonfim,RR,Roraima,Norte,3.36161,-59.8333
1400175,140017,Cantá,RR,Roraima,Norte,2.60994,-60.6058
1400209,140020,Caracaraí,RR,Roraima,Norte,1.82766,-61.1304
1400233,140023,Caroebe,RR,Roraima,Norte,0.884203,-59.6959
1400282,140028,Iracema,RR,Roraima,Norte,2.18305,-61.0415
1400308,140030,Mucajaí,RR,Roraima,Norte,2.43998,-60.9096
1400407,140040,Normandia,RR,Roraima,Norte,3.8853,-59.6204
1400456,140045,Pacaraima,RR,Roraima,Norte,4.4799,-61.1477
1400472,140047,Rorainópolis,RR,Roraima,Norte,0.939956,-60.4389
1400506,140050,São João da Baliza,RR,Roraima,Norte,0.951659,-59.9133
1400605,140060,São Luiz,RR,Roraima,Norte,1.01019,-60.0419
1400704,140070,Uiramutã,RR,Roraima,Norte,4.60314,-60.1815
1500107,150010,Abaetetuba,PA,Pará,Norte,-1.72183,-48.8788
1500131,150013,Abel Figueiredo,PA,Pará,Norte,-4.95333,-48.3933
1500206,150020,Acará,PA,Pará,Norte,-1.95383,-48.1985
1500305,150030,Afuá,PA,Pará,Norte,-0.154874,-50.3861
1500347,150034,Água Azul do Norte,PA,Pará,Norte,-6.79053,-50.4791
1500404,150040,Alenquer,PA,Pará,Norte,-1.94623,-54.7384
1500503,150050,Almeirim,PA,Pará,Norte,-1.52904,-52.5788
1500602,150060,Altamira,PA,Pará,Norte,-3.20407,-52.21
1500701,150070,Anajás,PA,Pará,Norte,-0.996811,-49.9354
1500800,150080,Ananindeua,PA,Pará,Norte,-1.36391,-48.3743
1500859,150085,Anapu,PA,Pará,Norte,-3.46985,-51.2003
1500909,150090,Augusto Corrêa,PA,Pará,Norte,-1.05109,-46.6147
1500958,150095,Aurora do Pará,PA,Pará,Norte,-2.14898,-47.5677
1501006,150100,Aveiro,PA,Pará,Norte,-3.60841,-55.3199
1501105,150110,Bagre,PA,Pará,Norte,-1.90057,-50.1987
1501204,150120,Baião,PA,Pará,Norte,-2.79021,-49.6694
1501253,150125,Bannach,PA,Pará,Norte,-7.34779,-50.3959
1501303,150130,Barcarena,PA,Pará,Norte,-1.51187,-48.6195
1501402,150140,Belém,PA,Pará,Norte,-1.4554,-48.4898
1501451,150145,Belterra,PA,Pará,Norte,-2.63609,-54.9374
1501501,150150,Benevides,PA,Pará,Norte,-1.36183,-48.2434
1501576,150157,Bom Jesus do Tocantins,PA,Pará,Norte,-5.0424,-48.6047
1501600,150160,Bonito,PA,Pará,Norte,-1.36745,-47.3066
1501709,150170,Bragança,PA,Pará,Norte,-1.06126,-46.7826
1501725,150172,Brasil Novo,PA,Pará,Norte,-3.29792,-52.534
1501758,150175,Brejo Grande do Araguaia,PA,Pará,Norte,-5.69822,-48.4103
1501782,150178,Breu Branco,PA,Pará,Norte,-3.77191,-49.5735
1501808,150180,Breves,PA,Pará,Norte,-1.68036,-50.4791
1501907,150190,Bujaru,PA,Pará,Norte,-1.51762,-48.0381
1501956,150195,Cachoeira do Piriá,PA,Pará,Norte,-1.75974,-46.5459
1502004,150200,Cachoeira do Arari,PA,Pará,Norte,-1.01226,-48.9503
1502103,150210,Cametá,PA,Pará,Norte,-2.24295,-49.4979
1502152,150215,Canaã dos Carajás,PA,Pará,Norte,-6.49659,-49.8776
1502202,150220,Capanema,PA,Pará,Norte,-1.20529,-47.1778
1502301,150230,Capitão Poço,PA,Pará,Norte,-1.74785,-47.0629
1502400,150240,Castanhal,PA,Pará,Norte,-1.29797,-47.9167
1502509,150250,Chaves,PA,Pará,Norte,-0.164154,-49.987
1502608,150260,Colares,PA,Pará,Norte,-0.936423,-48.2803
1502707,150270,Conceição do Araguaia,PA,Pará,Norte,-8.26136,-49.2689
1502756,150275,Concórdia do Pará,PA,Pará,Norte,-1.99238,-47.9422
1502764,150276,Cumaru do Norte,PA,Pará,Norte,-7.81097,-50.7698
1502772,150277,Curionópolis,PA,Pará,Norte,-6.09965,-49.6068
1502806,150280,Curralinho,PA,Pará,Norte,-1.81179,-49.7952
1502855,150285,Curuá,PA,Pará,Norte,-1.88775,-55.1168
1502905,150290,Curuçá,PA,Pará,Norte,-0.733214,-47.8515
1502939,150293,Dom Eliseu,PA,Pará,Norte,-4.19944,-47.8245
1502954,150295,Eldorado do Carajás,PA,Pará,Norte,-6.10389,-49.3553
1503002,150300,Faro,PA,Pará,Norte,-2.16805,-56.7405
1503044,150304,Floresta do Araguaia,PA,Pará,Norte,-7.55335,-49.7125
1503077,150307,Garrafão do Norte,PA,Pará,Norte,-1.92986,-47.0505
1503093,150309,Goianésia do Pará,PA,Pará,Norte,-3.84338,-49.0974
1503101,150310,Gurupá,PA,Pará,Norte,-1.41412,-51.6338
1503200,150320,Igarapé-Açu,PA,Pará,Norte,-1.12539,-47.626
1503309,150330,Igarapé-Miri,PA,Pará,Norte,-1.97533,-48.9575
1503408,150340,Inhangapi,PA,Pará,Norte,-1.4349,-47.9114
1503457,150345,Ipixuna do Pará,PA,Pará,Norte,-2.55992,-47.5059
1503507,150350,Irituia,PA,Pará,Norte,-1.76984,-47.446
1503606,150360,Itaituba,PA,Pará,Norte,-4.2667,-55.9926
1503705,150370,Itupiranga,PA,Pará,Norte,-5.13272,-49.3358
1503754,150375,Jacareacanga,PA,Pará,Norte,-6.21469,-57.7544
1503804,150380,Jacundá,PA,Pará,Norte,-4.44617,-49.1153
1503903,150390,Juruti,PA,Pará,Norte,-2.16347,-56.0889
1504000,150400,Limoeiro do Ajuru,PA,Pará,Norte,-1.8985,-49.3903
1504059,150405,Mãe do Rio,PA,Pará,Norte,-2.05683,-47.5601
1504109,150410,Magalhães Barata,PA,Pará,Norte,-0.803391,-47.6014
1504208,150420,Marabá,PA,Pará,Norte,-5.38075,-49.1327
1504307,150430,Maracanã,PA,Pará,Norte,-0.778899,-47.452
1504406,150440,Marapanim,PA,Pará,Norte,-0.714702,-47.7034
1504422,150442,Marituba,PA,Pará,Norte,-1.36002,-48.3421
1504455,150445,Medicilândia,PA,Pará,Norte,-3.44637,-52.8875
1504505,150450,Melgaço,PA,Pará,Norte,-1.8032,-50.7149
1504604,150460,Mocajuba,PA,Pará,Norte,-2.5831,-49.5042
1504703,150470,Moju,PA,Pará,Norte,-1.88993,-48.7668
1504752,150475,Mojuí dos Campos,PA,Pará,Norte,-2.6822,-54.6425
1504802,150480,Monte Alegre,PA,Pará,Norte,-1.99768,-54.0724
1504901,150490,Muaná,PA,Pará,Norte,-1.53936,-49.2224
1504950,150495,Nova Esperança do Piriá,PA,Pará,Norte,-2.26693,-46.9731
1504976,150497,Nova Ipixuna,PA,Pará,Norte,-4.91622,-49.0822
1505007,150500,Nova Timboteua,PA,Pará,Norte,-1.20874,-47.3921
1505031,150503,Novo Progresso,PA,Pará,Norte,-7.14347,-55.3786
1505064,150506,Novo Repartimento,PA,Pará,Norte,-4.24749,-49.9499
1505106,150510,Óbidos,PA,Pará,Norte,-1.90107,-55.5208
1505205,150520,Oeiras do Pará,PA,Pará,Norte,-2.00358,-49.8628
1505304,150530,Oriximiná,PA,Pará,Norte,-1.75989,-55.8579
1505403,150540,Ourém,PA,Pará,Norte,-1.54168,-47.1126
1505437,150543,Ourilândia do Norte,PA,Pará,Norte,-6.7529,-51.0858
1505486,150548,Pacajá,PA,Pará,Norte,-3.83542,-50.6399
1505494,150549,Palestina do Pará,PA,Pará,Norte,-5.74027,-48.3181
1505502,150550,Paragominas,PA,Pará,Norte,-3.00212,-47.3527
1505536,150553,Parauapebas,PA,Pará,Norte,-6.06781,-49.9037
1505551,150555,Pau d'Arco,PA,Pará,Norte,-1.59772,-46.9268
1505601,150560,Peixe-Boi,PA,Pará,Norte,-1.19382,-47.324
1505635,150563,Piçarra,PA,Pará,Norte,-6.43778,-48.8716
1505650,150565,Placas,PA,Pará,Norte,-3.86813,-54.2124
1505700,150570,Ponta de Pedras,PA,Pará,Norte,-1.39587,-48.8661
1505809,150580,Portel,PA,Pará,Norte,-1.93639,-50.8194
1505908,150590,Porto de Moz,PA,Pará,Norte,-1.74691,-52.2361
1506005,150600,Prainha,PA,Pará,Norte,-1.798,-53.4779
1506104,150610,Primavera,PA,Pará,Norte,-0.945439,-47.1253
1506112,150611,Quatipuru,PA,Pará,Norte,-0.899604,-47.0134
1506138,150613,Redenção,PA,Pará,Norte,-8.02529,-50.0317
1506161,150616,Rio Maria,PA,Pará,Norte,-7.31236,-50.0379
1506187,150618,Rondon do Pará,PA,Pará,Norte,-4.77793,-48.067
1506195,150619,Rurópolis,PA,Pará,Norte,-4.10028,-54.9092
1506203,150620,Salinópolis,PA,Pará,Norte,-0.630815,-47.3465
1506302,150630,Salvaterra,PA,Pará,Norte,-0.758444,-48.5139
1506351,150635,Santa Bárbara do Pará,PA,Pará,Norte,-1.19219,-48.238
1506401,150640,Santa Cruz do Arari,PA,Pará,Norte,-0.661019,-49.1771
1506500,150650,Santa Izabel do Pará,PA,Pará,Norte,-1.29686,-48.1606
1506559,150655,Santa Luzia do Pará,PA,Pará,Norte,-1.52147,-46.9008
1506583,150658,Santa Maria das Barreiras,PA,Pará,Norte,-8.85784,-49.7215
1506609,150660,Santa Maria do Pará,PA,Pará,Norte,-1.35392,-47.5712
1506708,150670,Santana do Araguaia,PA,Pará,Norte,-9.3281,-50.35
1506807,150680,Santarém,PA,Pará,Norte,-2.43849,-54.6996
1506906,150690,Santarém Novo,PA,Pará,Norte,-0.93097,-47.3855
1507003,150700,Santo Antônio do Tauá,PA,Pará,Norte,-1.1522,-48.1314
1507102,150710,São Caetano de Odivelas,PA,Pará,Norte,-0.747293,-48.0246
1507151,150715,São Domingos do Araguaia,PA,Pará,Norte,-5.53732,-48.7366
1507201,150720,São Domingos do Capim,PA,Pará,Norte,-1.68768,-47.7665
1507300,150730,São Félix do Xingu,PA,Pará,Norte,-6.64254,-51.9904
1507409,150740,São Francisco do Pará,PA,Pará,Norte,-1.16963,-47.7917
1507458,150745,São Geraldo do Araguaia,PA,Pará,Norte,-6.39471,-48.5592
1507466,150746,São João da Ponta,PA,Pará,Norte,-0.857885,-47.918
1507474,150747,São João de Pirabas,PA,Pará,Norte,-0.780222,-47.181
1507508,150750,São João do Araguaia,PA,Pará,Norte,-5.36334,-48.7926
1507607,150760,São Miguel do Guamá,PA,Pará,Norte,-1.61307,-47.4784
1507706,150770,São Sebastião da Boa Vista,PA,Pará,Norte,-1.71597,-49.5249
1507755,150775,Sapucaia,PA,Pará,Norte,-6.94018,-49.6834
1507805,150780,Senador José Porfírio,PA,Pará,Norte,-4.31242,-51.5764
1507904,150790,Soure,PA,Pará,Norte,-0.73032,-48.5015
1507953,150795,Tailândia,PA,Pará,Norte,-2.94584,-48.9489
1507961,150796,Terra Alta,PA,Pará,Norte,-1.02963,-47.9004
1507979,150797,Terra Santa,PA,Pará,Norte,-2.10443,-56.4877
1508001,150800,Tomé-Açu,PA,Pará,Norte,-2.41302,-48.1415
1508035,150803,Tracuateua,PA,Pará,Norte,-1.07653,-46.9031
1508050,150805,Trairão,PA,Pará,Norte,-4.57347,-55.9429
1508084,150808,Tucumã,PA,Pará,Norte,-6.74687,-51.1626
1508100,150810,Tucuruí,PA,Pará,Norte,-3.7657,-49.6773
1508126,150812,Ulianópolis,PA,Pará,Norte,-3.75007,-47.4892
1508159,150815,Uruará,PA,Pará,Norte,-3.71519,-53.7396
1508209,150820,Vigia,PA,Pará,Norte,-0.861194,-48.1386
1508308,150830,Viseu,PA,Pará,Norte,-1.19124,-46.1399
1508357,150835,Vitória do Xingu,PA,Pará,Norte,-2.87922,-52.0088
1508407,150840,Xinguara,PA,Pará,Norte,-7.0983,-49.9437
1600055,160005,Serra do Navio,AP,Amapá,Norte,0.901357,-52.0036
1600105,160010,Amapá,AP,Amapá,Norte,2.05267,-50.7957
1600154,160015,Pedra Branca do Amapari,AP,Amapá,Norte,0.777424,-51.9503
1600204,160020,Calçoene,AP,Amapá,Norte,2.50475,-50.9512
1600212,160021,Cutias,AP,Amapá,Norte,0.970761,-50.8005
1600238,160023,Ferreira Gomes,AP,Amapá,Norte,0.857256,-51.1795
1600253,160025,Itaubal,AP,Amapá,Norte,0.602185,-50.6996
1600279,160027,Laranjal do Jari,AP,Amapá,Norte,-0.804911,-52.453
1600303,160030,Macapá,AP,Amapá,Norte,0.034934,-51.0694
1600402,160040,Mazagão,AP,Amapá,Norte,-0.11336,-51.2891
1600501,160050,Oiapoque,AP,Amapá,Norte,3.84074,-51.8331
1600535,160053,Porto Grande,AP,Amapá,Norte,0.71243,-51.4155
1600550,160055,Pracuúba,AP,Amapá,Norte,1.74543,-50.7892
1600600,160060,Santana,AP,Amapá,Norte,-0.045434,-51.1729
1600709,160070,Tartarugalzinho,AP,Amapá,Norte,1.50652,-50.9087
1600808,160080,Vitória do Jari,AP,Amapá,Norte,-0.938,-52.424
1700251,170025,Abreulândia,TO,Tocantins,Norte,-9.62101,-49.1518
1700301,170030,Aguiarnópolis,TO,Tocantins,Norte,-6.55409,-47.4702
1700350,170035,Aliança do Tocantins,TO,Tocantins,Norte,-11.3056,-48.9361
1700400,170040,Almas,TO,Tocantins,Norte,-11.5706,-47.1792
1700707,170070,Alvorada,TO,Tocantins,Norte,-12.4785,-49.1249
1701002,170100,Ananás,TO,Tocantins,Norte,-6.36437,-48.0735
1701051,170105,Angico,TO,Tocantins,Norte,-6.39179,-47.8611
1701101,170110,Aparecida do Rio Negro,TO,Tocantins,Norte,-9.94139,-47.9638
1701309,170130,Aragominas,TO,Tocantins,Norte,-7.16005,-48.5291
1701903,170190,Araguacema,TO,Tocantins,Norte,-8.80755,-49.5569
1702000,170200,Araguaçu,TO,Tocantins,Norte,-12.9289,-49.8231
1702109,170210,Araguaína,TO,Tocantins,Norte,-7.19238,-48.2044
1702158,170215,Araguanã,TO,Tocantins,Norte,-6.58225,-48.6395
1702208,170220,Araguatins,TO,Tocantins,Norte,-5.64659,-48.1232
1702307,170230,Arapoema,TO,Tocantins,Norte,-7.65463,-49.0637
1702406,170240,Arraias,TO,Tocantins,Norte,-12.9287,-46.9359
1702554,170255,Augustinópolis,TO,Tocantins,Norte,-5.46863,-47.8863
1702703,170270,Aurora do Tocantins,TO,Tocantins,Norte,-12.7105,-46.4076
1702901,170290,Axixá do Tocantins,TO,Tocantins,Norte,-5.61275,-47.7701
1703008,170300,Babaçulândia,TO,Tocantins,Norte,-7.20923,-47.7613
1703057,170305,Bandeirantes do Tocantins,TO,Tocantins,Norte,-7.75612,-48.5836
1703073,170307,Barra do Ouro,TO,Tocantins,Norte,-7.69593,-47.6776
1703107,170310,Barrolândia,TO,Tocantins,Norte,-9.83404,-48.7252
1703206,170320,Bernardo Sayão,TO,Tocantins,Norte,-7.87481,-48.8893
1703305,170330,Bom Jesus do Tocantins,TO,Tocantins,Norte,-8.96306,-48.165
1703602,170360,Brasilândia do Tocantins,TO,Tocantins,Norte,-8.38918,-48.4822
1703701,170370,Brejinho de Nazaré,TO,Tocantins,Norte,-11.0058,-48.5683
1703800,170380,Buriti do Tocantins,TO,Tocantins,Norte,-5.31448,-48.2271
1703826,170382,Cachoeirinha,TO,Tocantins,Norte,-6.1156,-47.9234
1703842,170384,Campos Lindos,TO,Tocantins,Norte,-7.98956,-46.8645
1703867,170386,Cariri do Tocantins,TO,Tocantins,Norte,-11.8881,-49.1609
1703883,170388,Carmolândia,TO,Tocantins,Norte,-7.03262,-48.3978
1703891,170389,Carrasco Bonito,TO,Tocantins,Norte,-5.31415,-48.0314
1703909,170390,Caseara,TO,Tocantins,Norte,-9.27612,-49.9521
1704105,170410,Centenário,TO,Tocantins,Norte,-8.96103,-47.3304
1704600,170460,Chapada de Areia,TO,Tocantins,Norte,-10.1419,-49.1403
1705102,170510,Chapada da Natividade,TO,Tocantins,Norte,-11.6175,-47.7486
1705508,170550,Colinas do Tocantins,TO,Tocantins,Norte,-8.05764,-48.4757
1705557,170555,Combinado,TO,Tocantins,Norte,-12.7917,-46.5388
1705607,170560,Conceição do Tocantins,TO,Tocantins,Norte,-12.2209,-47.2951
1706001,170600,Couto Magalhães,TO,Tocantins,Norte,-8.28411,-49.2473
1706100,170610,Cristalândia,TO,Tocantins,Norte,-10.5985,-49.1942
1706258,170625,Crixás do Tocantins,TO,Tocantins,Norte,-11.0994,-48.9152
1706506,170650,Darcinópolis,TO,Tocantins,Norte,-6.71591,-47.7597
1707009,170700,Dianópolis,TO,Tocantins,Norte,-11.624,-46.8198
1707108,170710,Divinópolis do Tocantins,TO,Tocantins,Norte,-9.80018,-49.2169
1707207,170720,Dois Irmãos do Tocantins,TO,Tocantins,Norte,-9.25534,-49.0638
1707306,170730,Dueré,TO,Tocantins,Norte,-11.3416,-49.2716
1707405,170740,Esperantina,TO,Tocantins,Norte,-5.36593,-48.5378
1707553,170755,Fátima,TO,Tocantins,Norte,-10.7603,-48.9076
1707652,170765,Figueirópolis,TO,Tocantins,Norte,-12.1312,-49.1748
1707702,170770,Filadélfia,TO,Tocantins,Norte,-7.33501,-47.4954
1708205,170820,Formoso do Araguaia,TO,Tocantins,Norte,-11.7976,-49.5316
1708254,170825,Fortaleza do Tabocão,TO,Tocantins,Norte,-9.05611,-48.5206
1708304,170830,Goianorte,TO,Tocantins,Norte,-8.77413,-48.9313
1709005,170900,Goiatins,TO,Tocantins,Norte,-7.71478,-47.3252
1709302,170930,Guaraí,TO,Tocantins,Norte,-8.83543,-48.5114
1709500,170950,Gurupi,TO,Tocantins,Norte,-11.7279,-49.068
1709807,170980,Ipueiras,TO,Tocantins,Norte,-11.2329,-48.46
1710508,171050,Itacajá,TO,Tocantins,Norte,-8.39293,-47.7726
1710706,171070,Itaguatins,TO,Tocantins,Norte,-5.77267,-47.4864
1710904,171090,Itapiratins,TO,Tocantins,Norte,-8.37982,-48.1072
1711100,171110,Itaporã do Tocantins,TO,Tocantins,Norte,-8.57172,-48.6895
1711506,171150,Jaú do Tocantins,TO,Tocantins,Norte,-12.6509,-48.589
1711803,171180,Juarina,TO,Tocantins,Norte,-8.11951,-49.0643
1711902,171190,Lagoa da Confusão,TO,Tocantins,Norte,-10.7906,-49.6199
1711951,171195,Lagoa do Tocantins,TO,Tocantins,Norte,-10.368,-47.538
1712009,171200,Lajeado,TO,Tocantins,Norte,-9.74996,-48.3565
1712157,171215,Lavandeira,TO,Tocantins,Norte,-12.7847,-46.5099
1712405,171240,Lizarda,TO,Tocantins,Norte,-9.59002,-46.6738
1712454,171245,Luzinópolis,TO,Tocantins,Norte,-6.17794,-47.8582
1712504,171250,Marianópolis do Tocantins,TO,Tocantins,Norte,-9.79377,-49.6553
1712702,171270,Mateiros,TO,Tocantins,Norte,-10.5464,-46.4168
1712801,171280,Maurilândia do Tocantins,TO,Tocantins,Norte,-5.95169,-47.5125
1713205,171320,Miracema do Tocantins,TO,Tocantins,Norte,-9.56556,-48.393
1713304,171330,Miranorte,TO,Tocantins,Norte,-9.52907,-48.5922
1713601,171360,Monte do Carmo,TO,Tocantins,Norte,-10.7611,-48.1114
1713700,171370,Monte Santo do Tocantins,TO,Tocantins,Norte,-10.0075,-48.9941
1713809,171380,Palmeiras do Tocantins,TO,Tocantins,Norte,-6.61658,-47.5464
1713957,171395,Muricilândia,TO,Tocantins,Norte,-7.14669,-48.6091
1714203,171420,Natividade,TO,Tocantins,Norte,-11.7034,-47.7223
1714302,171430,Nazaré,TO,Tocantins,Norte,-6.37496,-47.6643
1714880,171488,Nova Olinda,TO,Tocantins,Norte,-7.63171,-48.4252
1715002,171500,Nova Rosalândia,TO,Tocantins,Norte,-10.5651,-48.9125
1715101,171510,Novo Acordo,TO,Tocantins,Norte,-9.97063,-47.6785
1715150,171515,Novo Alegre,TO,Tocantins,Norte,-12.9217,-46.5713
1715259,171525,Novo Jardim,TO,Tocantins,Norte,-11.826,-46.6325
1715507,171550,Oliveira de Fátima,TO,Tocantins,Norte,-10.707,-48.9086
1715705,171570,Palmeirante,TO,Tocantins,Norte,-7.84786,-47.9242
1715754,171575,Palmeirópolis,TO,Tocantins,Norte,-13.0447,-48.4026
1716109,171610,Paraíso do Tocantins,TO,Tocantins,Norte,-10.175,-48.8823
1716208,171620,Paranã,TO,Tocantins,Norte,-12.6167,-47.8734
1716307,171630,Pau D'Arco,TO,Tocantins,Norte,-7.53919,-49.367
1716505,171650,Pedro Afonso,TO,Tocantins,Norte,-8.97034,-48.1729
1716604,171660,Peixe,TO,Tocantins,Norte,-12.0254,-48.5395
1716653,171665,Pequizeiro,TO,Tocantins,Norte,-8.5932,-48.9327
1716703,171670,Colméia,TO,Tocantins,Norte,-8.72463,-48.7638
1717008,171700,Pindorama do Tocantins,TO,Tocantins,Norte,-11.1311,-47.5726
1717206,171720,Piraquê,TO,Tocantins,Norte,-6.77302,-48.2958
1717503,171750,Pium,TO,Tocantins,Norte,-10.442,-49.1876
1717800,171780,Ponte Alta do Bom Jesus,TO,Tocantins,Norte,-12.0853,-46.4825
1717909,171790,Ponte Alta do Tocantins,TO,Tocantins,Norte,-10.7481,-47.5276
1718006,171800,Porto Alegre do Tocantins,TO,Tocantins,Norte,-11.618,-47.0621
1718204,171820,Porto Nacional,TO,Tocantins,Norte,-10.7027,-48.408
1718303,171830,Praia Norte,TO,Tocantins,Norte,-5.39281,-47.8111
1718402,171840,Presidente Kennedy,TO,Tocantins,Norte,-8.5406,-48.5062
1718451,171845,Pugmil,TO,Tocantins,Norte,-10.424,-48.8957
1718501,171850,Recursolândia,TO,Tocantins,Norte,-8.7227,-47.2421
1718550,171855,Riachinho,TO,Tocantins,Norte,-6.44005,-48.1371
1718659,171865,Rio da Conceição,TO,Tocantins,Norte,-11.3949,-46.8847
1718709,171870,Rio dos Bois,TO,Tocantins,Norte,-9.34425,-48.5245
1718758,171875,Rio Sono,TO,Tocantins,Norte,-9.35002,-47.888
1718808,171880,Sampaio,TO,Tocantins,Norte,-5.35423,-47.8782
1718840,171884,Sandolândia,TO,Tocantins,Norte,-12.538,-49.9242
1718865,171886,Santa Fé do Araguaia,TO,Tocantins,Norte,-7.15803,-48.7165
1718881,171888,Santa Maria do Tocantins,TO,Tocantins,Norte,-8.8046,-47.7887
1718899,171889,Santa Rita do Tocantins,TO,Tocantins,Norte,-10.8617,-48.9161
1718907,171890,Santa Rosa do Tocantins,TO,Tocantins,Norte,-11.4474,-48.1216
1719004,171900,Santa Tereza do Tocantins,TO,Tocantins,Norte,-10.2746,-47.8033
1720002,172000,Santa Terezinha do Tocantins,TO,Tocantins,Norte,-6.44438,-47.6684
1720101,172010,São Bento do Tocantins,TO,Tocantins,Norte,-6.0258,-47.9012
1720150,172015,São Félix do Tocantins,TO,Tocantins,Norte,-10.1615,-46.6618
1720200,172020,São Miguel do Tocantins,TO,Tocantins,Norte,-5.56305,-47.5743
1720259,172025,São Salvador do Tocantins,TO,Tocantins,Norte,-12.7458,-48.2352
1720309,172030,São Sebastião do Tocantins,TO,Tocantins,Norte,-5.26131,-48.2021
1720499,172049,São Valério,TO,Tocantins,Norte,-11.9743,-48.2353
1720655,172065,Silvanópolis,TO,Tocantins,Norte,-11.1471,-48.1694
1720804,172080,Sítio Novo do Tocantins,TO,Tocantins,Norte,-5.6012,-47.6381
1720853,172085,Sucupira,TO,Tocantins,Norte,-11.993,-48.9685
1720903,172090,Taguatinga,TO,Tocantins,Norte,-12.4026,-46.437
1720937,172093,Taipas do Tocantins,TO,Tocantins,Norte,-12.1873,-46.9797
1720978,172097,Talismã,TO,Tocantins,Norte,-12.7949,-49.0896
1721000,172100,Palmas,TO,Tocantins,Norte,-10.24,-48.3558
1721109,172110,Tocantínia,TO,Tocantins,Norte,-9.5632,-48.3741
1721208,172120,Tocantinópolis,TO,Tocantins,Norte,-6.32447,-47.4224
1721257,172125,Tupirama,TO,Tocantins,Norte,-8.97168,-48.1883
1721307,172130,Tupiratins,TO,Tocantins,Norte,-8.39388,-48.1277
1722081,172208,Wanderlândia,TO,Tocantins,Norte,-6.85274,-47.9601
1722107,172210,Xambioá,TO,Tocantins,Norte,-6.4141,-48.532
2100055,210005,Açailândia,MA,Maranhão,Nordeste,-4.94714,-47.5004
2100105,210010,Afonso Cunha,MA,Maranhão,Nordeste,-4.13631,-43.3275
2100154,210015,Água Doce do Maranhão,MA,Maranhão,Nordeste,-2.84048,-42.1189
2100204,210020,Alcântara,MA,Maranhão,Nordeste,-2.39574,-44.4062
2100303,210030,Aldeias Altas,MA,Maranhão,Nordeste,-4.62621,-43.4689
2100402,210040,Altamira do Maranhão,MA,Maranhão,Nordeste,-4.16598,-45.4706
2100436,210043,Alto Alegre do Maranhão,MA,Maranhão,Nordeste,-4.213,-44.446
2100477,210047,Alto Alegre do Pindaré,MA,Maranhão,Nordeste,-3.66689,-45.8421
2100501,210050,Alto Parnaíba,MA,Maranhão,Nordeste,-9.10273,-45.9303
2100550,210055,Amapá do Maranhão,MA,Maranhão,Nordeste,-1.67524,-46.0024
2100600,210060,Amarante do Maranhão,MA,Maranhão,Nordeste,-5.56913,-46.7473
2100709,210070,Anajatuba,MA,Maranhão,Nordeste,-3.26269,-44.6126
2100808,210080,Anapurus,MA,Maranhão,Nordeste,-3.67577,-43.1014
2100832,210083,Apicum-Açu,MA,Maranhão,Nordeste,-1.45862,-45.0864
2100873,210087,Araguanã,MA,Maranhão,Nordeste,-2.94644,-45.6589
2100907,210090,Araioses,MA,Maranhão,Nordeste,-2.89091,-41.905
2100956,210095,Arame,MA,Maranhão,Nordeste,-4.88347,-46.0032
2101004,210100,Arari,MA,Maranhão,Nordeste,-3.45214,-44.7665
2101103,210110,Axixá,MA,Maranhão,Nordeste,-2.83939,-44.062
2101202,210120,Bacabal,MA,Maranhão,Nordeste,-4.22447,-44.7832
2101251,210125,Bacabeira,MA,Maranhão,Nordeste,-2.96452,-44.3164
2101301,210130,Bacuri,MA,Maranhão,Nordeste,-1.6965,-45.1328
2101350,210135,Bacurituba,MA,Maranhão,Nordeste,-2.71,-44.7329
2101400,210140,Balsas,MA,Maranhão,Nordeste,-7.53214,-46.0372
2101509,210150,Barão de Grajaú,MA,Maranhão,Nordeste,-6.74463,-43.0261
2101608,210160,Barra do Corda,MA,Maranhão,Nordeste,-5.49682,-45.2485
2101707,210170,Barreirinhas,MA,Maranhão,Nordeste,-2.75863,-42.8232
2101731,210173,Belágua,MA,Maranhão,Nordeste,-3.15485,-43.5122
2101772,210177,Bela Vista do Maranhão,MA,Maranhão,Nordeste,-3.72618,-45.3075
2101806,210180,Benedito Leite,MA,Maranhão,Nordeste,-7.21037,-44.5577
2101905,210190,Bequimão,MA,Maranhão,Nordeste,-2.44162,-44.7842
2101939,210193,Bernardo do Mearim,MA,Maranhão,Nordeste,-4.62666,-44.7608
2101970,210197,Boa Vista do Gurupi,MA,Maranhão,Nordeste,-1.77614,-46.3002
2102002,210200,Bom Jardim,MA,Maranhão,Nordeste,-3.54129,-45.606
2102036,210203,Bom Jesus das Selvas,MA,Maranhão,Nordeste,-4.47638,-46.8641
2102077,210207,Bom Lugar,MA,Maranhão,Nordeste,-4.37311,-45.0326
2102101,210210,Brejo,MA,Maranhão,Nordeste,-3.67796,-42.7527
2102150,210215,Brejo de Areia,MA,Maranhão,Nordeste,-4.334,-45.581
2102200,210220,Buriti,MA,Maranhão,Nordeste,-3.94169,-42.9179
2102309,210230,Buriti Bravo,MA,Maranhão,Nordeste,-5.83239,-43.8353
2102325,210232,Buriticupu,MA,Maranhão,Nordeste,-4.32375,-46.4409
2102358,210235,Buritirana,MA,Maranhão,Nordeste,-5.59823,-47.0131
2102374,210237,Cachoeira Grande,MA,Maranhão,Nordeste,-2.93074,-44.0528
2102408,210240,Cajapió,MA,Maranhão,Nordeste,-2.87326,-44.6741
2102507,210250,Cajari,MA,Maranhão,Nordeste,-3.32742,-45.0145
2102556,210255,Campestre do Maranhão,MA,Maranhão,Nordeste,-6.17075,-47.3625
2102606,210260,Cândido Mendes,MA,Maranhão,Nordeste,-1.43265,-45.7161
2102705,210270,Cantanhede,MA,Maranhão,Nordeste,-3.63757,-44.383
2102754,210275,Capinzal do Norte,MA,Maranhão,Nordeste,-4.7236,-44.328
2102804,210280,Carolina,MA,Maranhão,Nordeste,-7.33584,-47.4634
2102903,210290,Carutapera,MA,Maranhão,Nordeste,-1.19696,-46.0085
2103000,210300,Caxias,MA,Maranhão,Nordeste,-4.86505,-43.3617
2103109,210310,Cedral,MA,Maranhão,Nordeste,-2.00027,-44.5281
2103125,210312,Central do Maranhão,MA,Maranhão,Nordeste,-2.19831,-44.8254
2103158,210315,Centro do Guilherme,MA,Maranhão,Nordeste,-2.44891,-46.0345
2103174,210317,Centro Novo do Maranhão,MA,Maranhão,Nordeste,-2.12696,-46.1228
2103208,210320,Chapadinha,MA,Maranhão,Nordeste,-3.73875,-43.3538
2103257,210325,Cidelândia,MA,Maranhão,Nordeste,-5.17465,-47.7781
2103307,210330,Codó,MA,Maranhão,Nordeste,-4.45562,-43.8924
2103406,210340,Coelho Neto,MA,Maranhão,Nordeste,-4.25245,-43.0108
2103505,210350,Colinas,MA,Maranhão,Nordeste,-6.03199,-44.2543
2103554,210355,Conceição do Lago-Açu,MA,Maranhão,Nordeste,-3.85142,-44.8895
2103604,210360,Coroatá,MA,Maranhão,Nordeste,-4.13442,-44.1244
2103703,210370,Cururupu,MA,Maranhão,Nordeste,-1.81475,-44.8644
2103752,210375,Davinópolis,MA,Maranhão,Nordeste,-5.54637,-47.4217
2103802,210380,Dom Pedro,MA,Maranhão,Nordeste,-5.03518,-44.4409
2103901,210390,Duque Bacelar,MA,Maranhão,Nordeste,-4.15002,-42.9477
2104008,210400,Esperantinópolis,MA,Maranhão,Nordeste,-4.87938,-44.6926
2104057,210405,Estreito,MA,Maranhão,Nordeste,-6.56077,-47.4431
2104073,210407,Feira Nova do Maranhão,MA,Maranhão,Nordeste,-6.96508,-46.6786
2104081,210408,Fernando Falcão,MA,Maranhão,Nordeste,-6.16207,-44.8979
2104099,210409,Formosa da Serra Negra,MA,Maranhão,Nordeste,-6.44017,-46.1916
2104107,210410,Fortaleza dos Nogueiras,MA,Maranhão,Nordeste,-6.95983,-46.1749
2104206,210420,Fortuna,MA,Maranhão,Nordeste,-5.72792,-44.1565
2104305,210430,Godofredo Viana,MA,Maranhão,Nordeste,-1.40259,-45.7795
2104404,210440,Gonçalves Dias,MA,Maranhão,Nordeste,-5.1475,-44.3013
2104503,210450,Governador Archer,MA,Maranhão,Nordeste,-5.02078,-44.2754
2104552,210455,Governador Edison Lobão,MA,Maranhão,Nordeste,-5.74973,-47.3646
2104602,210460,Governador Eugênio Barros,MA,Maranhão,Nordeste,-5.31897,-44.2469
2104628,210462,Governador Luiz Rocha,MA,Maranhão,Nordeste,-5.47835,-44.0774
2104651,210465,Governador Newton Bello,MA,Maranhão,Nordeste,-3.43245,-45.6619
2104677,210467,Governador Nunes Freire,MA,Maranhão,Nordeste,-2.12899,-45.8777
2104701,210470,Graça Aranha,MA,Maranhão,Nordeste,-5.40547,-44.3358
2104800,210480,Grajaú,MA,Maranhão,Nordeste,-5.81367,-46.1462
2104909,210490,Guimarães,MA,Maranhão,Nordeste,-2.12755,-44.602
2105005,210500,Humberto de Campos,MA,Maranhão,Nordeste,-2.59828,-43.4649
2105104,210510,Icatu,MA,Maranhão,Nordeste,-2.77206,-44.0501
2105153,210515,Igarapé do Meio,MA,Maranhão,Nordeste,-3.65771,-45.2114
2105203,210520,Igarapé Grande,MA,Maranhão,Nordeste,-4.6625,-44.8558
2105302,210530,Imperatriz,MA,Maranhão,Nordeste,-5.51847,-47.4777
2105351,210535,Itaipava do Grajaú,MA,Maranhão,Nordeste,-5.14252,-45.7877
2105401,210540,Itapecuru Mirim,MA,Maranhão,Nordeste,-3.40202,-44.3508
2105427,210542,Itinga do Maranhão,MA,Maranhão,Nordeste,-4.45293,-47.5235
2105450,210545,Jatobá,MA,Maranhão,Nordeste,-5.82282,-44.2153
2105476,210547,Jenipapo dos Vieiras,MA,Maranhão,Nordeste,-5.36237,-45.6356
2105500,210550,João Lisboa,MA,Maranhão,Nordeste,-5.44363,-47.4064
2105609,210560,Joselândia,MA,Maranhão,Nordeste,-4.98611,-44.6958
2105658,210565,Junco do Maranhão,MA,Maranhão,Nordeste,-1.83888,-46.09
2105708,210570,Lago da Pedra,MA,Maranhão,Nordeste,-4.56974,-45.1319
2105807,210580,Lago do Junco,MA,Maranhão,Nordeste,-4.609,-45.049
2105906,210590,Lago Verde,MA,Maranhão,Nordeste,-3.94661,-44.826
2105922,210592,Lagoa do Mato,MA,Maranhão,Nordeste,-6.05023,-43.5333
2105948,210594,Lago dos Rodrigues,MA,Maranhão,Nordeste,-4.61173,-44.9798
2105963,210596,Lagoa Grande do Maranhão,MA,Maranhão,Nordeste,-4.98893,-45.3816
2105989,210598,Lajeado Novo,MA,Maranhão,Nordeste,-6.18539,-47.0293
2106003,210600,Lima Campos,MA,Maranhão,Nordeste,-4.51837,-44.4646
2106102,210610,Loreto,MA,Maranhão,Nordeste,-7.08111,-45.1451
2106201,210620,Luís Domingues,MA,Maranhão,Nordeste,-1.27492,-45.867
2106300,210630,Magalhães de Almeida,MA,Maranhão,Nordeste,-3.39232,-42.2117
2106326,210632,Maracaçumé,MA,Maranhão,Nordeste,-2.04918,-45.9587
2106359,210635,Marajá do Sena,MA,Maranhão,Nordeste,-4.62806,-45.4531
2106375,210637,Maranhãozinho,MA,Maranhão,Nordeste,-2.24078,-45.8507
2106409,210640,Mata Roma,MA,Maranhão,Nordeste,-3.62035,-43.1112
2106508,210650,Matinha,MA,Maranhão,Nordeste,-3.09849,-45.035
2106607,210660,Matões,MA,Maranhão,Nordeste,-5.51359,-43.2018
2106631,210663,Matões do Norte,MA,Maranhão,Nordeste,-3.6244,-44.5468
2106672,210667,Milagres do Maranhão,MA,Maranhão,Nordeste,-3.57443,-42.6131
2106706,210670,Mirador,MA,Maranhão,Nordeste,-6.37454,-44.3683
2106755,210675,Miranda do Norte,MA,Maranhão,Nordeste,-3.56313,-44.5814
2106805,210680,Mirinzal,MA,Maranhão,Nordeste,-2.07094,-44.7787
2106904,210690,Monção,MA,Maranhão,Nordeste,-3.48125,-45.2496
2107001,210700,Montes Altos,MA,Maranhão,Nordeste,-5.83067,-47.0673
2107100,210710,Morros,MA,Maranhão,Nordeste,-2.85379,-44.0357
2107209,210720,Nina Rodrigues,MA,Maranhão,Nordeste,-3.46788,-43.9134
2107258,210725,Nova Colinas,MA,Maranhão,Nordeste,-7.12263,-46.2607
2107308,210730,Nova Iorque,MA,Maranhão,Nordeste,-6.73047,-44.0471
2107357,210735,Nova Olinda do Maranhão,MA,Maranhão,Nordeste,-2.84227,-45.6953
2107407,210740,Olho d'Água das Cunhãs,MA,Maranhão,Nordeste,-4.13417,-45.1163
2107456,210745,Olinda Nova do Maranhão,MA,Maranhão,Nordeste,-2.99295,-44.9897
2107506,210750,Paço do Lumiar,MA,Maranhão,Nordeste,-2.51657,-44.1019
2107605,210760,Palmeirândia,MA,Maranhão,Nordeste,-2.64433,-44.8933
2107704,210770,Paraibano,MA,Maranhão,Nordeste,-6.4264,-43.9792
2107803,210780,Parnarama,MA,Maranhão,Nordeste,-5.67365,-43.1011
2107902,210790,Passagem Franca,MA,Maranhão,Nordeste,-6.17745,-43.7755
2108009,210800,Pastos Bons,MA,Maranhão,Nordeste,-6.60296,-44.0745
2108058,210805,Paulino Neves,MA,Maranhão,Nordeste,-2.72094,-42.5258
2108108,210810,Paulo Ramos,MA,Maranhão,Nordeste,-4.44485,-45.2398
2108207,210820,Pedreiras,MA,Maranhão,Nordeste,-4.56482,-44.6006
2108256,210825,Pedro do Rosário,MA,Maranhão,Nordeste,-2.97272,-45.3493
2108306,210830,Penalva,MA,Maranhão,Nordeste,-3.27674,-45.1768
2108405,210840,Peri Mirim,MA,Maranhão,Nordeste,-2.57676,-44.8504
2108454,210845,Peritoró,MA,Maranhão,Nordeste,-4.37459,-44.3369
2108504,210850,Pindaré-Mirim,MA,Maranhão,Nordeste,-3.60985,-45.342
2108603,210860,Pinheiro,MA,Maranhão,Nordeste,-2.52224,-45.0788
2108702,210870,Pio XII,MA,Maranhão,Nordeste,-3.89315,-45.1759
2108801,210880,Pirapemas,MA,Maranhão,Nordeste,-3.72041,-44.2216
2108900,210890,Poção de Pedras,MA,Maranhão,Nordeste,-4.74626,-44.9432
2109007,210900,Porto Franco,MA,Maranhão,Nordeste,-6.34149,-47.3962
2109056,210905,Porto Rico do Maranhão,MA,Maranhão,Nordeste,-1.85925,-44.5842
2109106,210910,Presidente Dutra,MA,Maranhão,Nordeste,-5.2898,-44.495
2109205,210920,Presidente Juscelino,MA,Maranhão,Nordeste,-2.91872,-44.0715
2109239,210923,Presidente Médici,MA,Maranhão,Nordeste,-2.38991,-45.82
2109270,210927,Presidente Sarney,MA,Maranhão,Nordeste,-2.58799,-45.3595
2109304,210930,Presidente Vargas,MA,Maranhão,Nordeste,-3.40787,-44.0234
2109403,210940,Primeira Cruz,MA,Maranhão,Nordeste,-2.50568,-43.4232
2109452,210945,Raposa,MA,Maranhão,Nordeste,-2.4254,-44.0973
2109502,210950,Riachão,MA,Maranhão,Nordeste,-7.35819,-46.6225
2109551,210955,Ribamar Fiquene,MA,Maranhão,Nordeste,-5.93067,-47.3888
2109601,210960,Rosário,MA,Maranhão,Nordeste,-2.93444,-44.2531
2109700,210970,Sambaíba,MA,Maranhão,Nordeste,-7.13447,-45.3515
2109759,210975,Santa Filomena do Maranhão,MA,Maranhão,Nordeste,-5.49671,-44.5638
2109809,210980,Santa Helena,MA,Maranhão,Nordeste,-2.24426,-45.29
2109908,210990,Santa Inês,MA,Maranhão,Nordeste,-3.65112,-45.3774
2110005,211000,Santa Luzia,MA,Maranhão,Nordeste,-4.06873,-45.69
2110039,211003,Santa Luzia do Paruá,MA,Maranhão,Nordeste,-2.51123,-45.7801
2110104,211010,Santa Quitéria do Maranhão,MA,Maranhão,Nordeste,-3.49308,-42.5688
2110203,211020,Santa Rita,MA,Maranhão,Nordeste,-3.14241,-44.3211
2110237,211023,Santana do Maranhão,MA,Maranhão,Nordeste,-3.109,-42.4064
2110278,211027,Santo Amaro do Maranhão,MA,Maranhão,Nordeste,-2.50068,-43.238
2110302,211030,Santo Antônio dos Lopes,MA,Maranhão,Nordeste,-4.86613,-44.3653
2110401,211040,São Benedito do Rio Preto,MA,Maranhão,Nordeste,-3.33515,-43.5287
2110500,211050,São Bento,MA,Maranhão,Nordeste,-2.69781,-44.8289
2110609,211060,São Bernardo,MA,Maranhão,Nordeste,-3.37223,-42.4191
2110658,211065,São Domingos do Azeitão,MA,Maranhão,Nordeste,-6.81471,-44.6509
2110708,211070,São Domingos do Maranhão,MA,Maranhão,Nordeste,-5.58095,-44.3822
2110807,211080,São Félix de Balsas,MA,Maranhão,Nordeste,-7.07535,-44.8092
2110856,211085,São Francisco do Brejão,MA,Maranhão,Nordeste,-5.12584,-47.389
2110906,211090,São Francisco do Maranhão,MA,Maranhão,Nordeste,-6.25159,-42.8668
2111003,211100,São João Batista,MA,Maranhão,Nordeste,-2.95398,-44.7953
2111029,211102,São João do Carú,MA,Maranhão,Nordeste,-3.5503,-46.2507
2111052,211105,São João do Paraíso,MA,Maranhão,Nordeste,-6.45634,-47.0594
2111078,211107,São João do Soter,MA,Maranhão,Nordeste,-5.10821,-43.8163
2111102,211110,São João dos Patos,MA,Maranhão,Nordeste,-6.4934,-43.7036
2111201,211120,São José de Ribamar,MA,Maranhão,Nordeste,-2.54704,-44.0597
2111250,211125,São José dos Basílios,MA,Maranhão,Nordeste,-5.05493,-44.5809
2111300,211130,São Luís,MA,Maranhão,Nordeste,-2.53874,-44.2825
2111409,211140,São Luís Gonzaga do Maranhão,MA,Maranhão,Nordeste,-4.38541,-44.6654
2111508,211150,São Mateus do Maranhão,MA,Maranhão,Nordeste,-4.03736,-44.4707
2111532,211153,São Pedro da Água Branca,MA,Maranhão,Nordeste,-5.08472,-48.4291
2111573,211157,São Pedro dos Crentes,MA,Maranhão,Nordeste,-6.82389,-46.5319
2111607,211160,São Raimundo das Mangabeiras,MA,Maranhão,Nordeste,-7.02183,-45.4809
2111631,211163,São Raimundo do Doca Bezerra,MA,Maranhão,Nordeste,-5.11053,-45.0696
2111672,211167,São Roberto,MA,Maranhão,Nordeste,-5.0231,-45.001
2111706,211170,São Vicente Ferrer,MA,Maranhão,Nordeste,-2.89487,-44.8681
2111722,211172,Satubinha,MA,Maranhão,Nordeste,-4.04913,-45.2457
2111748,211174,Senador Alexandre Costa,MA,Maranhão,Nordeste,-5.25096,-44.0533
2111763,211176,Senador La Rocque,MA,Maranhão,Nordeste,-5.4461,-47.2959
2111789,211178,Serrano do Maranhão,MA,Maranhão,Nordeste,-1.85229,-45.1207
2111805,211180,Sítio Novo,MA,Maranhão,Nordeste,-5.87601,-46.7033
2111904,211190,Sucupira do Norte,MA,Maranhão,Nordeste,-6.47839,-44.1919
2111953,211195,Sucupira do Riachão,MA,Maranhão,Nordeste,-6.40858,-43.5455
2112001,211200,Tasso Fragoso,MA,Maranhão,Nordeste,-8.4662,-45.7536
2112100,211210,Timbiras,MA,Maranhão,Nordeste,-4.25597,-43.932
2112209,211220,Timon,MA,Maranhão,Nordeste,-5.09769,-42.8329
2112233,211223,Trizidela do Vale,MA,Maranhão,Nordeste,-4.538,-44.628
2112274,211227,Tufilândia,MA,Maranhão,Nordeste,-3.67355,-45.6238
2112308,211230,Tuntum,MA,Maranhão,Nordeste,-5.25476,-44.6444
2112407,211240,Turiaçu,MA,Maranhão,Nordeste,-1.65893,-45.3798
2112456,211245,Turilândia,MA,Maranhão,Nordeste,-2.21638,-45.3044
2112506,211250,Tutóia,MA,Maranhão,Nordeste,-2.76141,-42.2755
2112605,211260,Urbano Santos,MA,Maranhão,Nordeste,-3.20642,-43.3878
2112704,211270,Vargem Grande,MA,Maranhão,Nordeste,-3.53639,-43.917
2112803,211280,Viana,MA,Maranhão,Nordeste,-3.20451,-44.9912
2112852,211285,Vila Nova dos Martírios,MA,Maranhão,Nordeste,-5.18889,-48.1336
2112902,211290,Vitória do Mearim,MA,Maranhão,Nordeste,-3.45125,-44.8643
2113009,211300,Vitorino Freire,MA,Maranhão,Nordeste,-4.28184,-45.2505
2114007,211400,Zé Doca,MA,Maranhão,Nordeste,-3.27014,-45.6553
2200053,220005,Acauã,PI,Piauí,Nordeste,-8.21954,-41.0831
2200103,220010,Agricolândia,PI,Piauí,Nordeste,-5.79676,-42.6664
2200202,220020,Água Branca,PI,Piauí,Nordeste,-5.88856,-42.637
2200251,220025,Alagoinha do Piauí,PI,Piauí,Nordeste,-7.00039,-40.9282
2200277,220027,Alegrete do Piauí,PI,Piauí,Nordeste,-7.24196,-40.8566
2200301,220030,Alto Longá,PI,Piauí,Nordeste,-5.25634,-42.2096
2200400,220040,Altos,PI,Piauí,Nordeste,-5.03888,-42.4612
2200459,220045,Alvorada do Gurguéia,PI,Piauí,Nordeste,-8.42418,-43.777
2200509,220050,Amarante,PI,Piauí,Nordeste,-6.24304,-42.8433
2200608,220060,Angical do Piauí,PI,Piauí,Nordeste,-6.08786,-42.74
2200707,220070,Anísio de Abreu,PI,Piauí,Nordeste,-9.18564,-43.0494
2200806,220080,Antônio Almeida,PI,Piauí,Nordeste,-7.21276,-44.1889
2200905,220090,Aroazes,PI,Piauí,Nordeste,-6.11022,-41.7822
2200954,220095,Aroeiras do Itaim,PI,Piauí,Nordeste,-7.24502,-41.5325
2201002,220100,Arraial,PI,Piauí,Nordeste,-6.65075,-42.5418
2201051,220105,Assunção do Piauí,PI,Piauí,Nordeste,-5.865,-41.0389
2201101,220110,Avelino Lopes,PI,Piauí,Nordeste,-10.1345,-43.9563
2201150,220115,Baixa Grande do Ribeiro,PI,Piauí,Nordeste,-7.84903,-45.219
2201176,220117,Barra D'Alcântara,PI,Piauí,Nordeste,-6.51645,-42.1146
2201200,220120,Barras,PI,Piauí,Nordeste,-4.24468,-42.2922
2201309,220130,Barreiras do Piauí,PI,Piauí,Nordeste,-9.9296,-45.4702
2201408,220140,Barro Duro,PI,Piauí,Nordeste,-5.81673,-42.5147
2201507,220150,Batalha,PI,Piauí,Nordeste,-4.0223,-42.0787
2201556,220155,Bela Vista do Piauí,PI,Piauí,Nordeste,-7.98809,-41.8675
2201572,220157,Belém do Piauí,PI,Piauí,Nordeste,-7.36652,-40.9688
2201606,220160,Beneditinos,PI,Piauí,Nordeste,-5.45676,-42.3638
2201705,220170,Bertolínia,PI,Piauí,Nordeste,-7.63338,-43.9498
2201739,220173,Betânia do Piauí,PI,Piauí,Nordeste,-8.14376,-40.7989
2201770,220177,Boa Hora,PI,Piauí,Nordeste,-4.41404,-42.1357
2201804,220180,Bocaina,PI,Piauí,Nordeste,-6.94124,-41.3168
2201903,220190,Bom Jesus,PI,Piauí,Nordeste,-9.07124,-44.359
2201919,220191,Bom Princípio do Piauí,PI,Piauí,Nordeste,-3.19631,-41.6403
2201929,220192,Bonfim do Piauí,PI,Piauí,Nordeste,-9.1605,-42.8865
2201945,220194,Boqueirão do Piauí,PI,Piauí,Nordeste,-4.48181,-42.1212
2201960,220196,Brasileira,PI,Piauí,Nordeste,-4.1337,-41.7859
2201988,220198,Brejo do Piauí,PI,Piauí,Nordeste,-8.20314,-42.8229
2202000,220200,Buriti dos Lopes,PI,Piauí,Nordeste,-3.18259,-41.8695
2202026,220202,Buriti dos Montes,PI,Piauí,Nordeste,-5.30584,-41.0933
2202059,220205,Cabeceiras do Piauí,PI,Piauí,Nordeste,-4.4773,-42.3069
2202075,220207,Cajazeiras do Piauí,PI,Piauí,Nordeste,-6.79667,-42.3903
2202083,220208,Cajueiro da Praia,PI,Piauí,Nordeste,-2.93111,-41.3408
2202091,220209,Caldeirão Grande do Piauí,PI,Piauí,Nordeste,-7.3314,-40.6366
2202109,220210,Campinas do Piauí,PI,Piauí,Nordeste,-7.6593,-41.8775
2202117,220211,Campo Alegre do Fidalgo,PI,Piauí,Nordeste,-8.38236,-41.8344
2202133,220213,Campo Grande do Piauí,PI,Piauí,Nordeste,-7.12827,-41.0315
2202174,220217,Campo Largo do Piauí,PI,Piauí,Nordeste,-3.80441,-42.64
2202208,220220,Campo Maior,PI,Piauí,Nordeste,-4.8217,-42.1641
2202251,220225,Canavieira,PI,Piauí,Nordeste,-7.68821,-43.7233
2202307,220230,Canto do Buriti,PI,Piauí,Nordeste,-8.1111,-42.9517
2202406,220240,Capitão de Campos,PI,Piauí,Nordeste,-4.457,-41.944
2202455,220245,Capitão Gervásio Oliveira,PI,Piauí,Nordeste,-8.49655,-41.814
2202505,220250,Caracol,PI,Piauí,Nordeste,-9.27933,-43.329
2202539,220253,Caraúbas do Piauí,PI,Piauí,Nordeste,-3.47525,-41.8425
2202554,220255,Caridade do Piauí,PI,Piauí,Nordeste,-7.73435,-40.9848
2202604,220260,Castelo do Piauí,PI,Piauí,Nordeste,-5.31869,-41.5499
2202653,220265,Caxingó,PI,Piauí,Nordeste,-3.41904,-41.8955
2202703,220270,Cocal,PI,Piauí,Nordeste,-3.47279,-41.5546
2202711,220271,Cocal de Telha,PI,Piauí,Nordeste,-4.5571,-41.9587
2202729,220272,Cocal dos Alves,PI,Piauí,Nordeste,-3.62047,-41.4402
2202737,220273,Coivaras,PI,Piauí,Nordeste,-5.09224,-42.208
2202752,220275,Colônia do Gurguéia,PI,Piauí,Nordeste,-8.1837,-43.794
2202778,220277,Colônia do Piauí,PI,Piauí,Nordeste,-7.22651,-42.1756
2202802,220280,Conceição do Canindé,PI,Piauí,Nordeste,-7.87638,-41.5942
2202851,220285,Coronel José Dias,PI,Piauí,Nordeste,-8.81397,-42.5232
2202901,220290,Corrente,PI,Piauí,Nordeste,-10.4333,-45.1633
2203008,220300,Cristalândia do Piauí,PI,Piauí,Nordeste,-10.6443,-45.1893
2203107,220310,Cristino Castro,PI,Piauí,Nordeste,-8.82273,-44.223
2203206,220320,Curimatá,PI,Piauí,Nordeste,-10.0326,-44.3002
2203230,220323,Currais,PI,Piauí,Nordeste,-9.01175,-44.4062
2203255,220325,Curralinhos,PI,Piauí,Nordeste,-5.60825,-42.8376
2203271,220327,Curral Novo do Piauí,PI,Piauí,Nordeste,-7.8313,-40.8957
2203305,220330,Demerval Lobão,PI,Piauí,Nordeste,-5.35875,-42.6776
2203354,220335,Dirceu Arcoverde,PI,Piauí,Nordeste,-9.33939,-42.4348
2203404,220340,Dom Expedito Lopes,PI,Piauí,Nordeste,-6.95332,-41.6396
2203420,220342,Domingos Mourão,PI,Piauí,Nordeste,-4.2495,-41.2683
2203453,220345,Dom Inocêncio,PI,Piauí,Nordeste,-9.00516,-41.9697
2203503,220350,Elesbão Veloso,PI,Piauí,Nordeste,-6.19947,-42.1355
2203602,220360,Eliseu Martins,PI,Piauí,Nordeste,-8.09629,-43.6705
2203701,220370,Esperantina,PI,Piauí,Nordeste,-3.88863,-42.2324
2203750,220375,Fartura do Piauí,PI,Piauí,Nordeste,-9.48342,-42.7912
2203800,220380,Flores do Piauí,PI,Piauí,Nordeste,-7.78793,-42.918
2203859,220385,Floresta do Piauí,PI,Piauí,Nordeste,-7.46682,-41.7883
2203909,220390,Floriano,PI,Piauí,Nordeste,-6.77182,-43.0241
2204006,220400,Francinópolis,PI,Piauí,Nordeste,-6.39334,-42.2591
2204105,220410,Francisco Ayres,PI,Piauí,Nordeste,-6.62606,-42.6881
2204154,220415,Francisco Macedo,PI,Piauí,Nordeste,-7.331,-40.788
2204204,220420,Francisco Santos,PI,Piauí,Nordeste,-6.99491,-41.1288
2204303,220430,Fronteiras,PI,Piauí,Nordeste,-7.08173,-40.6146
2204352,220435,Geminiano,PI,Piauí,Nordeste,-7.15476,-41.3409
2204402,220440,Gilbués,PI,Piauí,Nordeste,-9.83001,-45.3423
2204501,220450,Guadalupe,PI,Piauí,Nordeste,-6.78285,-43.5594
2204550,220455,Guaribas,PI,Piauí,Nordeste,-9.38647,-43.6943
2204600,220460,Hugo Napoleão,PI,Piauí,Nordeste,-5.9886,-42.5598
2204659,220465,Ilha Grande,PI,Piauí,Nordeste,-2.85774,-41.8186
2204709,220470,Inhuma,PI,Piauí,Nordeste,-6.665,-41.7041
2204808,220480,Ipiranga do Piauí,PI,Piauí,Nordeste,-6.82421,-41.7381
2204907,220490,Isaías Coelho,PI,Piauí,Nordeste,-7.73597,-41.6735
2205003,220500,Itainópolis,PI,Piauí,Nordeste,-7.44336,-41.4687
2205102,220510,Itaueira,PI,Piauí,Nordeste,-7.59989,-43.0249
2205151,220515,Jacobina do Piauí,PI,Piauí,Nordeste,-7.93063,-41.2075
2205201,220520,Jaicós,PI,Piauí,Nordeste,-7.36229,-41.1371
2205250,220525,Jardim do Mulato,PI,Piauí,Nordeste,-6.099,-42.63
2205276,220527,Jatobá do Piauí,PI,Piauí,Nordeste,-4.77025,-41.817
2205300,220530,Jerumenha,PI,Piauí,Nordeste,-7.09128,-43.5033
2205359,220535,João Costa,PI,Piauí,Nordeste,-8.50736,-42.4264
2205409,220540,Joaquim Pires,PI,Piauí,Nordeste,-3.50164,-42.1865
2205458,220545,Joca Marques,PI,Piauí,Nordeste,-3.4804,-42.4255
2205508,220550,José de Freitas,PI,Piauí,Nordeste,-4.75146,-42.5746
2205516,220551,Juazeiro do Piauí,PI,Piauí,Nordeste,-5.17459,-41.6976
2205524,220552,Júlio Borges,PI,Piauí,Nordeste,-10.3225,-44.2381
2205532,220553,Jurema,PI,Piauí,Nordeste,-9.21992,-43.1337
2205540,220554,Lagoinha do Piauí,PI,Piauí,Nordeste,-5.83074,-42.6223
2205557,220555,Lagoa Alegre,PI,Piauí,Nordeste,-4.51539,-42.6309
2205565,220556,Lagoa do Barro do Piauí,PI,Piauí,Nordeste,-8.47673,-41.5342
2205573,220557,Lagoa de São Francisco,PI,Piauí,Nordeste,-4.38505,-41.5969
2205581,220558,Lagoa do Piauí,PI,Piauí,Nordeste,-5.41864,-42.6437
2205599,220559,Lagoa do Sítio,PI,Piauí,Nordeste,-6.50766,-41.5653
2205607,220560,Landri Sales,PI,Piauí,Nordeste,-7.25922,-43.9364
2205706,220570,Luís Correia,PI,Piauí,Nordeste,-2.88438,-41.6641
2205805,220580,Luzilândia,PI,Piauí,Nordeste,-3.4683,-42.3718
2205854,220585,Madeiro,PI,Piauí,Nordeste,-3.48624,-42.4981
2205904,220590,Manoel Emídio,PI,Piauí,Nordeste,-8.01234,-43.8755
2205953,220595,Marcolândia,PI,Piauí,Nordeste,-7.44169,-40.6602
2206001,220600,Marcos Parente,PI,Piauí,Nordeste,-7.11565,-43.8926
2206050,220605,Massapê do Piauí,PI,Piauí,Nordeste,-7.47469,-41.1103
2206100,220610,Matias Olímpio,PI,Piauí,Nordeste,-3.71492,-42.5507
2206209,220620,Miguel Alves,PI,Piauí,Nordeste,-4.16857,-42.8963
2206308,220630,Miguel Leão,PI,Piauí,Nordeste,-5.68077,-42.7436
2206357,220635,Milton Brandão,PI,Piauí,Nordeste,-4.68295,-41.4173
2206407,220640,Monsenhor Gil,PI,Piauí,Nordeste,-5.562,-42.6075
2206506,220650,Monsenhor Hipólito,PI,Piauí,Nordeste,-6.99275,-41.026
2206605,220660,Monte Alegre do Piauí,PI,Piauí,Nordeste,-9.75364,-45.3037
2206654,220665,Morro Cabeça no Tempo,PI,Piauí,Nordeste,-9.71891,-43.9072
2206670,220667,Morro do Chapéu do Piauí,PI,Piauí,Nordeste,-3.73337,-42.3024
2206696,220669,Murici dos Portelas,PI,Piauí,Nordeste,-3.319,-42.094
2206704,220670,Nazaré do Piauí,PI,Piauí,Nordeste,-6.97023,-42.6773
2206720,220672,Nazária,PI,Piauí,Nordeste,-5.35128,-42.8153
2206753,220675,Nossa Senhora de Nazaré,PI,Piauí,Nordeste,-4.63019,-42.173
2206803,220680,Nossa Senhora dos Remédios,PI,Piauí,Nordeste,-3.97574,-42.6184
2206902,220690,Novo Oriente do Piauí,PI,Piauí,Nordeste,-6.44901,-41.9261
2206951,220695,Novo Santo Antônio,PI,Piauí,Nordeste,-5.28749,-41.9325
2207009,220700,Oeiras,PI,Piauí,Nordeste,-7.01915,-42.1283
2207108,220710,Olho D'Água do Piauí,PI,Piauí,Nordeste,-5.84125,-42.5594
2207207,220720,Padre Marcos,PI,Piauí,Nordeste,-7.35101,-40.8997
2207306,220730,Paes Landim,PI,Piauí,Nordeste,-7.77375,-42.2474
2207355,220735,Pajeú do Piauí,PI,Piauí,Nordeste,-7.85508,-42.8248
2207405,220740,Palmeira do Piauí,PI,Piauí,Nordeste,-8.73076,-44.2466
2207504,220750,Palmeirais,PI,Piauí,Nordeste,-5.97086,-43.056
2207553,220755,Paquetá,PI,Piauí,Nordeste,-7.10303,-41.7
2207603,220760,Parnaguá,PI,Piauí,Nordeste,-10.2166,-44.63
2207702,220770,Parnaíba,PI,Piauí,Nordeste,-2.90585,-41.7754
2207751,220775,Passagem Franca do Piauí,PI,Piauí,Nordeste,-5.86036,-42.4436
2207777,220777,Patos do Piauí,PI,Piauí,Nordeste,-7.67231,-41.2408
2207793,220779,Pau D'Arco do Piauí,PI,Piauí,Nordeste,-5.26072,-42.3908
2207801,220780,Paulistana,PI,Piauí,Nordeste,-8.13436,-41.1431
2207850,220785,Pavussu,PI,Piauí,Nordeste,-7.96059,-43.2284
2207900,220790,Pedro II,PI,Piauí,Nordeste,-4.42585,-41.4482
2207934,220793,Pedro Laurentino,PI,Piauí,Nordeste,-8.06807,-42.2847
2207959,220795,Nova Santa Rita,PI,Piauí,Nordeste,-8.09707,-42.0471
2208007,220800,Picos,PI,Piauí,Nordeste,-7.07721,-41.467
2208106,220810,Pimenteiras,PI,Piauí,Nordeste,-6.23839,-41.4113
2208205,220820,Pio IX,PI,Piauí,Nordeste,-6.83002,-40.6083
2208304,220830,Piracuruca,PI,Piauí,Nordeste,-3.93335,-41.7088
2208403,220840,Piripiri,PI,Piauí,Nordeste,-4.27157,-41.7716
2208502,220850,Porto,PI,Piauí,Nordeste,-3.88815,-42.6998
2208551,220855,Porto Alegre do Piauí,PI,Piauí,Nordeste,-6.96423,-44.1837
2208601,220860,Prata do Piauí,PI,Piauí,Nordeste,-5.67265,-42.2046
2208650,220865,Queimada Nova,PI,Piauí,Nordeste,-8.57064,-41.4106
2208700,220870,Redenção do Gurguéia,PI,Piauí,Nordeste,-9.47937,-44.5811
2208809,220880,Regeneração,PI,Piauí,Nordeste,-6.23115,-42.6842
2208858,220885,Riacho Frio,PI,Piauí,Nordeste,-10.1244,-44.9503
2208874,220887,Ribeira do Piauí,PI,Piauí,Nordeste,-7.69028,-42.7128
2208908,220890,Ribeiro Gonçalves,PI,Piauí,Nordeste,-7.55651,-45.2447
2209005,220900,Rio Grande do Piauí,PI,Piauí,Nordeste,-7.78029,-43.1369
2209104,220910,Santa Cruz do Piauí,PI,Piauí,Nordeste,-7.1785,-41.7609
2209153,220915,Santa Cruz dos Milagres,PI,Piauí,Nordeste,-5.80581,-41.9506
2209203,220920,Santa Filomena,PI,Piauí,Nordeste,-9.11228,-45.9116
2209302,220930,Santa Luz,PI,Piauí,Nordeste,-8.9488,-44.1296
2209351,220935,Santana do Piauí,PI,Piauí,Nordeste,-6.94696,-41.5178
2209377,220937,Santa Rosa do Piauí,PI,Piauí,Nordeste,-6.79581,-42.2814
2209401,220940,Santo Antônio de Lisboa,PI,Piauí,Nordeste,-6.98676,-41.2252
2209450,220945,Santo Antônio dos Milagres,PI,Piauí,Nordeste,-6.04647,-42.7123
2209500,220950,Santo Inácio do Piauí,PI,Piauí,Nordeste,-7.42072,-41.9063
2209559,220955,São Braz do Piauí,PI,Piauí,Nordeste,-9.05797,-43.0076
2209609,220960,São Félix do Piauí,PI,Piauí,Nordeste,-5.93485,-42.1172
2209658,220965,São Francisco de Assis do Piauí,PI,Piauí,Nordeste,-8.23599,-41.6873
2209708,220970,São Francisco do Piauí,PI,Piauí,Nordeste,-7.2463,-42.541
2209757,220975,São Gonçalo do Gurguéia,PI,Piauí,Nordeste,-10.0319,-45.3092
2209807,220980,São Gonçalo do Piauí,PI,Piauí,Nordeste,-5.99393,-42.7095
2209856,220985,São João da Canabrava,PI,Piauí,Nordeste,-6.81203,-41.3415
2209872,220987,São João da Fronteira,PI,Piauí,Nordeste,-3.95497,-41.2569
2209906,220990,São João da Serra,PI,Piauí,Nordeste,-5.51081,-41.8923
2209955,220995,São João da Varjota,PI,Piauí,Nordeste,-6.94082,-41.8889
2209971,220997,São João do Arraial,PI,Piauí,Nordeste,-3.8186,-42.4459
2210003,221000,São João do Piauí,PI,Piauí,Nordeste,-8.35466,-42.2559
2210052,221005,São José do Divino,PI,Piauí,Nordeste,-3.81411,-41.8308
2210102,221010,São José do Peixe,PI,Piauí,Nordeste,-7.48554,-42.5672
2210201,221020,São José do Piauí,PI,Piauí,Nordeste,-6.87194,-41.4731
2210300,221030,São Julião,PI,Piauí,Nordeste,-7.08391,-40.8246
2210359,221035,São Lourenço do Piauí,PI,Piauí,Nordeste,-9.16463,-42.5496
2210375,221037,São Luis do Piauí,PI,Piauí,Nordeste,-6.81936,-41.3175
2210383,221038,São Miguel da Baixa Grande,PI,Piauí,Nordeste,-5.85646,-42.1934
2210391,221039,São Miguel do Fidalgo,PI,Piauí,Nordeste,-7.59713,-42.3676
2210409,221040,São Miguel do Tapuio,PI,Piauí,Nordeste,-5.49729,-41.3165
2210508,221050,São Pedro do Piauí,PI,Piauí,Nordeste,-5.92078,-42.7192
2210607,221060,São Raimundo Nonato,PI,Piauí,Nordeste,-9.01241,-42.6987
2210623,221062,Sebastião Barros,PI,Piauí,Nordeste,-10.817,-44.8337
2210631,221063,Sebastião Leal,PI,Piauí,Nordeste,-7.56803,-44.06
2210656,221065,Sigefredo Pacheco,PI,Piauí,Nordeste,-4.91665,-41.7311
2210706,221070,Simões,PI,Piauí,Nordeste,-7.59109,-40.8137
2210805,221080,Simplício Mendes,PI,Piauí,Nordeste,-7.85294,-41.9075
2210904,221090,Socorro do Piauí,PI,Piauí,Nordeste,-7.86773,-42.4922
2210938,221093,Sussuapara,PI,Piauí,Nordeste,-7.03687,-41.3767
2210953,221095,Tamboril do Piauí,PI,Piauí,Nordeste,-8.40937,-42.9211
2210979,221097,Tanque do Piauí,PI,Piauí,Nordeste,-6.59787,-42.2795
2211001,221100,Teresina,PI,Piauí,Nordeste,-5.09194,-42.8034
2211100,221110,União,PI,Piauí,Nordeste,-4.58571,-42.8583
2211209,221120,Uruçuí,PI,Piauí,Nordeste,-7.23944,-44.5577
2211308,221130,Valença do Piauí,PI,Piauí,Nordeste,-6.40301,-41.7375
2211357,221135,Várzea Branca,PI,Piauí,Nordeste,-9.238,-42.9692
2211407,221140,Várzea Grande,PI,Piauí,Nordeste,-6.54899,-42.248
2211506,221150,Vera Mendes,PI,Piauí,Nordeste,-7.59748,-41.4673
2211605,221160,Vila Nova do Piauí,PI,Piauí,Nordeste,-7.13272,-40.9345
2211704,221170,Wall Ferraz,PI,Piauí,Nordeste,-7.23151,-41.905
2300101,230010,Abaiara,CE,Ceará,Nordeste,-7.34588,-39.0416
2300150,230015,Acarape,CE,Ceará,Nordeste,-4.22083,-38.7055
2300200,230020,Acaraú,CE,Ceará,Nordeste,-2.88769,-40.1183
2300309,230030,Acopiara,CE,Ceará,Nordeste,-6.08911,-39.448
2300408,230040,Aiuaba,CE,Ceará,Nordeste,-6.57122,-40.1178
2300507,230050,Alcântaras,CE,Ceará,Nordeste,-3.58537,-40.5479
2300606,230060,Altaneira,CE,Ceará,Nordeste,-6.99837,-39.7356
2300705,230070,Alto Santo,CE,Ceará,Nordeste,-5.50894,-38.2743
2300754,230075,Amontada,CE,Ceará,Nordeste,-3.36017,-39.8288
2300804,230080,Antonina do Norte,CE,Ceará,Nordeste,-6.76919,-39.987
2300903,230090,Apuiarés,CE,Ceará,Nordeste,-3.94506,-39.4359
2301000,230100,Aquiraz,CE,Ceará,Nordeste,-3.89929,-38.3896
2301109,230110,Aracati,CE,Ceará,Nordeste,-4.55826,-37.7679
2301208,230120,Aracoiaba,CE,Ceará,Nordeste,-4.36872,-38.8125
2301257,230125,Ararendá,CE,Ceará,Nordeste,-4.74567,-40.831
2301307,230130,Araripe,CE,Ceará,Nordeste,-7.21319,-40.1359
2301406,230140,Aratuba,CE,Ceará,Nordeste,-4.41229,-39.0471
2301505,230150,Arneiroz,CE,Ceará,Nordeste,-6.3165,-40.1653
2301604,230160,Assaré,CE,Ceará,Nordeste,-6.8669,-39.8689
2301703,230170,Aurora,CE,Ceará,Nordeste,-6.93349,-38.9742
2301802,230180,Baixio,CE,Ceará,Nordeste,-6.71945,-38.7134
2301851,230185,Banabuiú,CE,Ceará,Nordeste,-5.30454,-38.9132
2301901,230190,Barbalha,CE,Ceará,Nordeste,-7.2982,-39.3021
2301950,230195,Barreira,CE,Ceará,Nordeste,-4.28921,-38.6429
2302008,230200,Barro,CE,Ceará,Nordeste,-7.17188,-38.7741
2302057,230205,Barroquinha,CE,Ceará,Nordeste,-3.02051,-41.1358
2302107,230210,Baturité,CE,Ceará,Nordeste,-4.32598,-38.8812
2302206,230220,Beberibe,CE,Ceará,Nordeste,-4.17741,-38.1271
2302305,230230,Bela Cruz,CE,Ceará,Nordeste,-3.04996,-40.1671
2302404,230240,Boa Viagem,CE,Ceará,Nordeste,-5.11258,-39.7337
2302503,230250,Brejo Santo,CE,Ceará,Nordeste,-7.48469,-38.9799
2302602,230260,Camocim,CE,Ceará,Nordeste,-2.9005,-40.8544
2302701,230270,Campos Sales,CE,Ceará,Nordeste,-7.06761,-40.3687
2302800,230280,Canindé,CE,Ceará,Nordeste,-4.35162,-39.3155
2302909,230290,Capistrano,CE,Ceará,Nordeste,-4.45569,-38.9048
2303006,230300,Caridade,CE,Ceará,Nordeste,-4.22514,-39.1912
2303105,230310,Cariré,CE,Ceará,Nordeste,-3.94858,-40.476
2303204,230320,Caririaçu,CE,Ceará,Nordeste,-7.02808,-39.2828
2303303,230330,Cariús,CE,Ceará,Nordeste,-6.52428,-39.4916
2303402,230340,Carnaubal,CE,Ceará,Nordeste,-4.15985,-40.9413
2303501,230350,Cascavel,CE,Ceará,Nordeste,-4.12967,-38.2412
2303600,230360,Catarina,CE,Ceará,Nordeste,-6.12291,-39.8736
2303659,230365,Catunda,CE,Ceará,Nordeste,-4.64336,-40.2
2303709,230370,Caucaia,CE,Ceará,Nordeste,-3.72797,-38.6619
2303808,230380,Cedro,CE,Ceará,Nordeste,-6.60034,-39.0609
2303907,230390,Chaval,CE,Ceará,Nordeste,-3.03571,-41.2435
2303931,230393,Choró,CE,Ceará,Nordeste,-4.83906,-39.1344
2303956,230395,Chorozinho,CE,Ceará,Nordeste,-4.28873,-38.4986
2304004,230400,Coreaú,CE,Ceará,Nordeste,-3.5415,-40.6587
2304103,230410,Crateús,CE,Ceará,Nordeste,-5.16768,-40.6536
2304202,230420,Crato,CE,Ceará,Nordeste,-7.2153,-39.4103
2304236,230423,Croatá,CE,Ceará,Nordeste,-4.40481,-40.9022
2304251,230425,Cruz,CE,Ceará,Nordeste,-2.91813,-40.176
2304269,230426,Deputado Irapuan Pinheiro,CE,Ceará,Nordeste,-5.91485,-39.257
2304277,230427,Ererê,CE,Ceará,Nordeste,-6.02751,-38.3461
2304285,230428,Eusébio,CE,Ceará,Nordeste,-3.8925,-38.4559
2304301,230430,Farias Brito,CE,Ceará,Nordeste,-6.92146,-39.5651
2304350,230435,Forquilha,CE,Ceará,Nordeste,-3.79945,-40.2634
2304400,230440,Fortaleza,CE,Ceará,Nordeste,-3.71664,-38.5423
2304459,230445,Fortim,CE,Ceará,Nordeste,-4.45126,-37.7981
2304509,230450,Frecheirinha,CE,Ceará,Nordeste,-3.75557,-40.818
2304608,230460,General Sampaio,CE,Ceará,Nordeste,-4.04351,-39.454
2304657,230465,Graça,CE,Ceará,Nordeste,-4.04422,-40.749
2304707,230470,Granja,CE,Ceará,Nordeste,-3.12788,-40.8372
2304806,230480,Granjeiro,CE,Ceará,Nordeste,-6.88134,-39.2144
2304905,230490,Groaíras,CE,Ceará,Nordeste,-3.91787,-40.3852
2304954,230495,Guaiúba,CE,Ceará,Nordeste,-4.04057,-38.6404
2305001,230500,Guaraciaba do Norte,CE,Ceará,Nordeste,-4.15814,-40.7476
2305100,230510,Guaramiranga,CE,Ceará,Nordeste,-4.26248,-38.932
2305209,230520,Hidrolândia,CE,Ceará,Nordeste,-4.40958,-40.4056
2305233,230523,Horizonte,CE,Ceará,Nordeste,-4.1209,-38.4707
2305266,230526,Ibaretama,CE,Ceará,Nordeste,-4.80376,-38.7501
2305308,230530,Ibiapina,CE,Ceará,Nordeste,-3.92403,-40.8911
2305332,230533,Ibicuitinga,CE,Ceará,Nordeste,-4.96999,-38.6362
2305357,230535,Icapuí,CE,Ceará,Nordeste,-4.71206,-37.3531
2305407,230540,Icó,CE,Ceará,Nordeste,-6.39627,-38.8554
2305506,230550,Iguatu,CE,Ceará,Nordeste,-6.36281,-39.2892
2305605,230560,Independência,CE,Ceará,Nordeste,-5.38789,-40.3085
2305654,230565,Ipaporanga,CE,Ceará,Nordeste,-4.89764,-40.7537
2305704,230570,Ipaumirim,CE,Ceará,Nordeste,-6.78265,-38.7179
2305803,230580,Ipu,CE,Ceará,Nordeste,-4.31748,-40.7059
2305902,230590,Ipueiras,CE,Ceará,Nordeste,-4.53802,-40.7118
2306009,230600,Iracema,CE,Ceará,Nordeste,-5.8124,-38.2919
2306108,230610,Irauçuba,CE,Ceará,Nordeste,-3.74737,-39.7843
2306207,230620,Itaiçaba,CE,Ceará,Nordeste,-4.67146,-37.833
2306256,230625,Itaitinga,CE,Ceará,Nordeste,-3.96577,-38.5298
2306306,230630,Itapajé,CE,Ceará,Nordeste,-3.68314,-39.5855
2306405,230640,Itapipoca,CE,Ceará,Nordeste,-3.49933,-39.5836
2306504,230650,Itapiúna,CE,Ceará,Nordeste,-4.55516,-38.9281
2306553,230655,Itarema,CE,Ceará,Nordeste,-2.9248,-39.9167
2306603,230660,Itatira,CE,Ceará,Nordeste,-4.52608,-39.6202
2306702,230670,Jaguaretama,CE,Ceará,Nordeste,-5.6051,-38.7639
2306801,230680,Jaguaribara,CE,Ceará,Nordeste,-5.67765,-38.5359
2306900,230690,Jaguaribe,CE,Ceará,Nordeste,-5.90213,-38.6227
2307007,230700,Jaguaruana,CE,Ceará,Nordeste,-4.83151,-37.781
2307106,230710,Jardim,CE,Ceará,Nordeste,-7.57599,-39.2826
2307205,230720,Jati,CE,Ceará,Nordeste,-7.6797,-39.0029
2307254,230725,Jijoca de Jericoacoara,CE,Ceará,Nordeste,-2.79331,-40.5127
2307304,230730,Juazeiro do Norte,CE,Ceará,Nordeste,-7.19621,-39.3076
2307403,230740,Jucás,CE,Ceará,Nordeste,-6.51523,-39.5187
2307502,230750,Lavras da Mangabeira,CE,Ceará,Nordeste,-6.7448,-38.9706
2307601,230760,Limoeiro do Norte,CE,Ceará,Nordeste,-5.14392,-38.0847
2307635,230763,Madalena,CE,Ceará,Nordeste,-4.84601,-39.5725
2307650,230765,Maracanaú,CE,Ceará,Nordeste,-3.86699,-38.6259
2307700,230770,Maranguape,CE,Ceará,Nordeste,-3.89143,-38.6829
2307809,230780,Marco,CE,Ceará,Nordeste,-3.1285,-40.1582
2307908,230790,Martinópole,CE,Ceará,Nordeste,-3.2252,-40.6896
2308005,230800,Massapê,CE,Ceará,Nordeste,-3.52364,-40.3423
2308104,230810,Mauriti,CE,Ceará,Nordeste,-7.38597,-38.7708
2308203,230820,Meruoca,CE,Ceará,Nordeste,-3.53974,-40.4531
2308302,230830,Milagres,CE,Ceará,Nordeste,-7.29749,-38.9378
2308351,230835,Milhã,CE,Ceará,Nordeste,-5.67252,-39.1875
2308377,230837,Miraíma,CE,Ceará,Nordeste,-3.56867,-39.9663
2308401,230840,Missão Velha,CE,Ceará,Nordeste,-7.23522,-39.143
2308500,230850,Mombaça,CE,Ceará,Nordeste,-5.73844,-39.63
2308609,230860,Monsenhor Tabosa,CE,Ceará,Nordeste,-4.79102,-40.0646
2308708,230870,Morada Nova,CE,Ceará,Nordeste,-5.09736,-38.3702
2308807,230880,Moraújo,CE,Ceará,Nordeste,-3.46311,-40.6776
2308906,230890,Morrinhos,CE,Ceará,Nordeste,-3.23426,-40.1233
2309003,230900,Mucambo,CE,Ceará,Nordeste,-3.90271,-40.7452
2309102,230910,Mulungu,CE,Ceará,Nordeste,-4.30294,-38.9951
2309201,230920,Nova Olinda,CE,Ceará,Nordeste,-7.08415,-39.6713
2309300,230930,Nova Russas,CE,Ceará,Nordeste,-4.70581,-40.5621
2309409,230940,Novo Oriente,CE,Ceará,Nordeste,-5.52552,-40.7713
2309458,230945,Ocara,CE,Ceará,Nordeste,-4.48523,-38.5933
2309508,230950,Orós,CE,Ceará,Nordeste,-6.25182,-38.9053
2309607,230960,Pacajus,CE,Ceará,Nordeste,-4.17107,-38.465
2309706,230970,Pacatuba,CE,Ceará,Nordeste,-3.9784,-38.6183
2309805,230980,Pacoti,CE,Ceará,Nordeste,-4.22492,-38.922
2309904,230990,Pacujá,CE,Ceará,Nordeste,-3.98327,-40.6989
2310001,231000,Palhano,CE,Ceará,Nordeste,-4.73672,-37.9655
2310100,231010,Palmácia,CE,Ceará,Nordeste,-4.13831,-38.8446
2310209,231020,Paracuru,CE,Ceará,Nordeste,-3.41436,-39.03
2310258,231025,Paraipaba,CE,Ceará,Nordeste,-3.43799,-39.1479
2310308,231030,Parambu,CE,Ceará,Nordeste,-6.20768,-40.6905
2310407,231040,Paramoti,CE,Ceará,Nordeste,-4.08815,-39.2417
2310506,231050,Pedra Branca,CE,Ceará,Nordeste,-5.45341,-39.7078
2310605,231060,Penaforte,CE,Ceará,Nordeste,-7.82163,-39.0707
2310704,231070,Pentecoste,CE,Ceará,Nordeste,-3.79274,-39.2692
2310803,231080,Pereiro,CE,Ceará,Nordeste,-6.03576,-38.4624
2310852,231085,Pindoretama,CE,Ceará,Nordeste,-4.01584,-38.3061
2310902,231090,Piquet Carneiro,CE,Ceará,Nordeste,-5.80025,-39.417
2310951,231095,Pires Ferreira,CE,Ceará,Nordeste,-4.23922,-40.6442
2311009,231100,Poranga,CE,Ceará,Nordeste,-4.74672,-40.9205
2311108,231110,Porteiras,CE,Ceará,Nordeste,-7.52265,-39.114
2311207,231120,Potengi,CE,Ceará,Nordeste,-7.09154,-40.0233
2311231,231123,Potiretama,CE,Ceará,Nordeste,-5.71287,-38.1578
2311264,231126,Quiterianópolis,CE,Ceará,Nordeste,-5.8425,-40.7002
2311306,231130,Quixadá,CE,Ceará,Nordeste,-4.9663,-39.0155
2311355,231135,Quixelô,CE,Ceará,Nordeste,-6.24637,-39.2011
2311405,231140,Quixeramobim,CE,Ceará,Nordeste,-5.19067,-39.2889
2311504,231150,Quixeré,CE,Ceará,Nordeste,-5.07148,-37.9802
2311603,231160,Redenção,CE,Ceará,Nordeste,-4.21587,-38.7277
2311702,231170,Reriutaba,CE,Ceará,Nordeste,-4.14191,-40.5759
2311801,231180,Russas,CE,Ceará,Nordeste,-4.92673,-37.9721
2311900,231190,Saboeiro,CE,Ceará,Nordeste,-6.5346,-39.9017
2311959,231195,Salitre,CE,Ceará,Nordeste,-7.28398,-40.45
2312007,231200,Santana do Acaraú,CE,Ceará,Nordeste,-3.46144,-40.2118
2312106,231210,Santana do Cariri,CE,Ceará,Nordeste,-7.17613,-39.7302
2312205,231220,Santa Quitéria,CE,Ceará,Nordeste,-4.32608,-40.1523
2312304,231230,São Benedito,CE,Ceará,Nordeste,-4.04713,-40.8596
2312403,231240,São Gonçalo do Amarante,CE,Ceará,Nordeste,-3.60515,-38.9726
2312502,231250,São João do Jaguaribe,CE,Ceará,Nordeste,-5.27516,-38.2694
2312601,231260,São Luís do Curu,CE,Ceará,Nordeste,-3.66976,-39.2391
2312700,231270,Senador Pompeu,CE,Ceará,Nordeste,-5.58244,-39.3704
2312809,231280,Senador Sá,CE,Ceará,Nordeste,-3.35305,-40.4662
2312908,231290,Sobral,CE,Ceará,Nordeste,-3.68913,-40.3482
2313005,231300,Solonópole,CE,Ceará,Nordeste,-5.71894,-39.0107
2313104,231310,Tabuleiro do Norte,CE,Ceará,Nordeste,-5.24353,-38.1282
2313203,231320,Tamboril,CE,Ceará,Nordeste,-4.83136,-40.3196
2313252,231325,Tarrafas,CE,Ceará,Nordeste,-6.67838,-39.753
2313302,231330,Tauá,CE,Ceará,Nordeste,-5.98585,-40.2968
2313351,231335,Tejuçuoca,CE,Ceará,Nordeste,-3.98831,-39.5799
2313401,231340,Tianguá,CE,Ceará,Nordeste,-3.72965,-40.9923
2313500,231350,Trairi,CE,Ceará,Nordeste,-3.26932,-39.2681
2313559,231355,Tururu,CE,Ceará,Nordeste,-3.58413,-39.4297
2313609,231360,Ubajara,CE,Ceará,Nordeste,-3.85448,-40.9204
2313708,231370,Umari,CE,Ceará,Nordeste,-6.63893,-38.7008
2313757,231375,Umirim,CE,Ceará,Nordeste,-3.67654,-39.3465
2313807,231380,Uruburetama,CE,Ceará,Nordeste,-3.62316,-39.5107
2313906,231390,Uruoca,CE,Ceará,Nordeste,-3.30819,-40.5628
2313955,231395,Varjota,CE,Ceará,Nordeste,-4.19387,-40.4741
2314003,231400,Várzea Alegre,CE,Ceará,Nordeste,-6.78264,-39.2942
2314102,231410,Viçosa do Ceará,CE,Ceará,Nordeste,-3.5667,-41.0916
2400109,240010,Acari,RN,Rio Grande do Norte,Nordeste,-6.4282,-36.6347
2400208,240020,Açu,RN,Rio Grande do Norte,Nordeste,-5.58362,-36.914
2400307,240030,Afonso Bezerra,RN,Rio Grande do Norte,Nordeste,-5.49229,-36.5075
2400406,240040,Água Nova,RN,Rio Grande do Norte,Nordeste,-6.20351,-38.2941
2400505,240050,Alexandria,RN,Rio Grande do Norte,Nordeste,-6.40533,-38.0142
2400604,240060,Almino Afonso,RN,Rio Grande do Norte,Nordeste,-6.1475,-37.7636
2400703,240070,Alto do Rodrigues,RN,Rio Grande do Norte,Nordeste,-5.28186,-36.75
2400802,240080,Angicos,RN,Rio Grande do Norte,Nordeste,-5.65792,-36.6094
2400901,240090,Antônio Martins,RN,Rio Grande do Norte,Nordeste,-6.21367,-37.8834
2401008,240100,Apodi,RN,Rio Grande do Norte,Nordeste,-5.65349,-37.7946
2401107,240110,Areia Branca,RN,Rio Grande do Norte,Nordeste,-4.95254,-37.1252
2401206,240120,Arês,RN,Rio Grande do Norte,Nordeste,-6.18831,-35.1608
2401305,240130,Augusto Severo (Campo Grande),RN,Rio Grande do Norte,Nordeste,-5.86206,-37.3135
2401404,240140,Baía Formosa,RN,Rio Grande do Norte,Nordeste,-6.37161,-35.0033
2401453,240145,Baraúna,RN,Rio Grande do Norte,Nordeste,-5.06977,-37.6129
2401503,240150,Barcelona,RN,Rio Grande do Norte,Nordeste,-5.94284,-35.9247
2401602,240160,Bento Fernandes,RN,Rio Grande do Norte,Nordeste,-5.69906,-35.813
2401651,240165,Bodó,RN,Rio Grande do Norte,Nordeste,-5.98027,-36.4167
2401701,240170,Bom Jesus,RN,Rio Grande do Norte,Nordeste,-5.98648,-35.5792
2401800,240180,Brejinho,RN,Rio Grande do Norte,Nordeste,-6.18566,-35.3591
2401859,240185,Caiçara do Norte,RN,Rio Grande do Norte,Nordeste,-5.07091,-36.0717
2401909,240190,Caiçara do Rio do Vento,RN,Rio Grande do Norte,Nordeste,-5.76541,-35.9938
2402006,240200,Caicó,RN,Rio Grande do Norte,Nordeste,-6.45441,-37.1067
2402105,240210,Campo Redondo,RN,Rio Grande do Norte,Nordeste,-6.23829,-36.1888
2402204,240220,Canguaretama,RN,Rio Grande do Norte,Nordeste,-6.37193,-35.1281
2402303,240230,Caraúbas,RN,Rio Grande do Norte,Nordeste,-5.78387,-37.5586
2402402,240240,Carnaúba dos Dantas,RN,Rio Grande do Norte,Nordeste,-6.55015,-36.5868
2402501,240250,Carnaubais,RN,Rio Grande do Norte,Nordeste,-5.34181,-36.8335
2402600,240260,Ceará-Mirim,RN,Rio Grande do Norte,Nordeste,-5.64323,-35.4247
2402709,240270,Cerro Corá,RN,Rio Grande do Norte,Nordeste,-6.03503,-36.3503
2402808,240280,Coronel Ezequiel,RN,Rio Grande do Norte,Nordeste,-6.3748,-36.2223
2402907,240290,Coronel João Pessoa,RN,Rio Grande do Norte,Nordeste,-6.24974,-38.4441
2403004,240300,Cruzeta,RN,Rio Grande do Norte,Nordeste,-6.40894,-36.7782
2403103,240310,Currais Novos,RN,Rio Grande do Norte,Nordeste,-6.25484,-36.5146
2403202,240320,Doutor Severiano,RN,Rio Grande do Norte,Nordeste,-6.08082,-38.3794
2403251,240325,Parnamirim,RN,Rio Grande do Norte,Nordeste,-5.91116,-35.271
2403301,240330,Encanto,RN,Rio Grande do Norte,Nordeste,-6.10691,-38.3033
2403400,240340,Equador,RN,Rio Grande do Norte,Nordeste,-6.93835,-36.717
2403509,240350,Espírito Santo,RN,Rio Grande do Norte,Nordeste,-6.33563,-35.3052
2403608,240360,Extremoz,RN,Rio Grande do Norte,Nordeste,-5.70143,-35.3048
2403707,240370,Felipe Guerra,RN,Rio Grande do Norte,Nordeste,-5.59274,-37.6875
2403756,240375,Fernando Pedroza,RN,Rio Grande do Norte,Nordeste,-5.69096,-36.5282
2403806,240380,Florânia,RN,Rio Grande do Norte,Nordeste,-6.12264,-36.8226
2403905,240390,Francisco Dantas,RN,Rio Grande do Norte,Nordeste,-6.07234,-38.1212
2404002,240400,Frutuoso Gomes,RN,Rio Grande do Norte,Nordeste,-6.15669,-37.8375
2404101,240410,Galinhos,RN,Rio Grande do Norte,Nordeste,-5.0909,-36.2754
2404200,240420,Goianinha,RN,Rio Grande do Norte,Nordeste,-6.26486,-35.1943
2404309,240430,Governador Dix-Sept Rosado,RN,Rio Grande do Norte,Nordeste,-5.44887,-37.5183
2404408,240440,Grossos,RN,Rio Grande do Norte,Nordeste,-4.98068,-37.1621
2404507,240450,Guamaré,RN,Rio Grande do Norte,Nordeste,-5.10619,-36.3222
2404606,240460,Ielmo Marinho,RN,Rio Grande do Norte,Nordeste,-5.82447,-35.55
2404705,240470,Ipanguaçu,RN,Rio Grande do Norte,Nordeste,-5.48984,-36.8501
2404804,240480,Ipueira,RN,Rio Grande do Norte,Nordeste,-6.80596,-37.2045
2404853,240485,Itajá,RN,Rio Grande do Norte,Nordeste,-5.63894,-36.8712
2404903,240490,Itaú,RN,Rio Grande do Norte,Nordeste,-5.8363,-37.9912
2405009,240500,Jaçanã,RN,Rio Grande do Norte,Nordeste,-6.41856,-36.2031
2405108,240510,Jandaíra,RN,Rio Grande do Norte,Nordeste,-5.35211,-36.1278
2405207,240520,Janduís,RN,Rio Grande do Norte,Nordeste,-6.01474,-37.4048
2405306,240530,Januário Cicco (Boa Saúde),RN,Rio Grande do Norte,Nordeste,-6.16566,-35.6219
2405405,240540,Japi,RN,Rio Grande do Norte,Nordeste,-6.46544,-35.9346
2405504,240550,Jardim de Angicos,RN,Rio Grande do Norte,Nordeste,-5.64999,-35.9713
2405603,240560,Jardim de Piranhas,RN,Rio Grande do Norte,Nordeste,-6.37665,-37.3496
2405702,240570,Jardim do Seridó,RN,Rio Grande do Norte,Nordeste,-6.58047,-36.7736
2405801,240580,João Câmara,RN,Rio Grande do Norte,Nordeste,-5.54094,-35.8122
2405900,240590,João Dias,RN,Rio Grande do Norte,Nordeste,-6.27215,-37.7885
2406007,240600,José da Penha,RN,Rio Grande do Norte,Nordeste,-6.31095,-38.2823
2406106,240610,Jucurutu,RN,Rio Grande do Norte,Nordeste,-6.0306,-37.009
2406155,240615,Jundiá,RN,Rio Grande do Norte,Nordeste,-6.26866,-35.3495
2406205,240620,Lagoa d'Anta,RN,Rio Grande do Norte,Nordeste,-6.39493,-35.5949
2406304,240630,Lagoa de Pedras,RN,Rio Grande do Norte,Nordeste,-6.15082,-35.4299
2406403,240640,Lagoa de Velhos,RN,Rio Grande do Norte,Nordeste,-6.0119,-35.8729
2406502,240650,Lagoa Nova,RN,Rio Grande do Norte,Nordeste,-6.09339,-36.4703
2406601,240660,Lagoa Salgada,RN,Rio Grande do Norte,Nordeste,-6.12295,-35.4724
2406700,240670,Lajes,RN,Rio Grande do Norte,Nordeste,-5.69322,-36.247
2406809,240680,Lajes Pintadas,RN,Rio Grande do Norte,Nordeste,-6.14943,-36.1171
2406908,240690,Lucrécia,RN,Rio Grande do Norte,Nordeste,-6.10525,-37.8134
2407005,240700,Luís Gomes,RN,Rio Grande do Norte,Nordeste,-6.40588,-38.3899
2407104,240710,Macaíba,RN,Rio Grande do Norte,Nordeste,-5.85229,-35.3552
2407203,240720,Macau,RN,Rio Grande do Norte,Nordeste,-5.10795,-36.6318
2407252,240725,Major Sales,RN,Rio Grande do Norte,Nordeste,-6.39949,-38.324
2407302,240730,Marcelino Vieira,RN,Rio Grande do Norte,Nordeste,-6.2846,-38.1642
2407401,240740,Martins,RN,Rio Grande do Norte,Nordeste,-6.08279,-37.908
2407500,240750,Maxaranguape,RN,Rio Grande do Norte,Nordeste,-5.52181,-35.2631
2407609,240760,Messias Targino,RN,Rio Grande do Norte,Nordeste,-6.07194,-37.5158
2407708,240770,Montanhas,RN,Rio Grande do Norte,Nordeste,-6.48522,-35.2842
2407807,240780,Monte Alegre,RN,Rio Grande do Norte,Nordeste,-6.07063,-35.3253
2407906,240790,Monte das Gameleiras,RN,Rio Grande do Norte,Nordeste,-6.43698,-35.7831
2408003,240800,Mossoró,RN,Rio Grande do Norte,Nordeste,-5.18374,-37.3474
2408102,240810,Natal,RN,Rio Grande do Norte,Nordeste,-5.79357,-35.1986
2408201,240820,Nísia Floresta,RN,Rio Grande do Norte,Nordeste,-6.09329,-35.1991
2408300,240830,Nova Cruz,RN,Rio Grande do Norte,Nordeste,-6.47511,-35.4286
2408409,240840,Olho-d'Água do Borges,RN,Rio Grande do Norte,Nordeste,-5.9486,-37.7047
2408508,240850,Ouro Branco,RN,Rio Grande do Norte,Nordeste,-6.6958,-36.9428
2408607,240860,Paraná,RN,Rio Grande do Norte,Nordeste,-6.47565,-38.3057
2408706,240870,Paraú,RN,Rio Grande do Norte,Nordeste,-5.76893,-37.1032
2408805,240880,Parazinho,RN,Rio Grande do Norte,Nordeste,-5.22276,-35.8398
2408904,240890,Parelhas,RN,Rio Grande do Norte,Nordeste,-6.68491,-36.6566
2408953,240895,Rio do Fogo,RN,Rio Grande do Norte,Nordeste,-5.2765,-35.3794
2409100,240910,Passa e Fica,RN,Rio Grande do Norte,Nordeste,-6.43018,-35.6442
2409209,240920,Passagem,RN,Rio Grande do Norte,Nordeste,-6.27268,-35.37
2409308,240930,Patu,RN,Rio Grande do Norte,Nordeste,-6.10656,-37.6356
2409332,240933,Santa Maria,RN,Rio Grande do Norte,Nordeste,-5.83802,-35.6914
2409407,240940,Pau dos Ferros,RN,Rio Grande do Norte,Nordeste,-6.10498,-38.2077
2409506,240950,Pedra Grande,RN,Rio Grande do Norte,Nordeste,-5.14988,-35.876
2409605,240960,Pedra Preta,RN,Rio Grande do Norte,Nordeste,-5.57352,-36.1084
2409704,240970,Pedro Avelino,RN,Rio Grande do Norte,Nordeste,-5.5161,-36.3867
2409803,240980,Pedro Velho,RN,Rio Grande do Norte,Nordeste,-6.4356,-35.2195
2409902,240990,Pendências,RN,Rio Grande do Norte,Nordeste,-5.2564,-36.7095
2410009,241000,Pilões,RN,Rio Grande do Norte,Nordeste,-6.26364,-38.0461
2410108,241010,Poço Branco,RN,Rio Grande do Norte,Nordeste,-5.62233,-35.6635
2410207,241020,Portalegre,RN,Rio Grande do Norte,Nordeste,-6.02064,-37.9865
2410256,241025,Porto do Mangue,RN,Rio Grande do Norte,Nordeste,-5.05441,-36.7887
2410306,241030,Serra Caiada,RN,Rio Grande do Norte,Nordeste,-6.10478,-35.7113
2410405,241040,Pureza,RN,Rio Grande do Norte,Nordeste,-5.46393,-35.5554
2410504,241050,Rafael Fernandes,RN,Rio Grande do Norte,Nordeste,-6.18987,-38.2211
2410603,241060,Rafael Godeiro,RN,Rio Grande do Norte,Nordeste,-6.07244,-37.716
2410702,241070,Riacho da Cruz,RN,Rio Grande do Norte,Nordeste,-5.92654,-37.949
2410801,241080,Riacho de Santana,RN,Rio Grande do Norte,Nordeste,-6.25139,-38.3116
2410900,241090,Riachuelo,RN,Rio Grande do Norte,Nordeste,-5.82156,-35.8215
2411007,241100,Rodolfo Fernandes,RN,Rio Grande do Norte,Nordeste,-5.78393,-38.0579
2411056,241105,Tibau,RN,Rio Grande do Norte,Nordeste,-4.83729,-37.2554
2411106,241110,Ruy Barbosa,RN,Rio Grande do Norte,Nordeste,-5.88745,-35.933
2411205,241120,Santa Cruz,RN,Rio Grande do Norte,Nordeste,-6.22475,-36.0193
2411403,241140,Santana do Matos,RN,Rio Grande do Norte,Nordeste,-5.94605,-36.6578
2411429,241142,Santana do Seridó,RN,Rio Grande do Norte,Nordeste,-6.76643,-36.7312
2411502,241150,Santo Antônio,RN,Rio Grande do Norte,Nordeste,-6.31195,-35.4739
2411601,241160,São Bento do Norte,RN,Rio Grande do Norte,Nordeste,-5.09259,-35.9587
2411700,241170,São Bento do Trairí,RN,Rio Grande do Norte,Nordeste,-6.33798,-36.0863
2411809,241180,São Fernando,RN,Rio Grande do Norte,Nordeste,-6.37975,-37.1864
2411908,241190,São Francisco do Oeste,RN,Rio Grande do Norte,Nordeste,-5.97472,-38.1519
2412005,241200,São Gonçalo do Amarante,RN,Rio Grande do Norte,Nordeste,-5.79068,-35.3257
2412104,241210,São João do Sabugi,RN,Rio Grande do Norte,Nordeste,-6.71387,-37.2027
2412203,241220,São José de Mipibu,RN,Rio Grande do Norte,Nordeste,-6.0773,-35.2417
2412302,241230,São José do Campestre,RN,Rio Grande do Norte,Nordeste,-6.31087,-35.7067
2412401,241240,São José do Seridó,RN,Rio Grande do Norte,Nordeste,-6.44002,-36.8746
2412500,241250,São Miguel,RN,Rio Grande do Norte,Nordeste,-6.20283,-38.4947
2412559,241255,São Miguel do Gostoso,RN,Rio Grande do Norte,Nordeste,-5.12302,-35.6354
2412609,241260,São Paulo do Potengi,RN,Rio Grande do Norte,Nordeste,-5.8994,-35.7642
2412708,241270,São Pedro,RN,Rio Grande do Norte,Nordeste,-5.90559,-35.6317
2412807,241280,São Rafael,RN,Rio Grande do Norte,Nordeste,-5.79791,-36.8778
2412906,241290,São Tomé,RN,Rio Grande do Norte,Nordeste,-5.96404,-36.0798
2413003,241300,São Vicente,RN,Rio Grande do Norte,Nordeste,-6.21893,-36.6827
2413102,241310,Senador Elói de Souza,RN,Rio Grande do Norte,Nordeste,-6.03334,-35.6978
2413201,241320,Senador Georgino Avelino,RN,Rio Grande do Norte,Nordeste,-6.1576,-35.1299
2413300,241330,Serra de São Bento,RN,Rio Grande do Norte,Nordeste,-6.41762,-35.7033
2413359,241335,Serra do Mel,RN,Rio Grande do Norte,Nordeste,-5.17725,-37.0242
2413409,241340,Serra Negra do Norte,RN,Rio Grande do Norte,Nordeste,-6.66031,-37.3996
2413508,241350,Serrinha,RN,Rio Grande do Norte,Nordeste,-6.28181,-35.5
2413557,241355,Serrinha dos Pintos,RN,Rio Grande do Norte,Nordeste,-6.11087,-37.9548
2413607,241360,Severiano Melo,RN,Rio Grande do Norte,Nordeste,-5.77666,-37.957
2413706,241370,Sítio Novo,RN,Rio Grande do Norte,Nordeste,-6.11132,-35.909
2413805,241380,Taboleiro Grande,RN,Rio Grande do Norte,Nordeste,-5.91948,-38.0367
2413904,241390,Taipu,RN,Rio Grande do Norte,Nordeste,-5.63058,-35.5918
2414001,241400,Tangará,RN,Rio Grande do Norte,Nordeste,-6.19649,-35.7989
2414100,241410,Tenente Ananias,RN,Rio Grande do Norte,Nordeste,-6.45823,-38.182
2414159,241415,Tenente Laurentino Cruz,RN,Rio Grande do Norte,Nordeste,-6.1378,-36.7135
2414209,241420,Tibau do Sul,RN,Rio Grande do Norte,Nordeste,-6.19176,-35.0866
2414308,241430,Timbaúba dos Batistas,RN,Rio Grande do Norte,Nordeste,-6.45768,-37.2745
2414407,241440,Touros,RN,Rio Grande do Norte,Nordeste,-5.20182,-35.4621
2414456,241445,Triunfo Potiguar,RN,Rio Grande do Norte,Nordeste,-5.85408,-37.1786
2414506,241450,Umarizal,RN,Rio Grande do Norte,Nordeste,-5.98238,-37.818
2414605,241460,Upanema,RN,Rio Grande do Norte,Nordeste,-5.63761,-37.2635
2414704,241470,Várzea,RN,Rio Grande do Norte,Nordeste,-6.34641,-35.3732
2414753,241475,Venha-Ver,RN,Rio Grande do Norte,Nordeste,-6.32016,-38.4896
2414803,241480,Vera Cruz,RN,Rio Grande do Norte,Nordeste,-6.04399,-35.428
2414902,241490,Viçosa,RN,Rio Grande do Norte,Nordeste,-5.98253,-37.9462
2415008,241500,Vila Flor,RN,Rio Grande do Norte,Nordeste,-6.31287,-35.067
2500106,250010,Água Branca,PB,Paraíba,Nordeste,-7.51144,-37.6357
2500205,250020,Aguiar,PB,Paraíba,Nordeste,-7.0918,-38.1681
2500304,250030,Alagoa Grande,PB,Paraíba,Nordeste,-7.03943,-35.6206
2500403,250040,Alagoa Nova,PB,Paraíba,Nordeste,-7.05377,-35.7591
2500502,250050,Alagoinha,PB,Paraíba,Nordeste,-6.94657,-35.5332
2500536,250053,Alcantil,PB,Paraíba,Nordeste,-7.73668,-36.0511
2500577,250057,Algodão de Jandaíra,PB,Paraíba,Nordeste,-6.89292,-36.0129
2500601,250060,Alhandra,PB,Paraíba,Nordeste,-7.42977,-34.9057
2500700,250070,São João do Rio do Peixe,PB,Paraíba,Nordeste,-6.72195,-38.4468
2500734,250073,Amparo,PB,Paraíba,Nordeste,-7.55502,-37.0628
2500775,250077,Aparecida,PB,Paraíba,Nordeste,-6.78466,-38.0803
2500809,250080,Araçagi,PB,Paraíba,Nordeste,-6.84374,-35.3737
2500908,250090,Arara,PB,Paraíba,Nordeste,-6.82813,-35.7552
2501005,250100,Araruna,PB,Paraíba,Nordeste,-6.54848,-35.7498
2501104,250110,Areia,PB,Paraíba,Nordeste,-6.96396,-35.6977
2501153,250115,Areia de Baraúnas,PB,Paraíba,Nordeste,-7.11702,-36.9404
2501203,250120,Areial,PB,Paraíba,Nordeste,-7.04789,-35.9313
2501302,250130,Aroeiras,PB,Paraíba,Nordeste,-7.54473,-35.7066
2501351,250135,Assunção,PB,Paraíba,Nordeste,-7.07231,-36.725
2501401,250140,Baía da Traição,PB,Paraíba,Nordeste,-6.69209,-34.9381
2501500,250150,Bananeiras,PB,Paraíba,Nordeste,-6.74775,-35.6246
2501534,250153,Baraúna,PB,Paraíba,Nordeste,-6.63484,-36.2601
2501575,250157,Barra de Santana,PB,Paraíba,Nordeste,-7.51809,-35.9913
2501609,250160,Barra de Santa Rosa,PB,Paraíba,Nordeste,-6.71816,-36.0671
2501708,250170,Barra de São Miguel,PB,Paraíba,Nordeste,-7.74603,-36.3209
2501807,250180,Bayeux,PB,Paraíba,Nordeste,-7.1238,-34.9293
2501906,250190,Belém,PB,Paraíba,Nordeste,-6.74261,-35.5166
2502003,250200,Belém do Brejo do Cruz,PB,Paraíba,Nordeste,-6.18515,-37.5348
2502052,250205,Bernardino Batista,PB,Paraíba,Nordeste,-6.44572,-38.5521
2502102,250210,Boa Ventura,PB,Paraíba,Nordeste,-7.40982,-38.2113
2502151,250215,Boa Vista,PB,Paraíba,Nordeste,-7.26365,-36.2357
2502201,250220,Bom Jesus,PB,Paraíba,Nordeste,-6.81601,-38.6453
2502300,250230,Bom Sucesso,PB,Paraíba,Nordeste,-6.44176,-37.9234
2502409,250240,Bonito de Santa Fé,PB,Paraíba,Nordeste,-7.31341,-38.5133
2502508,250250,Boqueirão,PB,Paraíba,Nordeste,-7.487,-36.1309
2502607,250260,Igaracy,PB,Paraíba,Nordeste,-7.17184,-38.1478
2502706,250270,Borborema,PB,Paraíba,Nordeste,-6.80199,-35.6187
2502805,250280,Brejo do Cruz,PB,Paraíba,Nordeste,-6.34185,-37.4943
2502904,250290,Brejo dos Santos,PB,Paraíba,Nordeste,-6.37065,-37.8253
2503001,250300,Caaporã,PB,Paraíba,Nordeste,-7.51351,-34.9055
2503100,250310,Cabaceiras,PB,Paraíba,Nordeste,-7.48899,-36.287
2503209,250320,Cabedelo,PB,Paraíba,Nordeste,-6.98731,-34.8284
2503308,250330,Cachoeira dos Índios,PB,Paraíba,Nordeste,-6.91353,-38.676
2503407,250340,Cacimba de Areia,PB,Paraíba,Nordeste,-7.12128,-37.1563
2503506,250350,Cacimba de Dentro,PB,Paraíba,Nordeste,-6.6386,-35.7778
2503555,250355,Cacimbas,PB,Paraíba,Nordeste,-7.20721,-37.0604
2503605,250360,Caiçara,PB,Paraíba,Nordeste,-6.62115,-35.4581
2503704,250370,Cajazeiras,PB,Paraíba,Nordeste,-6.88004,-38.5577
2503753,250375,Cajazeirinhas,PB,Paraíba,Nordeste,-6.96016,-37.8009
2503803,250380,Caldas Brandão,PB,Paraíba,Nordeste,-7.1025,-35.3272
2503902,250390,Camalaú,PB,Paraíba,Nordeste,-7.88503,-36.8242
2504009,250400,Campina Grande,PB,Paraíba,Nordeste,-7.22196,-35.8731
2504033,250403,Capim,PB,Paraíba,Nordeste,-6.91624,-35.1673
2504074,250407,Caraúbas,PB,Paraíba,Nordeste,-7.72049,-36.492
2504108,250410,Carrapateira,PB,Paraíba,Nordeste,-7.03414,-38.3399
2504157,250415,Casserengue,PB,Paraíba,Nordeste,-6.77954,-35.8179
2504207,250420,Catingueira,PB,Paraíba,Nordeste,-7.12008,-37.6064
2504306,250430,Catolé do Rocha,PB,Paraíba,Nordeste,-6.34062,-37.747
2504355,250435,Caturité,PB,Paraíba,Nordeste,-7.41659,-36.0306
2504405,250440,Conceição,PB,Paraíba,Nordeste,-7.55106,-38.5014
2504504,250450,Condado,PB,Paraíba,Nordeste,-6.89831,-37.606
2504603,250460,Conde,PB,Paraíba,Nordeste,-7.25746,-34.8999
2504702,250470,Congo,PB,Paraíba,Nordeste,-7.79078,-36.6581
2504801,250480,Coremas,PB,Paraíba,Nordeste,-7.00712,-37.9346
2504850,250485,Coxixola,PB,Paraíba,Nordeste,-7.62365,-36.6064
2504900,250490,Cruz do Espírito Santo,PB,Paraíba,Nordeste,-7.13902,-35.0857
2505006,250500,Cubati,PB,Paraíba,Nordeste,-6.86686,-36.3619
2505105,250510,Cuité,PB,Paraíba,Nordeste,-6.47647,-36.1515
2505204,250520,Cuitegi,PB,Paraíba,Nordeste,-6.89058,-35.5215
2505238,250523,Cuité de Mamanguape,PB,Paraíba,Nordeste,-6.91292,-35.2502
2505279,250527,Curral de Cima,PB,Paraíba,Nordeste,-6.72325,-35.2639
2505303,250530,Curral Velho,PB,Paraíba,Nordeste,-7.53075,-38.1962
2505352,250535,Damião,PB,Paraíba,Nordeste,-6.63161,-35.9101
2505402,250540,Desterro,PB,Paraíba,Nordeste,-7.287,-37.0925
2505501,250550,Vista Serrana,PB,Paraíba,Nordeste,-6.7303,-37.5704
2505600,250560,Diamante,PB,Paraíba,Nordeste,-7.41738,-38.2615
2505709,250570,Dona Inês,PB,Paraíba,Nordeste,-6.61566,-35.6205
2505808,250580,Duas Estradas,PB,Paraíba,Nordeste,-6.68499,-35.418
2505907,250590,Emas,PB,Paraíba,Nordeste,-7.09964,-37.7163
2506004,250600,Esperança,PB,Paraíba,Nordeste,-7.02278,-35.8597
2506103,250610,Fagundes,PB,Paraíba,Nordeste,-7.34454,-35.7931
2506202,250620,Frei Martinho,PB,Paraíba,Nordeste,-6.39759,-36.4526
2506251,250625,Gado Bravo,PB,Paraíba,Nordeste,-7.58279,-35.7899
2506301,250630,Guarabira,PB,Paraíba,Nordeste,-6.85064,-35.485
2506400,250640,Gurinhém,PB,Paraíba,Nordeste,-7.1233,-35.4222
2506509,250650,Gurjão,PB,Paraíba,Nordeste,-7.24833,-36.4923
2506608,250660,Ibiara,PB,Paraíba,Nordeste,-7.47957,-38.4059
2506707,250670,Imaculada,PB,Paraíba,Nordeste,-7.3889,-37.5079
2506806,250680,Ingá,PB,Paraíba,Nordeste,-7.28144,-35.605
2506905,250690,Itabaiana,PB,Paraíba,Nordeste,-7.33167,-35.3317
2507002,250700,Itaporanga,PB,Paraíba,Nordeste,-7.30202,-38.1504
2507101,250710,Itapororoca,PB,Paraíba,Nordeste,-6.82374,-35.2406
2507200,250720,Itatuba,PB,Paraíba,Nordeste,-7.38115,-35.638
2507309,250730,Jacaraú,PB,Paraíba,Nordeste,-6.61453,-35.289
2507408,250740,Jericó,PB,Paraíba,Nordeste,-6.54577,-37.8036
2507507,250750,João Pessoa,PB,Paraíba,Nordeste,-7.11509,-34.8641
2507606,250760,Juarez Távora,PB,Paraíba,Nordeste,-7.1713,-35.5686
2507705,250770,Juazeirinho,PB,Paraíba,Nordeste,-7.06092,-36.5793
2507804,250780,Junco do Seridó,PB,Paraíba,Nordeste,-6.99269,-36.7166
2507903,250790,Juripiranga,PB,Paraíba,Nordeste,-7.36176,-35.2321
2508000,250800,Juru,PB,Paraíba,Nordeste,-7.52983,-37.815
2508109,250810,Lagoa,PB,Paraíba,Nordeste,-6.58572,-37.9127
2508208,250820,Lagoa de Dentro,PB,Paraíba,Nordeste,-6.67213,-35.3706
2508307,250830,Lagoa Seca,PB,Paraíba,Nordeste,-7.15535,-35.8491
2508406,250840,Lastro,PB,Paraíba,Nordeste,-6.50603,-38.1742
2508505,250850,Livramento,PB,Paraíba,Nordeste,-7.37113,-36.9491
2508554,250855,Logradouro,PB,Paraíba,Nordeste,-6.61191,-35.4384
2508604,250860,Lucena,PB,Paraíba,Nordeste,-6.90258,-34.8748
2508703,250870,Mãe d'Água,PB,Paraíba,Nordeste,-7.25201,-37.4322
2508802,250880,Malta,PB,Paraíba,Nordeste,-6.89719,-37.5221
2508901,250890,Mamanguape,PB,Paraíba,Nordeste,-6.8337,-35.1213
2509008,250900,Manaíra,PB,Paraíba,Nordeste,-7.70331,-38.1523
2509057,250905,Marcação,PB,Paraíba,Nordeste,-6.76535,-35.0087
2509107,250910,Mari,PB,Paraíba,Nordeste,-7.05942,-35.318
2509156,250915,Marizópolis,PB,Paraíba,Nordeste,-6.82748,-38.3528
2509206,250920,Massaranduba,PB,Paraíba,Nordeste,-7.18995,-35.7848
2509305,250930,Mataraca,PB,Paraíba,Nordeste,-6.59673,-35.0531
2509339,250933,Matinhas,PB,Paraíba,Nordeste,-7.12486,-35.7669
2509370,250937,Mato Grosso,PB,Paraíba,Nordeste,-6.54018,-37.7279
2509396,250939,Maturéia,PB,Paraíba,Nordeste,-7.26188,-37.351
2509404,250940,Mogeiro,PB,Paraíba,Nordeste,-7.28517,-35.4832
2509503,250950,Montadas,PB,Paraíba,Nordeste,-7.08848,-35.9592
2509602,250960,Monte Horebe,PB,Paraíba,Nordeste,-7.20402,-38.5838
2509701,250970,Monteiro,PB,Paraíba,Nordeste,-7.88363,-37.1184
2509800,250980,Mulungu,PB,Paraíba,Nordeste,-7.02525,-35.46
2509909,250990,Natuba,PB,Paraíba,Nordeste,-7.63514,-35.5586
2510006,251000,Nazarezinho,PB,Paraíba,Nordeste,-6.9114,-38.322
2510105,251010,Nova Floresta,PB,Paraíba,Nordeste,-6.45056,-36.2057
2510204,251020,Nova Olinda,PB,Paraíba,Nordeste,-7.47232,-38.0382
2510303,251030,Nova Palmeira,PB,Paraíba,Nordeste,-6.67122,-36.422
2510402,251040,Olho d'Água,PB,Paraíba,Nordeste,-7.22118,-37.7406
2510501,251050,Olivedos,PB,Paraíba,Nordeste,-6.98434,-36.241
2510600,251060,Ouro Velho,PB,Paraíba,Nordeste,-7.61604,-37.1519
2510659,251065,Parari,PB,Paraíba,Nordeste,-7.30975,-36.6522
2510709,251070,Passagem,PB,Paraíba,Nordeste,-7.13467,-37.0433
2510808,251080,Patos,PB,Paraíba,Nordeste,-7.01743,-37.2747
2510907,251090,Paulista,PB,Paraíba,Nordeste,-6.59138,-37.6185
2511004,251100,Pedra Branca,PB,Paraíba,Nordeste,-7.42169,-38.0689
2511103,251110,Pedra Lavrada,PB,Paraíba,Nordeste,-6.74997,-36.4758
2511202,251120,Pedras de Fogo,PB,Paraíba,Nordeste,-7.39107,-35.1065
2511301,251130,Piancó,PB,Paraíba,Nordeste,-7.19282,-37.9289
2511400,251140,Picuí,PB,Paraíba,Nordeste,-6.50845,-36.3497
2511509,251150,Pilar,PB,Paraíba,Nordeste,-7.26403,-35.2523
2511608,251160,Pilões,PB,Paraíba,Nordeste,-6.86827,-35.613
2511707,251170,Pilõezinhos,PB,Paraíba,Nordeste,-6.84277,-35.531
2511806,251180,Pirpirituba,PB,Paraíba,Nordeste,-6.77922,-35.4906
2511905,251190,Pitimbu,PB,Paraíba,Nordeste,-7.4664,-34.8151
2512002,251200,Pocinhos,PB,Paraíba,Nordeste,-7.06658,-36.0668
2512036,251203,Poço Dantas,PB,Paraíba,Nordeste,-6.39876,-38.4909
2512077,251207,Poço de José de Moura,PB,Paraíba,Nordeste,-6.56401,-38.5111
2512101,251210,Pombal,PB,Paraíba,Nordeste,-6.76606,-37.8003
2512200,251220,Prata,PB,Paraíba,Nordeste,-7.68826,-37.0801
2512309,251230,Princesa Isabel,PB,Paraíba,Nordeste,-7.73175,-37.9886
2512408,251240,Puxinanã,PB,Paraíba,Nordeste,-7.15479,-35.9543
2512507,251250,Queimadas,PB,Paraíba,Nordeste,-7.35029,-35.9031
2512606,251260,Quixabá,PB,Paraíba,Nordeste,-7.0224,-37.1458
2512705,251270,Remígio,PB,Paraíba,Nordeste,-6.94992,-35.8011
2512721,251272,Pedro Régis,PB,Paraíba,Nordeste,-6.63323,-35.2966
2512747,251274,Riachão,PB,Paraíba,Nordeste,-6.54269,-35.661
2512754,251275,Riachão do Bacamarte,PB,Paraíba,Nordeste,-7.25347,-35.6693
2512762,251276,Riachão do Poço,PB,Paraíba,Nordeste,-7.14173,-35.2914
2512788,251278,Riacho de Santo Antônio,PB,Paraíba,Nordeste,-7.68023,-36.157
2512804,251280,Riacho dos Cavalos,PB,Paraíba,Nordeste,-6.44067,-37.6483
2512903,251290,Rio Tinto,PB,Paraíba,Nordeste,-6.80383,-35.0776
2513000,251300,Salgadinho,PB,Paraíba,Nordeste,-7.10098,-36.8458
2513109,251310,Salgado de São Félix,PB,Paraíba,Nordeste,-7.35337,-35.4305
2513158,251315,Santa Cecília,PB,Paraíba,Nordeste,-7.7389,-35.8764
2513208,251320,Santa Cruz,PB,Paraíba,Nordeste,-6.5237,-38.0617
2513307,251330,Santa Helena,PB,Paraíba,Nordeste,-6.7176,-38.6427
2513356,251335,Santa Inês,PB,Paraíba,Nordeste,-7.621,-38.554
2513406,251340,Santa Luzia,PB,Paraíba,Nordeste,-6.86092,-36.9178
2513505,251350,Santana de Mangueira,PB,Paraíba,Nordeste,-7.54705,-38.3236
2513604,251360,Santana dos Garrotes,PB,Paraíba,Nordeste,-7.38162,-37.9819
2513653,251365,Joca Claudino,PB,Paraíba,Nordeste,-6.48362,-38.4764
2513703,251370,Santa Rita,PB,Paraíba,Nordeste,-7.11724,-34.9753
2513802,251380,Santa Teresinha,PB,Paraíba,Nordeste,-7.07964,-37.4435
2513851,251385,Santo André,PB,Paraíba,Nordeste,-7.22016,-36.6213
2513901,251390,São Bento,PB,Paraíba,Nordeste,-6.48529,-37.4488
2513927,251392,São Bentinho,PB,Paraíba,Nordeste,-6.88596,-37.7243
2513943,251394,São Domingos do Cariri,PB,Paraíba,Nordeste,-7.63273,-36.4374
2513968,251396,São Domingos,PB,Paraíba,Nordeste,-6.80313,-37.9488
2513984,251398,São Francisco,PB,Paraíba,Nordeste,-6.60773,-38.0968
2514008,251400,São João do Cariri,PB,Paraíba,Nordeste,-7.38168,-36.5345
2514107,251410,São João do Tigre,PB,Paraíba,Nordeste,-8.07703,-36.8547
2514206,251420,São José da Lagoa Tapada,PB,Paraíba,Nordeste,-6.93646,-38.1622
2514305,251430,São José de Caiana,PB,Paraíba,Nordeste,-7.24636,-38.2989
2514404,251440,São José de Espinharas,PB,Paraíba,Nordeste,-6.83974,-37.3214
2514453,251445,São José dos Ramos,PB,Paraíba,Nordeste,-7.25238,-35.3725
2514503,251450,São José de Piranhas,PB,Paraíba,Nordeste,-7.1187,-38.502
2514552,251455,São José de Princesa,PB,Paraíba,Nordeste,-7.73633,-38.0894
2514602,251460,São José do Bonfim,PB,Paraíba,Nordeste,-7.1607,-37.3036
2514651,251465,São José do Brejo do Cruz,PB,Paraíba,Nordeste,-6.21054,-37.3601
2514701,251470,São José do Sabugi,PB,Paraíba,Nordeste,-6.76295,-36.7972
2514800,251480,São José dos Cordeiros,PB,Paraíba,Nordeste,-7.38775,-36.8085
2514909,251490,São Mamede,PB,Paraíba,Nordeste,-6.92386,-37.0954
2515005,251500,São Miguel de Taipu,PB,Paraíba,Nordeste,-7.24764,-35.2016
2515104,251510,São Sebastião de Lagoa de Roça,PB,Paraíba,Nordeste,-7.11034,-35.8678
2515203,251520,São Sebastião do Umbuzeiro,PB,Paraíba,Nordeste,-8.15289,-37.0138
2515302,251530,Sapé,PB,Paraíba,Nordeste,-7.09359,-35.228
2515401,251540,São Vicente do Seridó,PB,Paraíba,Nordeste,-6.85426,-36.4122
2515500,251550,Serra Branca,PB,Paraíba,Nordeste,-7.48034,-36.666
2515609,251560,Serra da Raiz,PB,Paraíba,Nordeste,-6.68527,-35.4379
2515708,251570,Serra Grande,PB,Paraíba,Nordeste,-7.20957,-38.3647
2515807,251580,Serra Redonda,PB,Paraíba,Nordeste,-7.18622,-35.6842
2515906,251590,Serraria,PB,Paraíba,Nordeste,-6.81569,-35.6282
2515930,251593,Sertãozinho,PB,Paraíba,Nordeste,-6.75127,-35.4372
2515971,251597,Sobrado,PB,Paraíba,Nordeste,-7.14429,-35.2357
2516003,251600,Solânea,PB,Paraíba,Nordeste,-6.75161,-35.6636
2516102,251610,Soledade,PB,Paraíba,Nordeste,-7.05829,-36.3668
2516151,251615,Sossêgo,PB,Paraíba,Nordeste,-6.77067,-36.2538
2516201,251620,Sousa,PB,Paraíba,Nordeste,-6.75148,-38.2311
2516300,251630,Sumé,PB,Paraíba,Nordeste,-7.66206,-36.884
2516409,251640,Tacima,PB,Paraíba,Nordeste,-6.48759,-35.6367
2516508,251650,Taperoá,PB,Paraíba,Nordeste,-7.20629,-36.8245
2516607,251660,Tavares,PB,Paraíba,Nordeste,-7.62697,-37.8712
2516706,251670,Teixeira,PB,Paraíba,Nordeste,-7.22104,-37.2525
2516755,251675,Tenório,PB,Paraíba,Nordeste,-6.93855,-36.6273
2516805,251680,Triunfo,PB,Paraíba,Nordeste,-6.5713,-38.5986
2516904,251690,Uiraúna,PB,Paraíba,Nordeste,-6.51504,-38.4128
2517001,251700,Umbuzeiro,PB,Paraíba,Nordeste,-7.69199,-35.6582
2517100,251710,Várzea,PB,Paraíba,Nordeste,-6.76189,-36.9913
2517209,251720,Vieirópolis,PB,Paraíba,Nordeste,-6.50684,-38.2567
2517407,251740,Zabelê,PB,Paraíba,Nordeste,-8.07901,-37.1057
2600054,260005,Abreu e Lima,PE,Pernambuco,Nordeste,-7.90072,-34.8984
2600104,260010,Afogados da Ingazeira,PE,Pernambuco,Nordeste,-7.74312,-37.631
2600203,260020,Afrânio,PE,Pernambuco,Nordeste,-8.51136,-41.0095
2600302,260030,Agrestina,PE,Pernambuco,Nordeste,-8.45966,-35.9447
2600401,260040,Água Preta,PE,Pernambuco,Nordeste,-8.70609,-35.5263
2600500,260050,Águas Belas,PE,Pernambuco,Nordeste,-9.11125,-37.1226
2600609,260060,Alagoinha,PE,Pernambuco,Nordeste,-8.4665,-36.7788
2600708,260070,Aliança,PE,Pernambuco,Nordeste,-7.60398,-35.2227
2600807,260080,Altinho,PE,Pernambuco,Nordeste,-8.48482,-36.0644
2600906,260090,Amaraji,PE,Pernambuco,Nordeste,-8.37691,-35.4501
2601003,260100,Angelim,PE,Pernambuco,Nordeste,-8.88429,-36.2902
2601052,260105,Araçoiaba,PE,Pernambuco,Nordeste,-7.78391,-35.0809
2601102,260110,Araripina,PE,Pernambuco,Nordeste,-7.57073,-40.494
2601201,260120,Arcoverde,PE,Pernambuco,Nordeste,-8.41519,-37.0577
2601300,260130,Barra de Guabiraba,PE,Pernambuco,Nordeste,-8.42075,-35.6585
2601409,260140,Barreiros,PE,Pernambuco,Nordeste,-8.81605,-35.1832
2601508,260150,Belém de Maria,PE,Pernambuco,Nordeste,-8.62504,-35.8335
2601607,260160,Belém do São Francisco,PE,Pernambuco,Nordeste,-8.75046,-38.9623
2601706,260170,Belo Jardim,PE,Pernambuco,Nordeste,-8.3313,-36.4258
2601805,260180,Betânia,PE,Pernambuco,Nordeste,-8.26787,-38.0345
2601904,260190,Bezerros,PE,Pernambuco,Nordeste,-8.2328,-35.796
2602001,260200,Bodocó,PE,Pernambuco,Nordeste,-7.77759,-39.9338
2602100,260210,Bom Conselho,PE,Pernambuco,Nordeste,-9.16919,-36.6857
2602209,260220,Bom Jardim,PE,Pernambuco,Nordeste,-7.79695,-35.5784
2602308,260230,Bonito,PE,Pernambuco,Nordeste,-8.47163,-35.7292
2602407,260240,Brejão,PE,Pernambuco,Nordeste,-9.02915,-36.566
2602506,260250,Brejinho,PE,Pernambuco,Nordeste,-7.34694,-37.2865
2602605,260260,Brejo da Madre de Deus,PE,Pernambuco,Nordeste,-8.14933,-36.3741
2602704,260270,Buenos Aires,PE,Pernambuco,Nordeste,-7.72449,-35.3182
2602803,260280,Buíque,PE,Pernambuco,Nordeste,-8.61954,-37.1606
2602902,260290,Cabo de Santo Agostinho,PE,Pernambuco,Nordeste,-8.28218,-35.0253
2603009,260300,Cabrobó,PE,Pernambuco,Nordeste,-8.50548,-39.3094
2603108,260310,Cachoeirinha,PE,Pernambuco,Nordeste,-8.48668,-36.2402
2603207,260320,Caetés,PE,Pernambuco,Nordeste,-8.7803,-36.6268
2603306,260330,Calçado,PE,Pernambuco,Nordeste,-8.73108,-36.3366
2603405,260340,Calumbi,PE,Pernambuco,Nordeste,-7.93551,-38.1482
2603454,260345,Camaragibe,PE,Pernambuco,Nordeste,-8.02351,-34.9782
2603504,260350,Camocim de São Félix,PE,Pernambuco,Nordeste,-8.35865,-35.7653
2603603,260360,Camutanga,PE,Pernambuco,Nordeste,-7.40545,-35.2664
2603702,260370,Canhotinho,PE,Pernambuco,Nordeste,-8.87652,-36.1979
2603801,260380,Capoeiras,PE,Pernambuco,Nordeste,-8.73423,-36.6306
2603900,260390,Carnaíba,PE,Pernambuco,Nordeste,-7.79342,-37.7946
2603926,260392,Carnaubeira da Penha,PE,Pernambuco,Nordeste,-8.31799,-38.7512
2604007,260400,Carpina,PE,Pernambuco,Nordeste,-7.84566,-35.2514
2604106,260410,Caruaru,PE,Pernambuco,Nordeste,-8.28455,-35.9699
2604155,260415,Casinhas,PE,Pernambuco,Nordeste,-7.74084,-35.7206
2604205,260420,Catende,PE,Pernambuco,Nordeste,-8.67509,-35.7024
2604304,260430,Cedro,PE,Pernambuco,Nordeste,-7.71179,-39.2367
2604403,260440,Chã de Alegria,PE,Pernambuco,Nordeste,-8.00679,-35.204
2604502,260450,Chã Grande,PE,Pernambuco,Nordeste,-8.23827,-35.4571
2604601,260460,Condado,PE,Pernambuco,Nordeste,-7.58787,-35.0999
2604700,260470,Correntes,PE,Pernambuco,Nordeste,-9.12117,-36.3244
2604809,260480,Cortês,PE,Pernambuco,Nordeste,-8.47443,-35.5468
2604908,260490,Cumaru,PE,Pernambuco,Nordeste,-8.00827,-35.6957
2605004,260500,Cupira,PE,Pernambuco,Nordeste,-8.62432,-35.9518
2605103,260510,Custódia,PE,Pernambuco,Nordeste,-8.08546,-37.6443
2605152,260515,Dormentes,PE,Pernambuco,Nordeste,-8.44116,-40.7662
2605202,260520,Escada,PE,Pernambuco,Nordeste,-8.35672,-35.2241
2605301,260530,Exu,PE,Pernambuco,Nordeste,-7.50364,-39.7238
2605400,260540,Feira Nova,PE,Pernambuco,Nordeste,-7.94704,-35.3801
2605459,260545,Fernando de Noronha,PE,Pernambuco,Nordeste,-3.8396,-32.4107
2605509,260550,Ferreiros,PE,Pernambuco,Nordeste,-7.44666,-35.2373
2605608,260560,Flores,PE,Pernambuco,Nordeste,-7.85842,-37.9715
2605707,260570,Floresta,PE,Pernambuco,Nordeste,-8.60307,-38.5687
2605806,260580,Frei Miguelinho,PE,Pernambuco,Nordeste,-7.93918,-35.9113
2605905,260590,Gameleira,PE,Pernambuco,Nordeste,-8.5798,-35.3846
2606002,260600,Garanhuns,PE,Pernambuco,Nordeste,-8.88243,-36.4966
2606101,260610,Glória do Goitá,PE,Pernambuco,Nordeste,-8.00568,-35.2904
2606200,260620,Goiana,PE,Pernambuco,Nordeste,-7.5606,-34.9959
2606309,260630,Granito,PE,Pernambuco,Nordeste,-7.70711,-39.615
2606408,260640,Gravatá,PE,Pernambuco,Nordeste,-8.21118,-35.5675
2606507,260650,Iati,PE,Pernambuco,Nordeste,-9.04559,-36.8498
2606606,260660,Ibimirim,PE,Pernambuco,Nordeste,-8.54026,-37.7032
2606705,260670,Ibirajuba,PE,Pernambuco,Nordeste,-8.57633,-36.1812
2606804,260680,Igarassu,PE,Pernambuco,Nordeste,-7.82881,-34.9013
2606903,260690,Iguaracy,PE,Pernambuco,Nordeste,-7.83222,-37.5082
2607000,260700,Inajá,PE,Pernambuco,Nordeste,-8.90206,-37.8351
2607109,260710,Ingazeira,PE,Pernambuco,Nordeste,-7.66909,-37.4576
2607208,260720,Ipojuca,PE,Pernambuco,Nordeste,-8.39303,-35.0609
2607307,260730,Ipubi,PE,Pernambuco,Nordeste,-7.64505,-40.1476
2607406,260740,Itacuruba,PE,Pernambuco,Nordeste,-8.82231,-38.6975
2607505,260750,Itaíba,PE,Pernambuco,Nordeste,-8.94569,-37.4173
2607604,260760,Ilha de Itamaracá,PE,Pernambuco,Nordeste,-7.74766,-34.8303
2607653,260765,Itambé,PE,Pernambuco,Nordeste,-7.41403,-35.0963
2607703,260770,Itapetim,PE,Pernambuco,Nordeste,-7.37178,-37.1863
2607752,260775,Itapissuma,PE,Pernambuco,Nordeste,-7.76798,-34.8971
2607802,260780,Itaquitinga,PE,Pernambuco,Nordeste,-7.66373,-35.1002
2607901,260790,Jaboatão dos Guararapes,PE,Pernambuco,Nordeste,-8.11298,-35.015
2607950,260795,Jaqueira,PE,Pernambuco,Nordeste,-8.72618,-35.7942
2608008,260800,Jataúba,PE,Pernambuco,Nordeste,-7.97668,-36.4943
2608057,260805,Jatobá,PE,Pernambuco,Nordeste,-9.17476,-38.2607
2608107,260810,João Alfredo,PE,Pernambuco,Nordeste,-7.86565,-35.5787
2608206,260820,Joaquim Nabuco,PE,Pernambuco,Nordeste,-8.62281,-35.5288
2608255,260825,Jucati,PE,Pernambuco,Nordeste,-8.70195,-36.4871
2608305,260830,Jupi,PE,Pernambuco,Nordeste,-8.70904,-36.4126
2608404,260840,Jurema,PE,Pernambuco,Nordeste,-8.70714,-36.1347
2608453,260845,Lagoa do Carro,PE,Pernambuco,Nordeste,-7.84383,-35.3108
2608503,260850,Lagoa de Itaenga,PE,Pernambuco,Nordeste,-7.93005,-35.2874
2608602,260860,Lagoa do Ouro,PE,Pernambuco,Nordeste,-9.12567,-36.4584
2608701,260870,Lagoa dos Gatos,PE,Pernambuco,Nordeste,-8.6602,-35.904
2608750,260875,Lagoa Grande,PE,Pernambuco,Nordeste,-8.99452,-40.2767
2608800,260880,Lajedo,PE,Pernambuco,Nordeste,-8.65791,-36.3293
2608909,260890,Limoeiro,PE,Pernambuco,Nordeste,-7.8726,-35.4402
2609006,260900,Macaparana,PE,Pernambuco,Nordeste,-7.55564,-35.4425
2609105,260910,Machados,PE,Pernambuco,Nordeste,-7.68827,-35.5114
2609154,260915,Manari,PE,Pernambuco,Nordeste,-8.9649,-37.6313
2609204,260920,Maraial,PE,Pernambuco,Nordeste,-8.79062,-35.8266
2609303,260930,Mirandiba,PE,Pernambuco,Nordeste,-8.12113,-38.7388
2609402,260940,Moreno,PE,Pernambuco,Nordeste,-8.10871,-35.0835
2609501,260950,Nazaré da Mata,PE,Pernambuco,Nordeste,-7.74149,-35.2193
2609600,260960,Olinda,PE,Pernambuco,Nordeste,-8.01017,-34.8545
2609709,260970,Orobó,PE,Pernambuco,Nordeste,-7.74553,-35.5956
2609808,260980,Orocó,PE,Pernambuco,Nordeste,-8.61026,-39.6026
2609907,260990,Ouricuri,PE,Pernambuco,Nordeste,-7.87918,-40.08
2610004,261000,Palmares,PE,Pernambuco,Nordeste,-8.68423,-35.589
2610103,261010,Palmeirina,PE,Pernambuco,Nordeste,-9.0109,-36.3242
2610202,261020,Panelas,PE,Pernambuco,Nordeste,-8.66121,-36.0125
2610301,261030,Paranatama,PE,Pernambuco,Nordeste,-8.91875,-36.6549
2610400,261040,Parnamirim,PE,Pernambuco,Nordeste,-8.08729,-39.5795
2610509,261050,Passira,PE,Pernambuco,Nordeste,-7.9971,-35.5813
2610608,261060,Paudalho,PE,Pernambuco,Nordeste,-7.90287,-35.1716
2610707,261070,Paulista,PE,Pernambuco,Nordeste,-7.93401,-34.8684
2610806,261080,Pedra,PE,Pernambuco,Nordeste,-8.49641,-36.94
2610905,261090,Pesqueira,PE,Pernambuco,Nordeste,-8.35797,-36.6978
2611002,261100,Petrolândia,PE,Pernambuco,Nordeste,-9.06863,-38.3027
2611101,261110,Petrolina,PE,Pernambuco,Nordeste,-9.38866,-40.5027
2611200,261120,Poção,PE,Pernambuco,Nordeste,-8.18726,-36.7111
2611309,261130,Pombos,PE,Pernambuco,Nordeste,-8.13982,-35.3967
2611408,261140,Primavera,PE,Pernambuco,Nordeste,-8.32999,-35.3544
2611507,261150,Quipapá,PE,Pernambuco,Nordeste,-8.81175,-36.0137
2611533,261153,Quixaba,PE,Pernambuco,Nordeste,-7.70734,-37.8446
2611606,261160,Recife,PE,Pernambuco,Nordeste,-8.04666,-34.8771
2611705,261170,Riacho das Almas,PE,Pernambuco,Nordeste,-8.13742,-35.8648
2611804,261180,Ribeirão,PE,Pernambuco,Nordeste,-8.50957,-35.3698
2611903,261190,Rio Formoso,PE,Pernambuco,Nordeste,-8.6592,-35.1532
2612000,261200,Sairé,PE,Pernambuco,Nordeste,-8.32864,-35.6967
2612109,261210,Salgadinho,PE,Pernambuco,Nordeste,-7.9269,-35.6503
2612208,261220,Salgueiro,PE,Pernambuco,Nordeste,-8.07373,-39.1247
2612307,261230,Saloá,PE,Pernambuco,Nordeste,-8.9723,-36.691
2612406,261240,Sanharó,PE,Pernambuco,Nordeste,-8.36097,-36.5696
2612455,261245,Santa Cruz,PE,Pernambuco,Nordeste,-8.24153,-40.3434
2612471,261247,Santa Cruz da Baixa Verde,PE,Pernambuco,Nordeste,-7.81339,-38.1476
2612505,261250,Santa Cruz do Capibaribe,PE,Pernambuco,Nordeste,-7.94802,-36.2061
2612554,261255,Santa Filomena,PE,Pernambuco,Nordeste,-8.16688,-40.6079
2612604,261260,Santa Maria da Boa Vista,PE,Pernambuco,Nordeste,-8.79766,-39.8241
2612703,261270,Santa Maria do Cambucá,PE,Pernambuco,Nordeste,-7.83676,-35.8941
2612802,261280,Santa Terezinha,PE,Pernambuco,Nordeste,-7.37696,-37.4787
2612901,261290,São Benedito do Sul,PE,Pernambuco,Nordeste,-8.8166,-35.9453
2613008,261300,São Bento do Una,PE,Pernambuco,Nordeste,-8.52637,-36.4465
2613107,261310,São Caetano,PE,Pernambuco,Nordeste,-8.33763,-36.2869
2613206,261320,São João,PE,Pernambuco,Nordeste,-8.87576,-36.3653
2613305,261330,São Joaquim do Monte,PE,Pernambuco,Nordeste,-8.43196,-35.8035
2613404,261340,São José da Coroa Grande,PE,Pernambuco,Nordeste,-8.88937,-35.1515
2613503,261350,São José do Belmonte,PE,Pernambuco,Nordeste,-7.85723,-38.7577
2613602,261360,São José do Egito,PE,Pernambuco,Nordeste,-7.46945,-37.274
2613701,261370,São Lourenço da Mata,PE,Pernambuco,Nordeste,-8.00684,-35.0124
2613800,261380,São Vicente Ferrer,PE,Pernambuco,Nordeste,-7.58969,-35.4808
2613909,261390,Serra Talhada,PE,Pernambuco,Nordeste,-7.98178,-38.289
2614006,261400,Serrita,PE,Pernambuco,Nordeste,-7.94041,-39.2951
2614105,261410,Sertânia,PE,Pernambuco,Nordeste,-8.06847,-37.2684
2614204,261420,Sirinhaém,PE,Pernambuco,Nordeste,-8.58778,-35.1126
2614303,261430,Moreilândia,PE,Pernambuco,Nordeste,-7.61931,-39.546
2614402,261440,Solidão,PE,Pernambuco,Nordeste,-7.59472,-37.6445
2614501,261450,Surubim,PE,Pernambuco,Nordeste,-7.84746,-35.7481
2614600,261460,Tabira,PE,Pernambuco,Nordeste,-7.58366,-37.5377
2614709,261470,Tacaimbó,PE,Pernambuco,Nordeste,-8.30867,-36.3
2614808,261480,Tacaratu,PE,Pernambuco,Nordeste,-9.09798,-38.1504
2614857,261485,Tamandaré,PE,Pernambuco,Nordeste,-8.75665,-35.1033
2615003,261500,Taquaritinga do Norte,PE,Pernambuco,Nordeste,-7.89446,-36.0423
2615102,261510,Terezinha,PE,Pernambuco,Nordeste,-9.05621,-36.6272
2615201,261520,Terra Nova,PE,Pernambuco,Nordeste,-8.22244,-39.3825
2615300,261530,Timbaúba,PE,Pernambuco,Nordeste,-7.50484,-35.3119
2615409,261540,Toritama,PE,Pernambuco,Nordeste,-8.00955,-36.0637
2615508,261550,Tracunhaém,PE,Pernambuco,Nordeste,-7.80228,-35.2314
2615607,261560,Trindade,PE,Pernambuco,Nordeste,-7.759,-40.2647
2615706,261570,Triunfo,PE,Pernambuco,Nordeste,-7.83272,-38.0978
2615805,261580,Tupanatinga,PE,Pernambuco,Nordeste,-8.74798,-37.3445
2615904,261590,Tuparetama,PE,Pernambuco,Nordeste,-7.6003,-37.3165
2616001,261600,Venturosa,PE,Pernambuco,Nordeste,-8.57885,-36.8742
2616100,261610,Verdejante,PE,Pernambuco,Nordeste,-7.92235,-38.9701
2616183,261618,Vertente do Lério,PE,Pernambuco,Nordeste,-7.77084,-35.8491
2616209,261620,Vertentes,PE,Pernambuco,Nordeste,-7.90158,-35.9681
2616308,261630,Vicência,PE,Pernambuco,Nordeste,-7.65655,-35.3139
2616407,261640,Vitória de Santo Antão,PE,Pernambuco,Nordeste,-8.12819,-35.2976
2616506,261650,Xexéu,PE,Pernambuco,Nordeste,-8.8046,-35.6212
2700102,270010,Água Branca,AL,Alagoas,Nordeste,-9.262,-37.938
2700201,270020,Anadia,AL,Alagoas,Nordeste,-9.68489,-36.3078
2700300,270030,Arapiraca,AL,Alagoas,Nordeste,-9.75487,-36.6615
2700409,270040,Atalaia,AL,Alagoas,Nordeste,-9.5119,-36.0086
2700508,270050,Barra de Santo Antônio,AL,Alagoas,Nordeste,-9.4023,-35.5101
2700607,270060,Barra de São Miguel,AL,Alagoas,Nordeste,-9.83842,-35.9057
2700706,270070,Batalha,AL,Alagoas,Nordeste,-9.6742,-37.133
2700805,270080,Belém,AL,Alagoas,Nordeste,-9.57047,-36.4904
2700904,270090,Belo Monte,AL,Alagoas,Nordeste,-9.82272,-37.277
2701001,270100,Boca da Mata,AL,Alagoas,Nordeste,-9.64308,-36.2125
2701100,270110,Branquinha,AL,Alagoas,Nordeste,-9.23342,-36.0162
2701209,270120,Cacimbinhas,AL,Alagoas,Nordeste,-9.40121,-36.9911
2701308,270130,Cajueiro,AL,Alagoas,Nordeste,-9.3994,-36.1559
2701357,270135,Campestre,AL,Alagoas,Nordeste,-8.84723,-35.5685
2701407,270140,Campo Alegre,AL,Alagoas,Nordeste,-9.78451,-36.3525
2701506,270150,Campo Grande,AL,Alagoas,Nordeste,-9.95542,-36.7926
2701605,270160,Canapi,AL,Alagoas,Nordeste,-9.11932,-37.5967
2701704,270170,Capela,AL,Alagoas,Nordeste,-9.41504,-36.0826
2701803,270180,Carneiros,AL,Alagoas,Nordeste,-9.48476,-37.3773
2701902,270190,Chã Preta,AL,Alagoas,Nordeste,-9.2556,-36.2983
2702009,270200,Coité do Nóia,AL,Alagoas,Nordeste,-9.63348,-36.5845
2702108,270210,Colônia Leopoldina,AL,Alagoas,Nordeste,-8.91806,-35.7214
2702207,270220,Coqueiro Seco,AL,Alagoas,Nordeste,-9.63715,-35.7994
2702306,270230,Coruripe,AL,Alagoas,Nordeste,-10.1276,-36.1717
2702355,270235,Craíbas,AL,Alagoas,Nordeste,-9.6178,-36.7697
2702405,270240,Delmiro Gouveia,AL,Alagoas,Nordeste,-9.38534,-37.9987
2702504,270250,Dois Riachos,AL,Alagoas,Nordeste,-9.38465,-37.0965
2702553,270255,Estrela de Alagoas,AL,Alagoas,Nordeste,-9.39089,-36.7644
2702603,270260,Feira Grande,AL,Alagoas,Nordeste,-9.89859,-36.6815
2702702,270270,Feliz Deserto,AL,Alagoas,Nordeste,-10.2935,-36.3028
2702801,270280,Flexeiras,AL,Alagoas,Nordeste,-9.27281,-35.7139
2702900,270290,Girau do Ponciano,AL,Alagoas,Nordeste,-9.88404,-36.8316
2703007,270300,Ibateguara,AL,Alagoas,Nordeste,-8.97823,-35.9373
2703106,270310,Igaci,AL,Alagoas,Nordeste,-9.53768,-36.6372
2703205,270320,Igreja Nova,AL,Alagoas,Nordeste,-10.1235,-36.6597
2703304,270330,Inhapi,AL,Alagoas,Nordeste,-9.22594,-37.7509
2703403,270340,Jacaré dos Homens,AL,Alagoas,Nordeste,-9.63545,-37.2076
2703502,270350,Jacuípe,AL,Alagoas,Nordeste,-8.83951,-35.4591
2703601,270360,Japaratinga,AL,Alagoas,Nordeste,-9.08746,-35.2634
2703700,270370,Jaramataia,AL,Alagoas,Nordeste,-9.66224,-37.0046
2703759,270375,Jequiá da Praia,AL,Alagoas,Nordeste,-10.0133,-36.0142
2703809,270380,Joaquim Gomes,AL,Alagoas,Nordeste,-9.1328,-35.7474
2703908,270390,Jundiá,AL,Alagoas,Nordeste,-8.93297,-35.5669
2704005,270400,Junqueiro,AL,Alagoas,Nordeste,-9.90696,-36.4803
2704104,270410,Lagoa da Canoa,AL,Alagoas,Nordeste,-9.83291,-36.7413
2704203,270420,Limoeiro de Anadia,AL,Alagoas,Nordeste,-9.74098,-36.5121
2704302,270430,Maceió,AL,Alagoas,Nordeste,-9.66599,-35.735
2704401,270440,Major Isidoro,AL,Alagoas,Nordeste,-9.53009,-36.992
2704500,270450,Maragogi,AL,Alagoas,Nordeste,-9.00744,-35.2267
2704609,270460,Maravilha,AL,Alagoas,Nordeste,-9.23045,-37.3524
2704708,270470,Marechal Deodoro,AL,Alagoas,Nordeste,-9.70971,-35.8967
2704807,270480,Maribondo,AL,Alagoas,Nordeste,-9.58353,-36.3045
2704906,270490,Mar Vermelho,AL,Alagoas,Nordeste,-9.44739,-36.3881
2705002,270500,Mata Grande,AL,Alagoas,Nordeste,-9.11824,-37.7323
2705101,270510,Matriz de Camaragibe,AL,Alagoas,Nordeste,-9.15437,-35.5243
2705200,270520,Messias,AL,Alagoas,Nordeste,-9.39384,-35.8392
2705309,270530,Minador do Negrão,AL,Alagoas,Nordeste,-9.31236,-36.8696
2705408,270540,Monteirópolis,AL,Alagoas,Nordeste,-9.60357,-37.2505
2705507,270550,Murici,AL,Alagoas,Nordeste,-9.30682,-35.9428
2705606,270560,Novo Lino,AL,Alagoas,Nordeste,-8.94191,-35.664
2705705,270570,Olho d'Água das Flores,AL,Alagoas,Nordeste,-9.53686,-37.2971
2705804,270580,Olho d'Água do Casado,AL,Alagoas,Nordeste,-9.50357,-37.8301
2705903,270590,Olho d'Água Grande,AL,Alagoas,Nordeste,-10.0572,-36.8101
2706000,270600,Olivença,AL,Alagoas,Nordeste,-9.51954,-37.1954
2706109,270610,Ouro Branco,AL,Alagoas,Nordeste,-9.15884,-37.3556
2706208,270620,Palestina,AL,Alagoas,Nordeste,-9.67493,-37.339
2706307,270630,Palmeira dos Índios,AL,Alagoas,Nordeste,-9.40568,-36.6328
2706406,270640,Pão de Açúcar,AL,Alagoas,Nordeste,-9.74032,-37.4403
2706422,270642,Pariconha,AL,Alagoas,Nordeste,-9.25634,-37.9988
2706448,270644,Paripueira,AL,Alagoas,Nordeste,-9.46313,-35.552
2706505,270650,Passo de Camaragibe,AL,Alagoas,Nordeste,-9.24511,-35.4745
2706604,270660,Paulo Jacinto,AL,Alagoas,Nordeste,-9.36792,-36.3672
2706703,270670,Penedo,AL,Alagoas,Nordeste,-10.2874,-36.5819
2706802,270680,Piaçabuçu,AL,Alagoas,Nordeste,-10.406,-36.434
2706901,270690,Pilar,AL,Alagoas,Nordeste,-9.60135,-35.9543
2707008,270700,Pindoba,AL,Alagoas,Nordeste,-9.47382,-36.2918
2707107,270710,Piranhas,AL,Alagoas,Nordeste,-9.624,-37.757
2707206,270720,Poço das Trincheiras,AL,Alagoas,Nordeste,-9.30742,-37.2889
2707305,270730,Porto Calvo,AL,Alagoas,Nordeste,-9.05195,-35.3987
2707404,270740,Porto de Pedras,AL,Alagoas,Nordeste,-9.16006,-35.3049
2707503,270750,Porto Real do Colégio,AL,Alagoas,Nordeste,-10.1849,-36.8376
2707602,270760,Quebrangulo,AL,Alagoas,Nordeste,-9.32001,-36.4692
2707701,270770,Rio Largo,AL,Alagoas,Nordeste,-9.47783,-35.8394
2707800,270780,Roteiro,AL,Alagoas,Nordeste,-9.83503,-35.9782
2707909,270790,Santa Luzia do Norte,AL,Alagoas,Nordeste,-9.6037,-35.8232
2708006,270800,Santana do Ipanema,AL,Alagoas,Nordeste,-9.36999,-37.248
2708105,270810,Santana do Mundaú,AL,Alagoas,Nordeste,-9.17141,-36.2176
2708204,270820,São Brás,AL,Alagoas,Nordeste,-10.1141,-36.8522
2708303,270830,São José da Laje,AL,Alagoas,Nordeste,-9.01278,-36.0515
2708402,270840,São José da Tapera,AL,Alagoas,Nordeste,-9.55768,-37.3831
2708501,270850,São Luís do Quitunde,AL,Alagoas,Nordeste,-9.31816,-35.5606
2708600,270860,São Miguel dos Campos,AL,Alagoas,Nordeste,-9.78301,-36.0971
2708709,270870,São Miguel dos Milagres,AL,Alagoas,Nordeste,-9.26493,-35.3763
2708808,270880,São Sebastião,AL,Alagoas,Nordeste,-9.93043,-36.559
2708907,270890,Satuba,AL,Alagoas,Nordeste,-9.56911,-35.8227
2708956,270895,Senador Rui Palmeira,AL,Alagoas,Nordeste,-9.46986,-37.4576
2709004,270900,Tanque d'Arca,AL,Alagoas,Nordeste,-9.53379,-36.4366
2709103,270910,Taquarana,AL,Alagoas,Nordeste,-9.64529,-36.4928
2709152,270915,Teotônio Vilela,AL,Alagoas,Nordeste,-9.91656,-36.3492
2709202,270920,Traipu,AL,Alagoas,Nordeste,-9.96262,-37.0071
2709301,270930,União dos Palmares,AL,Alagoas,Nordeste,-9.15921,-36.0223
2709400,270940,Viçosa,AL,Alagoas,Nordeste,-9.36763,-36.2431
2800100,280010,Amparo de São Francisco,SE,Sergipe,Nordeste,-10.1348,-36.935
2800209,280020,Aquidabã,SE,Sergipe,Nordeste,-10.278,-37.0148
2800308,280030,Aracaju,SE,Sergipe,Nordeste,-10.9091,-37.0677
2800407,280040,Arauá,SE,Sergipe,Nordeste,-11.2614,-37.6201
2800506,280050,Areia Branca,SE,Sergipe,Nordeste,-10.758,-37.3251
2800605,280060,Barra dos Coqueiros,SE,Sergipe,Nordeste,-10.8996,-37.0323
2800670,280067,Boquim,SE,Sergipe,Nordeste,-11.1397,-37.6195
2800704,280070,Brejo Grande,SE,Sergipe,Nordeste,-10.4297,-36.4611
2801009,280100,Campo do Brito,SE,Sergipe,Nordeste,-10.7392,-37.4954
2801108,280110,Canhoba,SE,Sergipe,Nordeste,-10.1365,-36.9806
2801207,280120,Canindé de São Francisco,SE,Sergipe,Nordeste,-9.64882,-37.7923
2801306,280130,Capela,SE,Sergipe,Nordeste,-10.5069,-37.0628
2801405,280140,Carira,SE,Sergipe,Nordeste,-10.3524,-37.7002
2801504,280150,Carmópolis,SE,Sergipe,Nordeste,-10.6449,-36.9887
2801603,280160,Cedro de São João,SE,Sergipe,Nordeste,-10.2534,-36.8856
2801702,280170,Cristinápolis,SE,Sergipe,Nordeste,-11.4668,-37.7585
2801900,280190,Cumbe,SE,Sergipe,Nordeste,-10.352,-37.1846
2802007,280200,Divina Pastora,SE,Sergipe,Nordeste,-10.6782,-37.1506
2802106,280210,Estância,SE,Sergipe,Nordeste,-11.2659,-37.4484
2802205,280220,Feira Nova,SE,Sergipe,Nordeste,-10.2616,-37.3147
2802304,280230,Frei Paulo,SE,Sergipe,Nordeste,-10.5513,-37.5279
2802403,280240,Gararu,SE,Sergipe,Nordeste,-9.9722,-37.0869
2802502,280250,General Maynard,SE,Sergipe,Nordeste,-10.6835,-36.9838
2802601,280260,Gracho Cardoso,SE,Sergipe,Nordeste,-10.2252,-37.2006
2802700,280270,Ilha das Flores,SE,Sergipe,Nordeste,-10.4425,-36.5479
2802809,280280,Indiaroba,SE,Sergipe,Nordeste,-11.5157,-37.515
2802908,280290,Itabaiana,SE,Sergipe,Nordeste,-10.6826,-37.4273
2803005,280300,Itabaianinha,SE,Sergipe,Nordeste,-11.2693,-37.7875
2803104,280310,Itabi,SE,Sergipe,Nordeste,-10.1248,-37.1056
2803203,280320,Itaporanga d'Ajuda,SE,Sergipe,Nordeste,-10.99,-37.3078
2803302,280330,Japaratuba,SE,Sergipe,Nordeste,-10.5849,-36.9418
2803401,280340,Japoatã,SE,Sergipe,Nordeste,-10.3477,-36.8045
2803500,280350,Lagarto,SE,Sergipe,Nordeste,-10.9136,-37.6689
2803609,280360,Laranjeiras,SE,Sergipe,Nordeste,-10.7981,-37.1731
2803708,280370,Macambira,SE,Sergipe,Nordeste,-10.6619,-37.5413
2803807,280380,Malhada dos Bois,SE,Sergipe,Nordeste,-10.3418,-36.9252
2803906,280390,Malhador,SE,Sergipe,Nordeste,-10.6649,-37.3004
2804003,280400,Maruim,SE,Sergipe,Nordeste,-10.7308,-37.0856
2804102,280410,Moita Bonita,SE,Sergipe,Nordeste,-10.5769,-37.3512
2804201,280420,Monte Alegre de Sergipe,SE,Sergipe,Nordeste,-10.0256,-37.5616
2804300,280430,Muribeca,SE,Sergipe,Nordeste,-10.4271,-36.9588
2804409,280440,Neópolis,SE,Sergipe,Nordeste,-10.3215,-36.585
2804458,280445,Nossa Senhora Aparecida,SE,Sergipe,Nordeste,-10.3944,-37.4517
2804508,280450,Nossa Senhora da Glória,SE,Sergipe,Nordeste,-10.2158,-37.4211
2804607,280460,Nossa Senhora das Dores,SE,Sergipe,Nordeste,-10.4854,-37.1963
2804706,280470,Nossa Senhora de Lourdes,SE,Sergipe,Nordeste,-10.0772,-37.0615
2804805,280480,Nossa Senhora do Socorro,SE,Sergipe,Nordeste,-10.8468,-37.1231
2804904,280490,Pacatuba,SE,Sergipe,Nordeste,-10.4538,-36.6531
2805000,280500,Pedra Mole,SE,Sergipe,Nordeste,-10.6134,-37.6922
2805109,280510,Pedrinhas,SE,Sergipe,Nordeste,-11.1902,-37.6775
2805208,280520,Pinhão,SE,Sergipe,Nordeste,-10.5677,-37.7242
2805307,280530,Pirambu,SE,Sergipe,Nordeste,-10.7215,-36.8544
2805406,280540,Poço Redondo,SE,Sergipe,Nordeste,-9.80616,-37.6833
2805505,280550,Poço Verde,SE,Sergipe,Nordeste,-10.7151,-38.1813
2805604,280560,Porto da Folha,SE,Sergipe,Nordeste,-9.91626,-37.2842
2805703,280570,Propriá,SE,Sergipe,Nordeste,-10.2138,-36.8442
2805802,280580,Riachão do Dantas,SE,Sergipe,Nordeste,-11.0729,-37.731
2805901,280590,Riachuelo,SE,Sergipe,Nordeste,-10.735,-37.1966
2806008,280600,Ribeirópolis,SE,Sergipe,Nordeste,-10.5357,-37.438
2806107,280610,Rosário do Catete,SE,Sergipe,Nordeste,-10.6904,-37.0357
2806206,280620,Salgado,SE,Sergipe,Nordeste,-11.0288,-37.4804
2806305,280630,Santa Luzia do Itanhy,SE,Sergipe,Nordeste,-11.3536,-37.4586
2806404,280640,Santana do São Francisco,SE,Sergipe,Nordeste,-10.2922,-36.6105
2806503,280650,Santa Rosa de Lima,SE,Sergipe,Nordeste,-10.6434,-37.1931
2806602,280660,Santo Amaro das Brotas,SE,Sergipe,Nordeste,-10.7892,-37.0564
2806701,280670,São Cristóvão,SE,Sergipe,Nordeste,-11.0084,-37.2044
2806800,280680,São Domingos,SE,Sergipe,Nordeste,-10.7916,-37.5685
2806909,280690,São Francisco,SE,Sergipe,Nordeste,-10.3442,-36.8869
2807006,280700,São Miguel do Aleixo,SE,Sergipe,Nordeste,-10.3847,-37.3836
2807105,280710,Simão Dias,SE,Sergipe,Nordeste,-10.7387,-37.8097
2807204,280720,Siriri,SE,Sergipe,Nordeste,-10.5965,-37.1131
2807303,280730,Telha,SE,Sergipe,Nordeste,-10.2064,-36.8818
2807402,280740,Tobias Barreto,SE,Sergipe,Nordeste,-11.1798,-37.9995
2807501,280750,Tomar do Geru,SE,Sergipe,Nordeste,-11.3694,-37.8433
2807600,280760,Umbaúba,SE,Sergipe,Nordeste,-11.3809,-37.6623
2900108,290010,Abaíra,BA,Bahia,Nordeste,-13.2488,-41.6619
2900207,290020,Abaré,BA,Bahia,Nordeste,-8.72073,-39.1162
2900306,290030,Acajutiba,BA,Bahia,Nordeste,-11.6575,-38.0197
2900355,290035,Adustina,BA,Bahia,Nordeste,-10.5437,-38.1113
2900405,290040,Água Fria,BA,Bahia,Nordeste,-11.8618,-38.7639
2900504,290050,Érico Cardoso,BA,Bahia,Nordeste,-13.4215,-42.1352
2900603,290060,Aiquara,BA,Bahia,Nordeste,-14.1269,-39.8937
2900702,290070,Alagoinhas,BA,Bahia,Nordeste,-12.1335,-38.4208
2900801,290080,Alcobaça,BA,Bahia,Nordeste,-17.5195,-39.2036
2900900,290090,Almadina,BA,Bahia,Nordeste,-14.7089,-39.6415
2901007,290100,Amargosa,BA,Bahia,Nordeste,-13.0215,-39.602
2901106,290110,Amélia Rodrigues,BA,Bahia,Nordeste,-12.3914,-38.7563
2901155,290115,América Dourada,BA,Bahia,Nordeste,-11.4429,-41.439
2901205,290120,Anagé,BA,Bahia,Nordeste,-14.6151,-41.1356
2901304,290130,Andaraí,BA,Bahia,Nordeste,-12.8049,-41.3297
2901353,290135,Andorinha,BA,Bahia,Nordeste,-10.3482,-39.8391
2901403,290140,Angical,BA,Bahia,Nordeste,-12.0063,-44.7003
2901502,290150,Anguera,BA,Bahia,Nordeste,-12.1462,-39.2462
2901601,290160,Antas,BA,Bahia,Nordeste,-10.3856,-38.3401
2901700,290170,Antônio Cardoso,BA,Bahia,Nordeste,-12.4335,-39.1176
2901809,290180,Antônio Gonçalves,BA,Bahia,Nordeste,-10.5767,-40.2785
2901908,290190,Aporá,BA,Bahia,Nordeste,-11.6577,-38.0814
2901957,290195,Apuarema,BA,Bahia,Nordeste,-13.8542,-39.7501
2902005,290200,Aracatu,BA,Bahia,Nordeste,-14.428,-41.4648
2902054,290205,Araças,BA,Bahia,Nordeste,-12.22,-38.2027
2902104,290210,Araci,BA,Bahia,Nordeste,-11.3253,-38.9584
2902203,290220,Aramari,BA,Bahia,Nordeste,-12.0884,-38.4969
2902252,290225,Arataca,BA,Bahia,Nordeste,-15.2651,-39.419
2902302,290230,Aratuípe,BA,Bahia,Nordeste,-13.0716,-39.0038
2902401,290240,Aurelino Leal,BA,Bahia,Nordeste,-14.321,-39.329
2902500,290250,Baianópolis,BA,Bahia,Nordeste,-12.3016,-44.5388
2902609,290260,Baixa Grande,BA,Bahia,Nordeste,-11.9519,-40.169
2902658,290265,Banzaê,BA,Bahia,Nordeste,-10.5788,-38.6212
2902708,290270,Barra,BA,Bahia,Nordeste,-11.0859,-43.1459
2902807,290280,Barra da Estiva,BA,Bahia,Nordeste,-13.6237,-41.3347
2902906,290290,Barra do Choça,BA,Bahia,Nordeste,-14.8654,-40.5791
2903003,290300,Barra do Mendes,BA,Bahia,Nordeste,-11.81,-42.059
2903102,290310,Barra do Rocha,BA,Bahia,Nordeste,-14.2,-39.5991
2903201,290320,Barreiras,BA,Bahia,Nordeste,-12.1439,-44.9968
2903235,290323,Barro Alto,BA,Bahia,Nordeste,-11.7605,-41.9054
2903276,290327,Barrocas,BA,Bahia,Nordeste,-11.5272,-39.0776
2903300,290330,Barro Preto,BA,Bahia,Nordeste,-14.7948,-39.476
2903409,290340,Belmonte,BA,Bahia,Nordeste,-15.8608,-38.8758
2903508,290350,Belo Campo,BA,Bahia,Nordeste,-15.0334,-41.2652
2903607,290360,Biritinga,BA,Bahia,Nordeste,-11.6072,-38.8051
2903706,290370,Boa Nova,BA,Bahia,Nordeste,-14.3598,-40.2064
2903805,290380,Boa Vista do Tupim,BA,Bahia,Nordeste,-12.6498,-40.6064
2903904,290390,Bom Jesus da Lapa,BA,Bahia,Nordeste,-13.2506,-43.4108
2903953,290395,Bom Jesus da Serra,BA,Bahia,Nordeste,-14.3663,-40.5126
2904001,290400,Boninal,BA,Bahia,Nordeste,-12.7069,-41.8286
2904050,290405,Bonito,BA,Bahia,Nordeste,-11.9668,-41.2647
2904100,290410,Boquira,BA,Bahia,Nordeste,-12.8205,-42.7324
2904209,290420,Botuporã,BA,Bahia,Nordeste,-13.3772,-42.5163
2904308,290430,Brejões,BA,Bahia,Nordeste,-13.1039,-39.7988
2904407,290440,Brejolândia,BA,Bahia,Nordeste,-12.4815,-43.9679
2904506,290450,Brotas de Macaúbas,BA,Bahia,Nordeste,-11.9915,-42.6326
2904605,290460,Brumado,BA,Bahia,Nordeste,-14.2021,-41.6696
2904704,290470,Buerarema,BA,Bahia,Nordeste,-14.9595,-39.3028
2904753,290475,Buritirama,BA,Bahia,Nordeste,-10.7171,-43.6302
2904803,290480,Caatiba,BA,Bahia,Nordeste,-14.9699,-40.4092
2904852,290485,Cabaceiras do Paraguaçu,BA,Bahia,Nordeste,-12.5317,-39.1902
2904902,290490,Cachoeira,BA,Bahia,Nordeste,-12.5994,-38.9587
2905008,290500,Caculé,BA,Bahia,Nordeste,-14.5003,-42.2229
2905107,290510,Caém,BA,Bahia,Nordeste,-11.0677,-40.432
2905156,290515,Caetanos,BA,Bahia,Nordeste,-14.3347,-40.9175
2905206,290520,Caetité,BA,Bahia,Nordeste,-14.0684,-42.4861
2905305,290530,Cafarnaum,BA,Bahia,Nordeste,-11.6914,-41.4688
2905404,290540,Cairu,BA,Bahia,Nordeste,-13.4904,-39.0465
2905503,290550,Caldeirão Grande,BA,Bahia,Nordeste,-11.0208,-40.2956
2905602,290560,Camacan,BA,Bahia,Nordeste,-15.4142,-39.4919
2905701,290570,Camaçari,BA,Bahia,Nordeste,-12.6996,-38.3263
2905800,290580,Camamu,BA,Bahia,Nordeste,-13.9398,-39.1071
2905909,290590,Campo Alegre de Lourdes,BA,Bahia,Nordeste,-9.52221,-43.0126
2906006,290600,Campo Formoso,BA,Bahia,Nordeste,-10.5105,-40.32
2906105,290610,Canápolis,BA,Bahia,Nordeste,-13.0725,-44.201
2906204,290620,Canarana,BA,Bahia,Nordeste,-11.6858,-41.7677
2906303,290630,Canavieiras,BA,Bahia,Nordeste,-15.6722,-38.9536
2906402,290640,Candeal,BA,Bahia,Nordeste,-11.8049,-39.1203
2906501,290650,Candeias,BA,Bahia,Nordeste,-12.6716,-38.5472
2906600,290660,Candiba,BA,Bahia,Nordeste,-14.4097,-42.8667
2906709,290670,Cândido Sales,BA,Bahia,Nordeste,-15.4993,-41.2414
2906808,290680,Cansanção,BA,Bahia,Nordeste,-10.6647,-39.4944
2906824,290682,Canudos,BA,Bahia,Nordeste,-9.90014,-39.1471
2906857,290685,Capela do Alto Alegre,BA,Bahia,Nordeste,-11.6658,-39.8349
2906873,290687,Capim Grosso,BA,Bahia,Nordeste,-11.3797,-40.0089
2906899,290689,Caraíbas,BA,Bahia,Nordeste,-14.7177,-41.2603
2906907,290690,Caravelas,BA,Bahia,Nordeste,-17.7268,-39.2597
2907004,290700,Cardeal da Silva,BA,Bahia,Nordeste,-11.9472,-37.9469
2907103,290710,Carinhanha,BA,Bahia,Nordeste,-14.2985,-43.7724
2907202,290720,Casa Nova,BA,Bahia,Nordeste,-9.16408,-40.974
2907301,290730,Castro Alves,BA,Bahia,Nordeste,-12.7579,-39.4248
2907400,290740,Catolândia,BA,Bahia,Nordeste,-12.31,-44.8648
2907509,290750,Catu,BA,Bahia,Nordeste,-12.3513,-38.3791
2907558,290755,Caturama,BA,Bahia,Nordeste,-13.3239,-42.2904
2907608,290760,Central,BA,Bahia,Nordeste,-11.1376,-42.1116
2907707,290770,Chorrochó,BA,Bahia,Nordeste,-8.9695,-39.0979
2907806,290780,Cícero Dantas,BA,Bahia,Nordeste,-10.5897,-38.3794
2907905,290790,Cipó,BA,Bahia,Nordeste,-11.1032,-38.5179
2908002,290800,Coaraci,BA,Bahia,Nordeste,-14.637,-39.5556
2908101,290810,Cocos,BA,Bahia,Nordeste,-14.1814,-44.5352
2908200,290820,Conceição da Feira,BA,Bahia,Nordeste,-12.5078,-38.9978
2908309,290830,Conceição do Almeida,BA,Bahia,Nordeste,-12.7836,-39.1715
2908408,290840,Conceição do Coité,BA,Bahia,Nordeste,-11.56,-39.2808
2908507,290850,Conceição do Jacuípe,BA,Bahia,Nordeste,-12.3268,-38.7684
2908606,290860,Conde,BA,Bahia,Nordeste,-11.8179,-37.6131
2908705,290870,Condeúba,BA,Bahia,Nordeste,-14.9022,-41.9718
2908804,290880,Contendas do Sincorá,BA,Bahia,Nordeste,-13.7537,-41.048
2908903,290890,Coração de Maria,BA,Bahia,Nordeste,-12.2333,-38.7487
2909000,290900,Cordeiros,BA,Bahia,Nordeste,-15.0356,-41.9308
2909109,290910,Coribe,BA,Bahia,Nordeste,-13.8232,-44.4586
2909208,290920,Coronel João Sá,BA,Bahia,Nordeste,-10.2847,-37.9198
2909307,290930,Correntina,BA,Bahia,Nordeste,-13.3477,-44.6333
2909406,290940,Cotegipe,BA,Bahia,Nordeste,-12.0228,-44.2566
2909505,290950,Cravolândia,BA,Bahia,Nordeste,-13.3531,-39.8031
2909604,290960,Crisópolis,BA,Bahia,Nordeste,-11.5059,-38.1515
2909703,290970,Cristópolis,BA,Bahia,Nordeste,-12.2249,-44.4214
2909802,290980,Cruz das Almas,BA,Bahia,Nordeste,-12.6675,-39.1008
2909901,290990,Curaçá,BA,Bahia,Nordeste,-8.98458,-39.8997
2910008,291000,Dário Meira,BA,Bahia,Nordeste,-14.4229,-39.9031
2910057,291005,Dias d'Ávila,BA,Bahia,Nordeste,-12.6187,-38.2926
2910107,291010,Dom Basílio,BA,Bahia,Nordeste,-13.7565,-41.7677
2910206,291020,Dom Macedo Costa,BA,Bahia,Nordeste,-12.9016,-39.1923
2910305,291030,Elísio Medrado,BA,Bahia,Nordeste,-12.9417,-39.5191
2910404,291040,Encruzilhada,BA,Bahia,Nordeste,-15.5302,-40.9124
2910503,291050,Entre Rios,BA,Bahia,Nordeste,-11.9392,-38.0871
2910602,291060,Esplanada,BA,Bahia,Nordeste,-11.7942,-37.9432
2910701,291070,Euclides da Cunha,BA,Bahia,Nordeste,-10.5078,-39.0153
2910727,291072,Eunápolis,BA,Bahia,Nordeste,-16.3715,-39.5821
2910750,291075,Fátima,BA,Bahia,Nordeste,-10.616,-38.2239
2910776,291077,Feira da Mata,BA,Bahia,Nordeste,-14.2044,-44.2744
2910800,291080,Feira de Santana,BA,Bahia,Nordeste,-12.2664,-38.9663
2910859,291085,Filadélfia,BA,Bahia,Nordeste,-10.7405,-40.1437
2910909,291090,Firmino Alves,BA,Bahia,Nordeste,-14.9823,-39.9269
2911006,291100,Floresta Azul,BA,Bahia,Nordeste,-14.8629,-39.6579
2911105,291110,Formosa do Rio Preto,BA,Bahia,Nordeste,-11.0328,-45.193
2911204,291120,Gandu,BA,Bahia,Nordeste,-13.7441,-39.4747
2911253,291125,Gavião,BA,Bahia,Nordeste,-11.4688,-39.7757
2911303,291130,Gentio do Ouro,BA,Bahia,Nordeste,-11.4342,-42.5077
2911402,291140,Glória,BA,Bahia,Nordeste,-9.34382,-38.2544
2911501,291150,Gongogi,BA,Bahia,Nordeste,-14.3195,-39.469
2911600,291160,Governador Mangabeira,BA,Bahia,Nordeste,-12.5994,-39.0412
2911659,291165,Guajeru,BA,Bahia,Nordeste,-14.5467,-41.9381
2911709,291170,Guanambi,BA,Bahia,Nordeste,-14.2231,-42.7799
2911808,291180,Guaratinga,BA,Bahia,Nordeste,-16.5833,-39.7847
2911857,291185,Heliópolis,BA,Bahia,Nordeste,-10.6825,-38.2907
2911907,291190,Iaçu,BA,Bahia,Nordeste,-12.7666,-40.2056
2912004,291200,Ibiassucê,BA,Bahia,Nordeste,-14.2711,-42.257
2912103,291210,Ibicaraí,BA,Bahia,Nordeste,-14.8579,-39.5914
2912202,291220,Ibicoara,BA,Bahia,Nordeste,-13.4059,-41.284
2912301,291230,Ibicuí,BA,Bahia,Nordeste,-14.845,-39.9879
2912400,291240,Ibipeba,BA,Bahia,Nordeste,-11.6438,-42.0195
2912509,291250,Ibipitanga,BA,Bahia,Nordeste,-12.8804,-42.4856
2912608,291260,Ibiquera,BA,Bahia,Nordeste,-12.6444,-40.9338
2912707,291270,Ibirapitanga,BA,Bahia,Nordeste,-14.1649,-39.3787
2912806,291280,Ibirapuã,BA,Bahia,Nordeste,-17.6832,-40.1129
2912905,291290,Ibirataia,BA,Bahia,Nordeste,-14.0643,-39.6459
2913002,291300,Ibitiara,BA,Bahia,Nordeste,-12.6502,-42.2179
2913101,291310,Ibititá,BA,Bahia,Nordeste,-11.5414,-41.9748
2913200,291320,Ibotirama,BA,Bahia,Nordeste,-12.1779,-43.2167
2913309,291330,Ichu,BA,Bahia,Nordeste,-11.7431,-39.1905
2913408,291340,Igaporã,BA,Bahia,Nordeste,-13.774,-42.7155
2913457,291345,Igrapiúna,BA,Bahia,Nordeste,-13.8295,-39.1361
2913507,291350,Iguaí,BA,Bahia,Nordeste,-14.7528,-40.0894
2913606,291360,Ilhéus,BA,Bahia,Nordeste,-14.793,-39.046
2913705,291370,Inhambupe,BA,Bahia,Nordeste,-11.781,-38.355
2913804,291380,Ipecaetá,BA,Bahia,Nordeste,-12.3028,-39.3069
2913903,291390,Ipiaú,BA,Bahia,Nordeste,-14.1226,-39.7353
2914000,291400,Ipirá,BA,Bahia,Nordeste,-12.1561,-39.7359
2914109,291410,Ipupiara,BA,Bahia,Nordeste,-11.8219,-42.6179
2914208,291420,Irajuba,BA,Bahia,Nordeste,-13.2563,-40.0848
2914307,291430,Iramaia,BA,Bahia,Nordeste,-13.2902,-40.9595
2914406,291440,Iraquara,BA,Bahia,Nordeste,-12.2429,-41.6155
2914505,291450,Irará,BA,Bahia,Nordeste,-12.0504,-38.7631
2914604,291460,Irecê,BA,Bahia,Nordeste,-11.3033,-41.8535
2914653,291465,Itabela,BA,Bahia,Nordeste,-16.5732,-39.5593
2914703,291470,Itaberaba,BA,Bahia,Nordeste,-12.5242,-40.3059
2914802,291480,Itabuna,BA,Bahia,Nordeste,-14.7876,-39.2781
2914901,291490,Itacaré,BA,Bahia,Nordeste,-14.2784,-38.9959
2915007,291500,Itaeté,BA,Bahia,Nordeste,-12.9831,-40.9677
2915106,291510,Itagi,BA,Bahia,Nordeste,-14.1615,-40.0131
2915205,291520,Itagibá,BA,Bahia,Nordeste,-14.2782,-39.8449
2915304,291530,Itagimirim,BA,Bahia,Nordeste,-16.0819,-39.6133
2915353,291535,Itaguaçu da Bahia,BA,Bahia,Nordeste,-11.0147,-42.3997
2915403,291540,Itaju do Colônia,BA,Bahia,Nordeste,-15.1366,-39.7283
2915502,291550,Itajuípe,BA,Bahia,Nordeste,-14.6788,-39.3698
2915601,291560,Itamaraju,BA,Bahia,Nordeste,-17.0378,-39.5386
2915700,291570,Itamari,BA,Bahia,Nordeste,-13.7782,-39.683
2915809,291580,Itambé,BA,Bahia,Nordeste,-15.2429,-40.63
2915908,291590,Itanagra,BA,Bahia,Nordeste,-12.2614,-38.0436
2916005,291600,Itanhém,BA,Bahia,Nordeste,-17.1642,-40.3321
2916104,291610,Itaparica,BA,Bahia,Nordeste,-12.8932,-38.68
2916203,291620,Itapé,BA,Bahia,Nordeste,-14.8876,-39.4239
2916302,291630,Itapebi,BA,Bahia,Nordeste,-15.9551,-39.5329
2916401,291640,Itapetinga,BA,Bahia,Nordeste,-15.2475,-40.2482
2916500,291650,Itapicuru,BA,Bahia,Nordeste,-11.3088,-38.2262
2916609,291660,Itapitanga,BA,Bahia,Nordeste,-14.4139,-39.5657
2916708,291670,Itaquara,BA,Bahia,Nordeste,-13.4459,-39.9378
2916807,291680,Itarantim,BA,Bahia,Nordeste,-15.6528,-40.065
2916856,291685,Itatim,BA,Bahia,Nordeste,-12.7099,-39.6952
2916906,291690,Itiruçu,BA,Bahia,Nordeste,-13.529,-40.1472
2917003,291700,Itiúba,BA,Bahia,Nordeste,-10.6948,-39.8446
2917102,291710,Itororó,BA,Bahia,Nordeste,-15.11,-40.0684
2917201,291720,Ituaçu,BA,Bahia,Nordeste,-13.8107,-41.3003
2917300,291730,Ituberá,BA,Bahia,Nordeste,-13.7249,-39.1481
2917334,291733,Iuiú,BA,Bahia,Nordeste,-14.4054,-43.5595
2917359,291735,Jaborandi,BA,Bahia,Nordeste,-13.6071,-44.4255
2917409,291740,Jacaraci,BA,Bahia,Nordeste,-14.8541,-42.4329
2917508,291750,Jacobina,BA,Bahia,Nordeste,-11.1812,-40.5117
2917607,291760,Jaguaquara,BA,Bahia,Nordeste,-13.5248,-39.964
2917706,291770,Jaguarari,BA,Bahia,Nordeste,-10.2569,-40.1999
2917805,291780,Jaguaripe,BA,Bahia,Nordeste,-13.1109,-38.8939
2917904,291790,Jandaíra,BA,Bahia,Nordeste,-11.5616,-37.7853
2918001,291800,Jequié,BA,Bahia,Nordeste,-13.8509,-40.0877
2918100,291810,Jeremoabo,BA,Bahia,Nordeste,-10.0685,-38.3471
2918209,291820,Jiquiriçá,BA,Bahia,Nordeste,-13.2621,-39.5737
2918308,291830,Jitaúna,BA,Bahia,Nordeste,-14.0131,-39.8969
2918357,291835,João Dourado,BA,Bahia,Nordeste,-11.3486,-41.6548
2918407,291840,Juazeiro,BA,Bahia,Nordeste,-9.41622,-40.5033
2918456,291845,Jucuruçu,BA,Bahia,Nordeste,-16.8488,-40.1641
2918506,291850,Jussara,BA,Bahia,Nordeste,-11.0431,-41.9702
2918555,291855,Jussari,BA,Bahia,Nordeste,-15.192,-39.491
2918605,291860,Jussiape,BA,Bahia,Nordeste,-13.5155,-41.5882
2918704,291870,Lafaiete Coutinho,BA,Bahia,Nordeste,-13.6541,-40.2119
2918753,291875,Lagoa Real,BA,Bahia,Nordeste,-14.0334,-42.1328
2918803,291880,Laje,BA,Bahia,Nordeste,-13.1673,-39.4213
2918902,291890,Lajedão,BA,Bahia,Nordeste,-17.6056,-40.3383
2919009,291900,Lajedinho,BA,Bahia,Nordeste,-12.3529,-40.9048
2919058,291905,Lajedo do Tabocal,BA,Bahia,Nordeste,-13.4663,-40.2204
2919108,291910,Lamarão,BA,Bahia,Nordeste,-11.773,-38.887
2919157,291915,Lapão,BA,Bahia,Nordeste,-11.3851,-41.8286
2919207,291920,Lauro de Freitas,BA,Bahia,Nordeste,-12.8978,-38.321
2919306,291930,Lençóis,BA,Bahia,Nordeste,-12.5616,-41.3928
2919405,291940,Licínio de Almeida,BA,Bahia,Nordeste,-14.6842,-42.5095
2919504,291950,Livramento de Nossa Senhora,BA,Bahia,Nordeste,-13.6369,-41.8432
2919553,291955,Luís Eduardo Magalhães,BA,Bahia,Nordeste,-12.0956,-45.7866
2919603,291960,Macajuba,BA,Bahia,Nordeste,-12.1326,-40.3571
2919702,291970,Macarani,BA,Bahia,Nordeste,-15.5646,-40.4209
2919801,291980,Macaúbas,BA,Bahia,Nordeste,-13.0186,-42.6945
2919900,291990,Macururé,BA,Bahia,Nordeste,-9.16226,-39.0518
2919926,291992,Madre de Deus,BA,Bahia,Nordeste,-12.7446,-38.6153
2919959,291995,Maetinga,BA,Bahia,Nordeste,-14.6623,-41.4915
2920007,292000,Maiquinique,BA,Bahia,Nordeste,-15.624,-40.2587
2920106,292010,Mairi,BA,Bahia,Nordeste,-11.7107,-40.1437
2920205,292020,Malhada,BA,Bahia,Nordeste,-14.3371,-43.7686
2920304,292030,Malhada de Pedras,BA,Bahia,Nordeste,-14.3847,-41.8842
2920403,292040,Manoel Vitorino,BA,Bahia,Nordeste,-14.1476,-40.2399
2920452,292045,Mansidão,BA,Bahia,Nordeste,-10.7227,-44.0428
2920502,292050,Maracás,BA,Bahia,Nordeste,-13.4355,-40.4323
2920601,292060,Maragogipe,BA,Bahia,Nordeste,-12.776,-38.9175
2920700,292070,Maraú,BA,Bahia,Nordeste,-14.1035,-39.0137
2920809,292080,Marcionílio Souza,BA,Bahia,Nordeste,-13.0064,-40.5295
2920908,292090,Mascote,BA,Bahia,Nordeste,-15.5542,-39.3016
2921005,292100,Mata de São João,BA,Bahia,Nordeste,-12.5307,-38.3009
2921054,292105,Matina,BA,Bahia,Nordeste,-13.9109,-42.8439
2921104,292110,Medeiros Neto,BA,Bahia,Nordeste,-17.3707,-40.2238
2921203,292120,Miguel Calmon,BA,Bahia,Nordeste,-11.4299,-40.6031
2921302,292130,Milagres,BA,Bahia,Nordeste,-12.8646,-39.8611
2921401,292140,Mirangaba,BA,Bahia,Nordeste,-10.961,-40.574
2921450,292145,Mirante,BA,Bahia,Nordeste,-14.2385,-40.7718
2921500,292150,Monte Santo,BA,Bahia,Nordeste,-10.4374,-39.3321
2921609,292160,Morpará,BA,Bahia,Nordeste,-11.5569,-43.2766
2921708,292170,Morro do Chapéu,BA,Bahia,Nordeste,-11.5488,-41.1565
2921807,292180,Mortugaba,BA,Bahia,Nordeste,-15.0225,-42.3727
2921906,292190,Mucugê,BA,Bahia,Nordeste,-13.0053,-41.3703
2922003,292200,Mucuri,BA,Bahia,Nordeste,-18.0754,-39.5565
2922052,292205,Mulungu do Morro,BA,Bahia,Nordeste,-11.9648,-41.6374
2922102,292210,Mundo Novo,BA,Bahia,Nordeste,-11.8541,-40.4714
2922201,292220,Muniz Ferreira,BA,Bahia,Nordeste,-13.0092,-39.1092
2922250,292225,Muquém de São Francisco,BA,Bahia,Nordeste,-12.065,-43.5497
2922300,292230,Muritiba,BA,Bahia,Nordeste,-12.6329,-38.9921
2922409,292240,Mutuípe,BA,Bahia,Nordeste,-13.2284,-39.5044
2922508,292250,Nazaré,BA,Bahia,Nordeste,-13.0235,-39.0108
2922607,292260,Nilo Peçanha,BA,Bahia,Nordeste,-13.604,-39.1091
2922656,292265,Nordestina,BA,Bahia,Nordeste,-10.8192,-39.4297
2922706,292270,Nova Canaã,BA,Bahia,Nordeste,-14.7912,-40.1458
2922730,292273,Nova Fátima,BA,Bahia,Nordeste,-11.6031,-39.6302
2922755,292275,Nova Ibiá,BA,Bahia,Nordeste,-13.812,-39.6182
2922805,292280,Nova Itarana,BA,Bahia,Nordeste,-13.0241,-40.0653
2922854,292285,Nova Redenção,BA,Bahia,Nordeste,-12.815,-41.0748
2922904,292290,Nova Soure,BA,Bahia,Nordeste,-11.2329,-38.4871
2923001,292300,Nova Viçosa,BA,Bahia,Nordeste,-17.8926,-39.3743
2923035,292303,Novo Horizonte,BA,Bahia,Nordeste,-12.8083,-42.1682
2923050,292305,Novo Triunfo,BA,Bahia,Nordeste,-10.3182,-38.4014
2923100,292310,Olindina,BA,Bahia,Nordeste,-11.3497,-38.3379
2923209,292320,Oliveira dos Brejinhos,BA,Bahia,Nordeste,-12.3132,-42.8969
2923308,292330,Ouriçangas,BA,Bahia,Nordeste,-12.0175,-38.6166
2923357,292335,Ourolândia,BA,Bahia,Nordeste,-10.9578,-41.0756
2923407,292340,Palmas de Monte Alto,BA,Bahia,Nordeste,-14.2676,-43.1609
2923506,292350,Palmeiras,BA,Bahia,Nordeste,-12.5059,-41.5809
2923605,292360,Paramirim,BA,Bahia,Nordeste,-13.4388,-42.2395
2923704,292370,Paratinga,BA,Bahia,Nordeste,-12.687,-43.1798
2923803,292380,Paripiranga,BA,Bahia,Nordeste,-10.6859,-37.8626
2923902,292390,Pau Brasil,BA,Bahia,Nordeste,-15.4572,-39.6458
2924009,292400,Paulo Afonso,BA,Bahia,Nordeste,-9.3983,-38.2216
2924058,292405,Pé de Serra,BA,Bahia,Nordeste,-11.8313,-39.611
2924108,292410,Pedrão,BA,Bahia,Nordeste,-12.1491,-38.6487
2924207,292420,Pedro Alexandre,BA,Bahia,Nordeste,-10.012,-37.8932
2924306,292430,Piatã,BA,Bahia,Nordeste,-13.1465,-41.7702
2924405,292440,Pilão Arcado,BA,Bahia,Nordeste,-10.0051,-42.4936
2924504,292450,Pindaí,BA,Bahia,Nordeste,-14.4921,-42.686
2924603,292460,Pindobaçu,BA,Bahia,Nordeste,-10.7433,-40.3675
2924652,292465,Pintadas,BA,Bahia,Nordeste,-11.8117,-39.9009
2924678,292467,Piraí do Norte,BA,Bahia,Nordeste,-13.759,-39.3836
2924702,292470,Piripá,BA,Bahia,Nordeste,-14.9444,-41.7168
2924801,292480,Piritiba,BA,Bahia,Nordeste,-11.73,-40.5587
2924900,292490,Planaltino,BA,Bahia,Nordeste,-13.2618,-40.3695
2925006,292500,Planalto,BA,Bahia,Nordeste,-14.6654,-40.4718
2925105,292510,Poções,BA,Bahia,Nordeste,-14.5234,-40.3634
2925204,292520,Pojuca,BA,Bahia,Nordeste,-12.4303,-38.3374
2925253,292525,Ponto Novo,BA,Bahia,Nordeste,-10.8653,-40.1311
2925303,292530,Porto Seguro,BA,Bahia,Nordeste,-16.4435,-39.0643
2925402,292540,Potiraguá,BA,Bahia,Nordeste,-15.5943,-39.8638
2925501,292550,Prado,BA,Bahia,Nordeste,-17.3364,-39.2227
2925600,292560,Presidente Dutra,BA,Bahia,Nordeste,-11.2923,-41.9843
2925709,292570,Presidente Jânio Quadros,BA,Bahia,Nordeste,-14.6885,-41.6798
2925758,292575,Presidente Tancredo Neves,BA,Bahia,Nordeste,-13.4471,-39.4203
2925808,292580,Queimadas,BA,Bahia,Nordeste,-10.9736,-39.6293
2925907,292590,Quijingue,BA,Bahia,Nordeste,-10.7505,-39.2137
2925931,292593,Quixabeira,BA,Bahia,Nordeste,-11.4031,-40.12
2925956,292595,Rafael Jambeiro,BA,Bahia,Nordeste,-12.4053,-39.5007
2926004,292600,Remanso,BA,Bahia,Nordeste,-9.61944,-42.0848
2926103,292610,Retirolândia,BA,Bahia,Nordeste,-11.4832,-39.4234
2926202,292620,Riachão das Neves,BA,Bahia,Nordeste,-11.7508,-44.9143
2926301,292630,Riachão do Jacuípe,BA,Bahia,Nordeste,-11.8067,-39.3818
2926400,292640,Riacho de Santana,BA,Bahia,Nordeste,-13.6059,-42.9397
2926509,292650,Ribeira do Amparo,BA,Bahia,Nordeste,-11.0421,-38.4242
2926608,292660,Ribeira do Pombal,BA,Bahia,Nordeste,-10.8373,-38.5382
2926657,292665,Ribeirão do Largo,BA,Bahia,Nordeste,-15.4508,-40.7441
2926707,292670,Rio de Contas,BA,Bahia,Nordeste,-13.5852,-41.8048
2926806,292680,Rio do Antônio,BA,Bahia,Nordeste,-14.4071,-42.0721
2926905,292690,Rio do Pires,BA,Bahia,Nordeste,-13.1185,-42.2902
2927002,292700,Rio Real,BA,Bahia,Nordeste,-11.4814,-37.9332
2927101,292710,Rodelas,BA,Bahia,Nordeste,-8.85021,-38.78
2927200,292720,Ruy Barbosa,BA,Bahia,Nordeste,-12.2816,-40.4931
2927309,292730,Salinas da Margarida,BA,Bahia,Nordeste,-12.873,-38.7562
2927408,292740,Salvador,BA,Bahia,Nordeste,-12.9718,-38.5011
2927507,292750,Santa Bárbara,BA,Bahia,Nordeste,-11.9515,-38.9681
2927606,292760,Santa Brígida,BA,Bahia,Nordeste,-9.73227,-38.1209
2927705,292770,Santa Cruz Cabrália,BA,Bahia,Nordeste,-16.2825,-39.0295
2927804,292780,Santa Cruz da Vitória,BA,Bahia,Nordeste,-14.964,-39.8115
2927903,292790,Santa Inês,BA,Bahia,Nordeste,-13.2793,-39.814
2928000,292800,Santaluz,BA,Bahia,Nordeste,-11.2508,-39.375
2928059,292805,Santa Luzia,BA,Bahia,Nordeste,-15.4342,-39.3287
2928109,292810,Santa Maria da Vitória,BA,Bahia,Nordeste,-13.3859,-44.2011
2928208,292820,Santana,BA,Bahia,Nordeste,-12.9792,-44.0506
2928307,292830,Santanópolis,BA,Bahia,Nordeste,-12.0311,-38.8694
2928406,292840,Santa Rita de Cássia,BA,Bahia,Nordeste,-11.0063,-44.5255
2928505,292850,Santa Teresinha,BA,Bahia,Nordeste,-12.7697,-39.5215
2928604,292860,Santo Amaro,BA,Bahia,Nordeste,-12.5472,-38.7137
2928703,292870,Santo Antônio de Jesus,BA,Bahia,Nordeste,-12.9614,-39.2584
2928802,292880,Santo Estêvão,BA,Bahia,Nordeste,-12.428,-39.2505
2928901,292890,São Desidério,BA,Bahia,Nordeste,-12.3572,-44.9769
2928950,292895,São Domingos,BA,Bahia,Nordeste,-11.4649,-39.5268
2929008,292900,São Félix,BA,Bahia,Nordeste,-12.6104,-38.9727
2929057,292905,São Félix do Coribe,BA,Bahia,Nordeste,-13.4019,-44.1837
2929107,292910,São Felipe,BA,Bahia,Nordeste,-12.8394,-39.0893
2929206,292920,São Francisco do Conde,BA,Bahia,Nordeste,-12.6183,-38.6786
2929255,292925,São Gabriel,BA,Bahia,Nordeste,-11.2175,-41.8843
2929305,292930,São Gonçalo dos Campos,BA,Bahia,Nordeste,-12.4331,-38.9663
2929354,292935,São José da Vitória,BA,Bahia,Nordeste,-15.0787,-39.3437
2929370,292937,São José do Jacuípe,BA,Bahia,Nordeste,-11.4137,-39.8669
2929404,292940,São Miguel das Matas,BA,Bahia,Nordeste,-13.0434,-39.4578
2929503,292950,São Sebastião do Passé,BA,Bahia,Nordeste,-12.5123,-38.4905
2929602,292960,Sapeaçu,BA,Bahia,Nordeste,-12.7208,-39.1824
2929701,292970,Sátiro Dias,BA,Bahia,Nordeste,-11.5929,-38.5938
2929750,292975,Saubara,BA,Bahia,Nordeste,-12.7387,-38.7625
2929800,292980,Saúde,BA,Bahia,Nordeste,-10.9428,-40.4155
2929909,292990,Seabra,BA,Bahia,Nordeste,-12.4169,-41.7722
2930006,293000,Sebastião Laranjeiras,BA,Bahia,Nordeste,-14.571,-42.9434
2930105,293010,Senhor do Bonfim,BA,Bahia,Nordeste,-10.4594,-40.1865
2930154,293015,Serra do Ramalho,BA,Bahia,Nordeste,-13.5659,-43.5929
2930204,293020,Sento Sé,BA,Bahia,Nordeste,-9.74138,-41.8786
2930303,293030,Serra Dourada,BA,Bahia,Nordeste,-12.759,-43.9504
2930402,293040,Serra Preta,BA,Bahia,Nordeste,-12.156,-39.3305
2930501,293050,Serrinha,BA,Bahia,Nordeste,-11.6584,-39.01
2930600,293060,Serrolândia,BA,Bahia,Nordeste,-11.4085,-40.2983
2930709,293070,Simões Filho,BA,Bahia,Nordeste,-12.7866,-38.4029
2930758,293075,Sítio do Mato,BA,Bahia,Nordeste,-13.0801,-43.4689
2930766,293076,Sítio do Quinto,BA,Bahia,Nordeste,-10.3545,-38.2213
2930774,293077,Sobradinho,BA,Bahia,Nordeste,-9.45024,-40.8145
2930808,293080,Souto Soares,BA,Bahia,Nordeste,-12.088,-41.6427
2930907,293090,Tabocas do Brejo Velho,BA,Bahia,Nordeste,-12.7026,-44.0075
2931004,293100,Tanhaçu,BA,Bahia,Nordeste,-14.0197,-41.2473
2931053,293105,Tanque Novo,BA,Bahia,Nordeste,-13.5485,-42.4934
2931103,293110,Tanquinho,BA,Bahia,Nordeste,-11.968,-39.1033
2931202,293120,Taperoá,BA,Bahia,Nordeste,-13.5321,-39.1009
2931301,293130,Tapiramutá,BA,Bahia,Nordeste,-11.8475,-40.7927
2931350,293135,Teixeira de Freitas,BA,Bahia,Nordeste,-17.5399,-39.74
2931400,293140,Teodoro Sampaio,BA,Bahia,Nordeste,-12.295,-38.6347
2931509,293150,Teofilândia,BA,Bahia,Nordeste,-11.4827,-38.9913
2931608,293160,Teolândia,BA,Bahia,Nordeste,-13.5896,-39.484
2931707,293170,Terra Nova,BA,Bahia,Nordeste,-12.3888,-38.6238
2931806,293180,Tremedal,BA,Bahia,Nordeste,-14.9736,-41.4142
2931905,293190,Tucano,BA,Bahia,Nordeste,-10.9584,-38.7894
2932002,293200,Uauá,BA,Bahia,Nordeste,-9.83325,-39.4794
2932101,293210,Ubaíra,BA,Bahia,Nordeste,-13.2714,-39.666
2932200,293220,Ubaitaba,BA,Bahia,Nordeste,-14.303,-39.3222
2932309,293230,Ubatã,BA,Bahia,Nordeste,-14.2063,-39.5207
2932408,293240,Uibaí,BA,Bahia,Nordeste,-11.3394,-42.1354
2932457,293245,Umburanas,BA,Bahia,Nordeste,-10.7339,-41.3234
2932507,293250,Una,BA,Bahia,Nordeste,-15.2791,-39.0765
2932606,293260,Urandi,BA,Bahia,Nordeste,-14.7678,-42.6498
2932705,293270,Uruçuca,BA,Bahia,Nordeste,-14.5963,-39.2851
2932804,293280,Utinga,BA,Bahia,Nordeste,-12.0783,-41.0954
2932903,293290,Valença,BA,Bahia,Nordeste,-13.3669,-39.073
2933000,293300,Valente,BA,Bahia,Nordeste,-11.4062,-39.457
2933059,293305,Várzea da Roça,BA,Bahia,Nordeste,-11.6005,-40.1328
2933109,293310,Várzea do Poço,BA,Bahia,Nordeste,-11.5273,-40.3149
2933158,293315,Várzea Nova,BA,Bahia,Nordeste,-11.2557,-40.9432
2933174,293317,Varzedo,BA,Bahia,Nordeste,-12.9672,-39.3919
2933208,293320,Vera Cruz,BA,Bahia,Nordeste,-12.9568,-38.6153
2933257,293325,Vereda,BA,Bahia,Nordeste,-17.2183,-40.0974
2933307,293330,Vitória da Conquista,BA,Bahia,Nordeste,-14.8615,-40.8442
2933406,293340,Wagner,BA,Bahia,Nordeste,-12.2819,-41.1715
2933455,293345,Wanderley,BA,Bahia,Nordeste,-12.1144,-43.8958
2933505,293350,Wenceslau Guimarães,BA,Bahia,Nordeste,-13.6908,-39.4762
2933604,293360,Xique-Xique,BA,Bahia,Nordeste,-10.823,-42.7245
3100104,310010,Abadia dos Dourados,MG,Minas Gerais,Sudeste,-18.4831,-47.3916
3100203,310020,Abaeté,MG,Minas Gerais,Sudeste,-19.1551,-45.4444
3100302,310030,Abre Campo,MG,Minas Gerais,Sudeste,-20.2996,-42.4743
3100401,310040,Acaiaca,MG,Minas Gerais,Sudeste,-20.359,-43.1439
3100500,310050,Açucena,MG,Minas Gerais,Sudeste,-19.0671,-42.5419
3100609,310060,Água Boa,MG,Minas Gerais,Sudeste,-17.9914,-42.3806
3100708,310070,Água Comprida,MG,Minas Gerais,Sudeste,-20.0576,-48.1069
3100807,310080,Aguanil,MG,Minas Gerais,Sudeste,-20.9439,-45.3915
3100906,310090,Águas Formosas,MG,Minas Gerais,Sudeste,-17.0802,-40.9384
3101003,310100,Águas Vermelhas,MG,Minas Gerais,Sudeste,-15.7431,-41.4571
3101102,310110,Aimorés,MG,Minas Gerais,Sudeste,-19.5007,-41.0746
3101201,310120,Aiuruoca,MG,Minas Gerais,Sudeste,-21.9736,-44.6042
3101300,310130,Alagoa,MG,Minas Gerais,Sudeste,-22.171,-44.6413
3101409,310140,Albertina,MG,Minas Gerais,Sudeste,-22.2018,-46.6139
3101508,310150,Além Paraíba,MG,Minas Gerais,Sudeste,-21.8797,-42.7176
3101607,310160,Alfenas,MG,Minas Gerais,Sudeste,-21.4256,-45.9477
3101631,310163,Alfredo Vasconcelos,MG,Minas Gerais,Sudeste,-21.1535,-43.7718
3101706,310170,Almenara,MG,Minas Gerais,Sudeste,-16.1785,-40.6942
3101805,310180,Alpercata,MG,Minas Gerais,Sudeste,-18.974,-41.97
3101904,310190,Alpinópolis,MG,Minas Gerais,Sudeste,-20.8631,-46.3878
3102001,310200,Alterosa,MG,Minas Gerais,Sudeste,-21.2488,-46.1387
3102050,310205,Alto Caparaó,MG,Minas Gerais,Sudeste,-20.431,-41.8738
3102100,310210,Alto Rio Doce,MG,Minas Gerais,Sudeste,-21.0281,-43.4067
3102209,310220,Alvarenga,MG,Minas Gerais,Sudeste,-19.4174,-41.7317
3102308,310230,Alvinópolis,MG,Minas Gerais,Sudeste,-20.1098,-43.0535
3102407,310240,Alvorada de Minas,MG,Minas Gerais,Sudeste,-18.7334,-43.3638
3102506,310250,Amparo do Serra,MG,Minas Gerais,Sudeste,-20.5051,-42.8009
3102605,310260,Andradas,MG,Minas Gerais,Sudeste,-22.0695,-46.5724
3102704,310270,Cachoeira de Pajeú,MG,Minas Gerais,Sudeste,-15.9688,-41.4948
3102803,310280,Andrelândia,MG,Minas Gerais,Sudeste,-21.7411,-44.3117
3102852,310285,Angelândia,MG,Minas Gerais,Sudeste,-17.7279,-42.2641
3102902,310290,Antônio Carlos,MG,Minas Gerais,Sudeste,-21.321,-43.7451
3103009,310300,Antônio Dias,MG,Minas Gerais,Sudeste,-19.6491,-42.8732
3103108,310310,Antônio Prado de Minas,MG,Minas Gerais,Sudeste,-21.0192,-42.1109
3103207,310320,Araçaí,MG,Minas Gerais,Sudeste,-19.1955,-44.2493
3103306,310330,Aracitaba,MG,Minas Gerais,Sudeste,-21.3446,-43.3736
3103405,310340,Araçuaí,MG,Minas Gerais,Sudeste,-16.8523,-42.0637
3103504,310350,Araguari,MG,Minas Gerais,Sudeste,-18.6456,-48.1934
3103603,310360,Arantina,MG,Minas Gerais,Sudeste,-21.9102,-44.2555
3103702,310370,Araponga,MG,Minas Gerais,Sudeste,-20.6686,-42.5178
3103751,310375,Araporã,MG,Minas Gerais,Sudeste,-18.4357,-49.1847
3103801,310380,Arapuá,MG,Minas Gerais,Sudeste,-19.0268,-46.1484
3103900,310390,Araújos,MG,Minas Gerais,Sudeste,-19.9405,-45.1671
3104007,310400,Araxá,MG,Minas Gerais,Sudeste,-19.5902,-46.9438
3104106,310410,Arceburgo,MG,Minas Gerais,Sudeste,-21.359,-46.9401
3104205,310420,Arcos,MG,Minas Gerais,Sudeste,-20.2863,-45.5373
3104304,310430,Areado,MG,Minas Gerais,Sudeste,-21.3572,-46.1421
3104403,310440,Argirita,MG,Minas Gerais,Sudeste,-21.6083,-42.8292
3104452,310445,Aricanduva,MG,Minas Gerais,Sudeste,-17.8666,-42.5533
3104502,310450,Arinos,MG,Minas Gerais,Sudeste,-15.9187,-46.1043
3104601,310460,Astolfo Dutra,MG,Minas Gerais,Sudeste,-21.3184,-42.8572
3104700,310470,Ataléia,MG,Minas Gerais,Sudeste,-18.0438,-41.1149
3104809,310480,Augusto de Lima,MG,Minas Gerais,Sudeste,-18.0997,-44.2655
3104908,310490,Baependi,MG,Minas Gerais,Sudeste,-21.957,-44.8874
3105004,310500,Baldim,MG,Minas Gerais,Sudeste,-19.2832,-43.9613
3105103,310510,Bambuí,MG,Minas Gerais,Sudeste,-20.0166,-45.9754
3105202,310520,Bandeira,MG,Minas Gerais,Sudeste,-15.8783,-40.5622
3105301,310530,Bandeira do Sul,MG,Minas Gerais,Sudeste,-21.7308,-46.3833
3105400,310540,Barão de Cocais,MG,Minas Gerais,Sudeste,-19.9389,-43.4755
3105509,310550,Barão de Monte Alto,MG,Minas Gerais,Sudeste,-21.2444,-42.2372
3105608,310560,Barbacena,MG,Minas Gerais,Sudeste,-21.2214,-43.7703
3105707,310570,Barra Longa,MG,Minas Gerais,Sudeste,-20.2869,-43.0402
3105905,310590,Barroso,MG,Minas Gerais,Sudeste,-21.1907,-43.972
3106002,310600,Bela Vista de Minas,MG,Minas Gerais,Sudeste,-19.8302,-43.0922
3106101,310610,Belmiro Braga,MG,Minas Gerais,Sudeste,-21.944,-43.4084
3106200,310620,Belo Horizonte,MG,Minas Gerais,Sudeste,-19.9102,-43.9266
3106309,310630,Belo Oriente,MG,Minas Gerais,Sudeste,-19.2199,-42.4828
3106408,310640,Belo Vale,MG,Minas Gerais,Sudeste,-20.4077,-44.0275
3106507,310650,Berilo,MG,Minas Gerais,Sudeste,-16.9567,-42.4606
3106606,310660,Bertópolis,MG,Minas Gerais,Sudeste,-17.059,-40.58
3106655,310665,Berizal,MG,Minas Gerais,Sudeste,-15.61,-41.7432
3106705,310670,Betim,MG,Minas Gerais,Sudeste,-19.9668,-44.2008
3106804,310680,Bias Fortes,MG,Minas Gerais,Sudeste,-21.602,-43.7574
3106903,310690,Bicas,MG,Minas Gerais,Sudeste,-21.7232,-43.056
3107000,310700,Biquinhas,MG,Minas Gerais,Sudeste,-18.7754,-45.4974
3107109,310710,Boa Esperança,MG,Minas Gerais,Sudeste,-21.0927,-45.5612
3107208,310720,Bocaina de Minas,MG,Minas Gerais,Sudeste,-22.1697,-44.3972
3107307,310730,Bocaiúva,MG,Minas Gerais,Sudeste,-17.1135,-43.8104
3107406,310740,Bom Despacho,MG,Minas Gerais,Sudeste,-19.7386,-45.2622
3107505,310750,Bom Jardim de Minas,MG,Minas Gerais,Sudeste,-21.9479,-44.1885
3107604,310760,Bom Jesus da Penha,MG,Minas Gerais,Sudeste,-21.0148,-46.5174
3107703,310770,Bom Jesus do Amparo,MG,Minas Gerais,Sudeste,-19.7054,-43.4782
3107802,310780,Bom Jesus do Galho,MG,Minas Gerais,Sudeste,-19.836,-42.3165
3107901,310790,Bom Repouso,MG,Minas Gerais,Sudeste,-22.4675,-46.144
3108008,310800,Bom Sucesso,MG,Minas Gerais,Sudeste,-21.0329,-44.7537
3108107,310810,Bonfim,MG,Minas Gerais,Sudeste,-20.3302,-44.2366
3108206,310820,Bonfinópolis de Minas,MG,Minas Gerais,Sudeste,-16.568,-45.9839
3108255,310825,Bonito de Minas,MG,Minas Gerais,Sudeste,-15.3231,-44.7543
3108305,310830,Borda da Mata,MG,Minas Gerais,Sudeste,-22.2707,-46.1653
3108404,310840,Botelhos,MG,Minas Gerais,Sudeste,-21.6412,-46.391
3108503,310850,Botumirim,MG,Minas Gerais,Sudeste,-16.8657,-43.0086
3108552,310855,Brasilândia de Minas,MG,Minas Gerais,Sudeste,-16.9999,-46.0081
3108602,310860,Brasília de Minas,MG,Minas Gerais,Sudeste,-16.2104,-44.4299
3108701,310870,Brás Pires,MG,Minas Gerais,Sudeste,-20.8419,-43.2406
3108800,310880,Braúnas,MG,Minas Gerais,Sudeste,-19.0562,-42.7099
3108909,310890,Brazópolis,MG,Minas Gerais,Sudeste,-22.4743,-45.6166
3109006,310900,Brumadinho,MG,Minas Gerais,Sudeste,-20.151,-44.2007
3109105,310910,Bueno Brandão,MG,Minas Gerais,Sudeste,-22.4383,-46.3491
3109204,310920,Buenópolis,MG,Minas Gerais,Sudeste,-17.8744,-44.1775
3109253,310925,Bugre,MG,Minas Gerais,Sudeste,-19.4231,-42.2552
3109303,310930,Buritis,MG,Minas Gerais,Sudeste,-15.6218,-46.4221
3109402,310940,Buritizeiro,MG,Minas Gerais,Sudeste,-17.3656,-44.9606
3109451,310945,Cabeceira Grande,MG,Minas Gerais,Sudeste,-16.0335,-47.0862
3109501,310950,Cabo Verde,MG,Minas Gerais,Sudeste,-21.4699,-46.3919
3109600,310960,Cachoeira da Prata,MG,Minas Gerais,Sudeste,-19.521,-44.4544
3109709,310970,Cachoeira de Minas,MG,Minas Gerais,Sudeste,-22.3511,-45.7809
3109808,310980,Cachoeira Dourada,MG,Minas Gerais,Sudeste,-18.5161,-49.5039
3109907,310990,Caetanópolis,MG,Minas Gerais,Sudeste,-19.2971,-44.4189
3110004,311000,Caeté,MG,Minas Gerais,Sudeste,-19.8826,-43.6704
3110103,311010,Caiana,MG,Minas Gerais,Sudeste,-20.6956,-41.9292
3110202,311020,Cajuri,MG,Minas Gerais,Sudeste,-20.7903,-42.7925
3110301,311030,Caldas,MG,Minas Gerais,Sudeste,-21.9183,-46.3843
3110400,311040,Camacho,MG,Minas Gerais,Sudeste,-20.6294,-45.1593
3110509,311050,Camanducaia,MG,Minas Gerais,Sudeste,-22.7515,-46.1494
3110608,311060,Cambuí,MG,Minas Gerais,Sudeste,-22.6115,-46.0572
3110707,311070,Cambuquira,MG,Minas Gerais,Sudeste,-21.854,-45.2896
3110806,311080,Campanário,MG,Minas Gerais,Sudeste,-18.2427,-41.7355
3110905,311090,Campanha,MG,Minas Gerais,Sudeste,-21.836,-45.4004
3111002,311100,Campestre,MG,Minas Gerais,Sudeste,-21.7079,-46.2381
3111101,311110,Campina Verde,MG,Minas Gerais,Sudeste,-19.5382,-49.4862
3111150,311115,Campo Azul,MG,Minas Gerais,Sudeste,-16.5028,-44.8096
3111200,311120,Campo Belo,MG,Minas Gerais,Sudeste,-20.8932,-45.2699
3111309,311130,Campo do Meio,MG,Minas Gerais,Sudeste,-21.1127,-45.8273
3111408,311140,Campo Florido,MG,Minas Gerais,Sudeste,-19.7631,-48.5716
3111507,311150,Campos Altos,MG,Minas Gerais,Sudeste,-19.6914,-46.1725
3111606,311160,Campos Gerais,MG,Minas Gerais,Sudeste,-21.237,-45.7569
3111705,311170,Canaã,MG,Minas Gerais,Sudeste,-20.6869,-42.6167
3111804,311180,Canápolis,MG,Minas Gerais,Sudeste,-18.7212,-49.2035
3111903,311190,Cana Verde,MG,Minas Gerais,Sudeste,-21.0232,-45.1801
3112000,311200,Candeias,MG,Minas Gerais,Sudeste,-20.7692,-45.2765
3112059,311205,Cantagalo,MG,Minas Gerais,Sudeste,-18.5248,-42.6223
3112109,311210,Caparaó,MG,Minas Gerais,Sudeste,-20.5289,-41.9061
3112208,311220,Capela Nova,MG,Minas Gerais,Sudeste,-20.9179,-43.622
3112307,311230,Capelinha,MG,Minas Gerais,Sudeste,-17.6888,-42.5147
3112406,311240,Capetinga,MG,Minas Gerais,Sudeste,-20.6163,-47.0571
3112505,311250,Capim Branco,MG,Minas Gerais,Sudeste,-19.5471,-44.1304
3112604,311260,Capinópolis,MG,Minas Gerais,Sudeste,-18.6862,-49.5706
3112653,311265,Capitão Andrade,MG,Minas Gerais,Sudeste,-19.0748,-41.8614
3112703,311270,Capitão Enéas,MG,Minas Gerais,Sudeste,-16.3265,-43.7084
3112802,311280,Capitólio,MG,Minas Gerais,Sudeste,-20.6164,-46.0493
3112901,311290,Caputira,MG,Minas Gerais,Sudeste,-20.1703,-42.2683
3113008,311300,Caraí,MG,Minas Gerais,Sudeste,-17.1862,-41.7004
3113107,311310,Caranaíba,MG,Minas Gerais,Sudeste,-20.8707,-43.7417
3113206,311320,Carandaí,MG,Minas Gerais,Sudeste,-20.9566,-43.811
3113305,311330,Carangola,MG,Minas Gerais,Sudeste,-20.7343,-42.0313
3113404,311340,Caratinga,MG,Minas Gerais,Sudeste,-19.7868,-42.1292
3113503,311350,Carbonita,MG,Minas Gerais,Sudeste,-17.5255,-43.0137
3113602,311360,Careaçu,MG,Minas Gerais,Sudeste,-22.0424,-45.696
3113701,311370,Carlos Chagas,MG,Minas Gerais,Sudeste,-17.6973,-40.7723
3113800,311380,Carmésia,MG,Minas Gerais,Sudeste,-19.0877,-43.1382
3113909,311390,Carmo da Cachoeira,MG,Minas Gerais,Sudeste,-21.4633,-45.2201
3114006,311400,Carmo da Mata,MG,Minas Gerais,Sudeste,-20.5575,-44.8735
3114105,311410,Carmo de Minas,MG,Minas Gerais,Sudeste,-22.1204,-45.1307
3114204,311420,Carmo do Cajuru,MG,Minas Gerais,Sudeste,-20.1912,-44.7664
3114303,311430,Carmo do Paranaíba,MG,Minas Gerais,Sudeste,-18.991,-46.3167
3114402,311440,Carmo do Rio Claro,MG,Minas Gerais,Sudeste,-20.9736,-46.1149
3114501,311450,Carmópolis de Minas,MG,Minas Gerais,Sudeste,-20.5396,-44.6336
3114550,311455,Carneirinho,MG,Minas Gerais,Sudeste,-19.6987,-50.6894
3114600,311460,Carrancas,MG,Minas Gerais,Sudeste,-21.4898,-44.6446
3114709,311470,Carvalhópolis,MG,Minas Gerais,Sudeste,-21.7735,-45.8421
3114808,311480,Carvalhos,MG,Minas Gerais,Sudeste,-22.0,-44.4632
3114907,311490,Casa Grande,MG,Minas Gerais,Sudeste,-20.7925,-43.9343
3115003,311500,Cascalho Rico,MG,Minas Gerais,Sudeste,-18.5772,-47.8716
3115102,311510,Cássia,MG,Minas Gerais,Sudeste,-20.5831,-46.9201
3115201,311520,Conceição da Barra de Minas,MG,Minas Gerais,Sudeste,-21.1316,-44.4729
3115300,311530,Cataguases,MG,Minas Gerais,Sudeste,-21.3924,-42.6896
3115359,311535,Catas Altas,MG,Minas Gerais,Sudeste,-20.0734,-43.4061
3115409,311540,Catas Altas da Noruega,MG,Minas Gerais,Sudeste,-20.6901,-43.4939
3115458,311545,Catuji,MG,Minas Gerais,Sudeste,-17.3018,-41.5276
3115474,311547,Catuti,MG,Minas Gerais,Sudeste,-15.3616,-42.9627
3115508,311550,Caxambu,MG,Minas Gerais,Sudeste,-21.9753,-44.9319
3115607,311560,Cedro do Abaeté,MG,Minas Gerais,Sudeste,-19.1458,-45.712
3115706,311570,Central de Minas,MG,Minas Gerais,Sudeste,-18.7612,-41.3143
3115805,311580,Centralina,MG,Minas Gerais,Sudeste,-18.5852,-49.2014
3115904,311590,Chácara,MG,Minas Gerais,Sudeste,-21.6733,-43.215
3116001,311600,Chalé,MG,Minas Gerais,Sudeste,-20.0453,-41.6897
3116100,311610,Chapada do Norte,MG,Minas Gerais,Sudeste,-17.0881,-42.5392
3116159,311615,Chapada Gaúcha,MG,Minas Gerais,Sudeste,-15.3014,-45.6116
3116209,311620,Chiador,MG,Minas Gerais,Sudeste,-21.9996,-43.0617
3116308,311630,Cipotânea,MG,Minas Gerais,Sudeste,-20.9026,-43.3629
3116407,311640,Claraval,MG,Minas Gerais,Sudeste,-20.397,-47.2768
3116506,311650,Claro dos Poções,MG,Minas Gerais,Sudeste,-17.082,-44.2061
3116605,311660,Cláudio,MG,Minas Gerais,Sudeste,-20.4437,-44.7673
3116704,311670,Coimbra,MG,Minas Gerais,Sudeste,-20.8535,-42.8008
3116803,311680,Coluna,MG,Minas Gerais,Sudeste,-18.2311,-42.8352
3116902,311690,Comendador Gomes,MG,Minas Gerais,Sudeste,-19.6973,-49.0789
3117009,311700,Comercinho,MG,Minas Gerais,Sudeste,-16.2963,-41.7945
3117108,311710,Conceição da Aparecida,MG,Minas Gerais,Sudeste,-21.096,-46.2049
3117207,311720,Conceição das Pedras,MG,Minas Gerais,Sudeste,-22.1576,-45.4562
3117306,311730,Conceição das Alagoas,MG,Minas Gerais,Sudeste,-19.9172,-48.3839
3117405,311740,Conceição de Ipanema,MG,Minas Gerais,Sudeste,-19.9326,-41.6908
3117504,311750,Conceição do Mato Dentro,MG,Minas Gerais,Sudeste,-19.0344,-43.4221
3117603,311760,Conceição do Pará,MG,Minas Gerais,Sudeste,-19.7456,-44.8945
3117702,311770,Conceição do Rio Verde,MG,Minas Gerais,Sudeste,-21.8778,-45.087
3117801,311780,Conceição dos Ouros,MG,Minas Gerais,Sudeste,-22.4078,-45.7996
3117836,311783,Cônego Marinho,MG,Minas Gerais,Sudeste,-15.2892,-44.4181
3117876,311787,Confins,MG,Minas Gerais,Sudeste,-19.6282,-43.9931
3117900,311790,Congonhal,MG,Minas Gerais,Sudeste,-22.1488,-46.043
3118007,311800,Congonhas,MG,Minas Gerais,Sudeste,-20.4958,-43.851
3118106,311810,Congonhas do Norte,MG,Minas Gerais,Sudeste,-18.8021,-43.6767
3118205,311820,Conquista,MG,Minas Gerais,Sudeste,-19.9312,-47.5492
3118304,311830,Conselheiro Lafaiete,MG,Minas Gerais,Sudeste,-20.6634,-43.7846
3118403,311840,Conselheiro Pena,MG,Minas Gerais,Sudeste,-19.1789,-41.4736
3118502,311850,Consolação,MG,Minas Gerais,Sudeste,-22.5493,-45.9255
3118601,311860,Contagem,MG,Minas Gerais,Sudeste,-19.9321,-44.0539
3118700,311870,Coqueiral,MG,Minas Gerais,Sudeste,-21.1858,-45.4366
3118809,311880,Coração de Jesus,MG,Minas Gerais,Sudeste,-16.6841,-44.3635
3118908,311890,Cordisburgo,MG,Minas Gerais,Sudeste,-19.1224,-44.3224
3119005,311900,Cordislândia,MG,Minas Gerais,Sudeste,-21.7891,-45.6999
3119104,311910,Corinto,MG,Minas Gerais,Sudeste,-18.369,-44.4542
3119203,311920,Coroaci,MG,Minas Gerais,Sudeste,-18.6156,-42.2791
3119302,311930,Coromandel,MG,Minas Gerais,Sudeste,-18.4734,-47.1933
3119401,311940,Coronel Fabriciano,MG,Minas Gerais,Sudeste,-19.5179,-42.6276
3119500,311950,Coronel Murta,MG,Minas Gerais,Sudeste,-16.6148,-42.184
3119609,311960,Coronel Pacheco,MG,Minas Gerais,Sudeste,-21.5898,-43.256
3119708,311970,Coronel Xavier Chaves,MG,Minas Gerais,Sudeste,-21.0277,-44.2206
3119807,311980,Córrego Danta,MG,Minas Gerais,Sudeste,-19.8198,-45.9032
3119906,311990,Córrego do Bom Jesus,MG,Minas Gerais,Sudeste,-22.6269,-46.0241
3119955,311995,Córrego Fundo,MG,Minas Gerais,Sudeste,-20.4474,-45.5617
3120003,312000,Córrego Novo,MG,Minas Gerais,Sudeste,-19.8361,-42.3988
3120102,312010,Couto de Magalhães de Minas,MG,Minas Gerais,Sudeste,-18.0727,-43.4648
3120151,312015,Crisólita,MG,Minas Gerais,Sudeste,-17.2381,-40.9184
3120201,312020,Cristais,MG,Minas Gerais,Sudeste,-20.8733,-45.5167
3120300,312030,Cristália,MG,Minas Gerais,Sudeste,-16.716,-42.8571
3120409,312040,Cristiano Otoni,MG,Minas Gerais,Sudeste,-20.8324,-43.8166
3120508,312050,Cristina,MG,Minas Gerais,Sudeste,-22.208,-45.2673
3120607,312060,Crucilândia,MG,Minas Gerais,Sudeste,-20.3923,-44.3334
3120706,312070,Cruzeiro da Fortaleza,MG,Minas Gerais,Sudeste,-18.944,-46.6669
3120805,312080,Cruzília,MG,Minas Gerais,Sudeste,-21.84,-44.8067
3120839,312083,Cuparaque,MG,Minas Gerais,Sudeste,-18.9648,-41.0986
3120870,312087,Curral de Dentro,MG,Minas Gerais,Sudeste,-15.9327,-41.8557
3120904,312090,Curvelo,MG,Minas Gerais,Sudeste,-18.7527,-44.4303
3121001,312100,Datas,MG,Minas Gerais,Sudeste,-18.4478,-43.6591
3121100,312110,Delfim Moreira,MG,Minas Gerais,Sudeste,-22.5036,-45.2792
3121209,312120,Delfinópolis,MG,Minas Gerais,Sudeste,-20.3468,-46.8456
3121258,312125,Delta,MG,Minas Gerais,Sudeste,-19.9721,-47.7841
3121308,312130,Descoberto,MG,Minas Gerais,Sudeste,-21.46,-42.9618
3121407,312140,Desterro de Entre Rios,MG,Minas Gerais,Sudeste,-20.665,-44.3334
3121506,312150,Desterro do Melo,MG,Minas Gerais,Sudeste,-21.143,-43.5178
3121605,312160,Diamantina,MG,Minas Gerais,Sudeste,-18.2413,-43.6031
3121704,312170,Diogo de Vasconcelos,MG,Minas Gerais,Sudeste,-20.4879,-43.1953
3121803,312180,Dionísio,MG,Minas Gerais,Sudeste,-19.8433,-42.7701
3121902,312190,Divinésia,MG,Minas Gerais,Sudeste,-20.9917,-43.0003
3122009,312200,Divino,MG,Minas Gerais,Sudeste,-20.6134,-42.1438
3122108,312210,Divino das Laranjeiras,MG,Minas Gerais,Sudeste,-18.7755,-41.4781
3122207,312220,Divinolândia de Minas,MG,Minas Gerais,Sudeste,-18.8004,-42.6103
3122306,312230,Divinópolis,MG,Minas Gerais,Sudeste,-20.1446,-44.8912
3122355,312235,Divisa Alegre,MG,Minas Gerais,Sudeste,-15.7221,-41.3463
3122405,312240,Divisa Nova,MG,Minas Gerais,Sudeste,-21.5092,-46.1904
3122454,312245,Divisópolis,MG,Minas Gerais,Sudeste,-15.7254,-40.9997
3122470,312247,Dom Bosco,MG,Minas Gerais,Sudeste,-16.652,-46.2597
3122504,312250,Dom Cavati,MG,Minas Gerais,Sudeste,-19.3735,-42.1121
3122603,312260,Dom Joaquim,MG,Minas Gerais,Sudeste,-18.961,-43.2544
3122702,312270,Dom Silvério,MG,Minas Gerais,Sudeste,-20.1627,-42.9627
3122801,312280,Dom Viçoso,MG,Minas Gerais,Sudeste,-22.2511,-45.1643
3122900,312290,Dona Eusébia,MG,Minas Gerais,Sudeste,-21.319,-42.807
3123007,312300,Dores de Campos,MG,Minas Gerais,Sudeste,-21.1139,-44.0207
3123106,312310,Dores de Guanhães,MG,Minas Gerais,Sudeste,-19.0516,-42.9254
3123205,312320,Dores do Indaiá,MG,Minas Gerais,Sudeste,-19.4628,-45.5927
3123304,312330,Dores do Turvo,MG,Minas Gerais,Sudeste,-20.9785,-43.1834
3123403,312340,Doresópolis,MG,Minas Gerais,Sudeste,-20.2868,-45.9007
3123502,312350,Douradoquara,MG,Minas Gerais,Sudeste,-18.4338,-47.5993
3123528,312352,Durandé,MG,Minas Gerais,Sudeste,-20.2058,-41.7977
3123601,312360,Elói Mendes,MG,Minas Gerais,Sudeste,-21.6088,-45.5691
3123700,312370,Engenheiro Caldas,MG,Minas Gerais,Sudeste,-19.2065,-42.0503
3123809,312380,Engenheiro Navarro,MG,Minas Gerais,Sudeste,-17.2831,-43.947
3123858,312385,Entre Folhas,MG,Minas Gerais,Sudeste,-19.6218,-42.2306
3123908,312390,Entre Rios de Minas,MG,Minas Gerais,Sudeste,-20.6706,-44.0654
3124005,312400,Ervália,MG,Minas Gerais,Sudeste,-20.8403,-42.6544
3124104,312410,Esmeraldas,MG,Minas Gerais,Sudeste,-19.764,-44.3065
3124203,312420,Espera Feliz,MG,Minas Gerais,Sudeste,-20.6508,-41.9119
3124302,312430,Espinosa,MG,Minas Gerais,Sudeste,-14.9249,-42.809
3124401,312440,Espírito Santo do Dourado,MG,Minas Gerais,Sudeste,-22.0454,-45.9548
3124500,312450,Estiva,MG,Minas Gerais,Sudeste,-22.4577,-46.0191
3124609,312460,Estrela Dalva,MG,Minas Gerais,Sudeste,-21.7412,-42.4574
3124708,312470,Estrela do Indaiá,MG,Minas Gerais,Sudeste,-19.5169,-45.7859
3124807,312480,Estrela do Sul,MG,Minas Gerais,Sudeste,-18.7399,-47.6956
3124906,312490,Eugenópolis,MG,Minas Gerais,Sudeste,-21.1002,-42.1878
3125002,312500,Ewbank da Câmara,MG,Minas Gerais,Sudeste,-21.5498,-43.5068
3125101,312510,Extrema,MG,Minas Gerais,Sudeste,-22.854,-46.3178
3125200,312520,Fama,MG,Minas Gerais,Sudeste,-21.4089,-45.8286
3125309,312530,Faria Lemos,MG,Minas Gerais,Sudeste,-20.8097,-42.0213
3125408,312540,Felício dos Santos,MG,Minas Gerais,Sudeste,-18.0755,-43.2422
3125507,312550,São Gonçalo do Rio Preto,MG,Minas Gerais,Sudeste,-18.0025,-43.3854
3125606,312560,Felisburgo,MG,Minas Gerais,Sudeste,-16.6348,-40.7605
3125705,312570,Felixlândia,MG,Minas Gerais,Sudeste,-18.7507,-44.9004
3125804,312580,Fernandes Tourinho,MG,Minas Gerais,Sudeste,-19.1541,-42.0803
3125903,312590,Ferros,MG,Minas Gerais,Sudeste,-19.2343,-43.0192
3125952,312595,Fervedouro,MG,Minas Gerais,Sudeste,-20.726,-42.279
3126000,312600,Florestal,MG,Minas Gerais,Sudeste,-19.888,-44.4318
3126109,312610,Formiga,MG,Minas Gerais,Sudeste,-20.4618,-45.4268
3126208,312620,Formoso,MG,Minas Gerais,Sudeste,-14.9446,-46.2371
3126307,312630,Fortaleza de Minas,MG,Minas Gerais,Sudeste,-20.8508,-46.712
3126406,312640,Fortuna de Minas,MG,Minas Gerais,Sudeste,-19.5578,-44.4472
3126505,312650,Francisco Badaró,MG,Minas Gerais,Sudeste,-16.9883,-42.3568
3126604,312660,Francisco Dumont,MG,Minas Gerais,Sudeste,-17.3107,-44.2317
3126703,312670,Francisco Sá,MG,Minas Gerais,Sudeste,-16.4827,-43.4896
3126752,312675,Franciscópolis,MG,Minas Gerais,Sudeste,-17.9578,-42.0094
3126802,312680,Frei Gaspar,MG,Minas Gerais,Sudeste,-18.0709,-41.4325
3126901,312690,Frei Inocêncio,MG,Minas Gerais,Sudeste,-18.5556,-41.9121
3126950,312695,Frei Lagonegro,MG,Minas Gerais,Sudeste,-18.1751,-42.7617
3127008,312700,Fronteira,MG,Minas Gerais,Sudeste,-20.2748,-49.1984
3127057,312705,Fronteira dos Vales,MG,Minas Gerais,Sudeste,-16.8898,-40.923
3127073,312707,Fruta de Leite,MG,Minas Gerais,Sudeste,-16.1225,-42.5288
3127107,312710,Frutal,MG,Minas Gerais,Sudeste,-20.0259,-48.9355
3127206,312720,Funilândia,MG,Minas Gerais,Sudeste,-19.3661,-44.061
3127305,312730,Galiléia,MG,Minas Gerais,Sudeste,-19.0005,-41.5387
3127339,312733,Gameleiras,MG,Minas Gerais,Sudeste,-15.0829,-43.125
3127354,312735,Glaucilândia,MG,Minas Gerais,Sudeste,-16.8481,-43.692
3127370,312737,Goiabeira,MG,Minas Gerais,Sudeste,-18.9807,-41.2235
3127388,312738,Goianá,MG,Minas Gerais,Sudeste,-21.536,-43.1957
3127404,312740,Gonçalves,MG,Minas Gerais,Sudeste,-22.6545,-45.8556
3127503,312750,Gonzaga,MG,Minas Gerais,Sudeste,-18.8196,-42.4769
3127602,312760,Gouveia,MG,Minas Gerais,Sudeste,-18.4519,-43.7423
3127701,312770,Governador Valadares,MG,Minas Gerais,Sudeste,-18.8545,-41.9555
3127800,312780,Grão Mogol,MG,Minas Gerais,Sudeste,-16.5662,-42.8923
3127909,312790,Grupiara,MG,Minas Gerais,Sudeste,-18.5003,-47.7318
3128006,312800,Guanhães,MG,Minas Gerais,Sudeste,-18.7713,-42.9312
3128105,312810,Guapé,MG,Minas Gerais,Sudeste,-20.7631,-45.9152
3128204,312820,Guaraciaba,MG,Minas Gerais,Sudeste,-20.5716,-43.0094
3128253,312825,Guaraciama,MG,Minas Gerais,Sudeste,-17.0142,-43.6675
3128303,312830,Guaranésia,MG,Minas Gerais,Sudeste,-21.3009,-46.7964
3128402,312840,Guarani,MG,Minas Gerais,Sudeste,-21.3563,-43.0328
3128501,312850,Guarará,MG,Minas Gerais,Sudeste,-21.7304,-43.0334
3128600,312860,Guarda-Mor,MG,Minas Gerais,Sudeste,-17.7673,-47.0998
3128709,312870,Guaxupé,MG,Minas Gerais,Sudeste,-21.305,-46.7081
3128808,312880,Guidoval,MG,Minas Gerais,Sudeste,-21.155,-42.7887
3128907,312890,Guimarânia,MG,Minas Gerais,Sudeste,-18.8425,-46.7901
3129004,312900,Guiricema,MG,Minas Gerais,Sudeste,-21.0098,-42.7207
3129103,312910,Gurinhatã,MG,Minas Gerais,Sudeste,-19.2143,-49.7876
3129202,312920,Heliodora,MG,Minas Gerais,Sudeste,-22.0644,-45.5453
3129301,312930,Iapu,MG,Minas Gerais,Sudeste,-19.4387,-42.2147
3129400,312940,Ibertioga,MG,Minas Gerais,Sudeste,-21.433,-43.9639
3129509,312950,Ibiá,MG,Minas Gerais,Sudeste,-19.4749,-46.5474
3129608,312960,Ibiaí,MG,Minas Gerais,Sudeste,-16.8591,-44.9046
3129657,312965,Ibiracatu,MG,Minas Gerais,Sudeste,-15.6605,-44.1667
3129707,312970,Ibiraci,MG,Minas Gerais,Sudeste,-20.4611,-47.1222
3129806,312980,Ibirité,MG,Minas Gerais,Sudeste,-20.0252,-44.0569
3129905,312990,Ibitiúra de Minas,MG,Minas Gerais,Sudeste,-22.0604,-46.4368
3130002,313000,Ibituruna,MG,Minas Gerais,Sudeste,-21.1541,-44.7479
3130051,313005,Icaraí de Minas,MG,Minas Gerais,Sudeste,-16.214,-44.9034
3130101,313010,Igarapé,MG,Minas Gerais,Sudeste,-20.0707,-44.2994
3130200,313020,Igaratinga,MG,Minas Gerais,Sudeste,-19.9476,-44.7063
3130309,313030,Iguatama,MG,Minas Gerais,Sudeste,-20.1776,-45.7111
3130408,313040,Ijaci,MG,Minas Gerais,Sudeste,-21.1738,-44.9233
3130507,313050,Ilicínea,MG,Minas Gerais,Sudeste,-20.9402,-45.8308
3130556,313055,Imbé de Minas,MG,Minas Gerais,Sudeste,-19.6017,-41.9695
3130606,313060,Inconfidentes,MG,Minas Gerais,Sudeste,-22.3136,-46.3264
3130655,313065,Indaiabira,MG,Minas Gerais,Sudeste,-15.4911,-42.2005
3130705,313070,Indianópolis,MG,Minas Gerais,Sudeste,-19.0341,-47.9155
3130804,313080,Ingaí,MG,Minas Gerais,Sudeste,-21.4024,-44.9152
3130903,313090,Inhapim,MG,Minas Gerais,Sudeste,-19.5476,-42.1147
3131000,313100,Inhaúma,MG,Minas Gerais,Sudeste,-19.4898,-44.3934
3131109,313110,Inimutaba,MG,Minas Gerais,Sudeste,-18.7271,-44.3584
3131158,313115,Ipaba,MG,Minas Gerais,Sudeste,-19.4158,-42.4139
3131208,313120,Ipanema,MG,Minas Gerais,Sudeste,-19.7992,-41.7164
3131307,313130,Ipatinga,MG,Minas Gerais,Sudeste,-19.4703,-42.5476
3131406,313140,Ipiaçu,MG,Minas Gerais,Sudeste,-18.6927,-49.9436
3131505,313150,Ipuiúna,MG,Minas Gerais,Sudeste,-22.1013,-46.1915
3131604,313160,Iraí de Minas,MG,Minas Gerais,Sudeste,-18.9819,-47.461
3131703,313170,Itabira,MG,Minas Gerais,Sudeste,-19.6239,-43.2312
3131802,313180,Itabirinha,MG,Minas Gerais,Sudeste,-18.5712,-41.234
3131901,313190,Itabirito,MG,Minas Gerais,Sudeste,-20.2501,-43.8038
3132008,313200,Itacambira,MG,Minas Gerais,Sudeste,-17.0625,-43.3069
3132107,313210,Itacarambi,MG,Minas Gerais,Sudeste,-15.089,-44.095
3132206,313220,Itaguara,MG,Minas Gerais,Sudeste,-20.3947,-44.4875
3132305,313230,Itaipé,MG,Minas Gerais,Sudeste,-17.4014,-41.6697
3132404,313240,Itajubá,MG,Minas Gerais,Sudeste,-22.4225,-45.4598
3132503,313250,Itamarandiba,MG,Minas Gerais,Sudeste,-17.8552,-42.8561
3132602,313260,Itamarati de Minas,MG,Minas Gerais,Sudeste,-21.4179,-42.813
3132701,313270,Itambacuri,MG,Minas Gerais,Sudeste,-18.035,-41.683
3132800,313280,Itambé do Mato Dentro,MG,Minas Gerais,Sudeste,-19.4158,-43.3182
3132909,313290,Itamogi,MG,Minas Gerais,Sudeste,-21.0758,-47.046
3133006,313300,Itamonte,MG,Minas Gerais,Sudeste,-22.2859,-44.868
3133105,313310,Itanhandu,MG,Minas Gerais,Sudeste,-22.2942,-44.9382
3133204,313320,Itanhomi,MG,Minas Gerais,Sudeste,-19.1736,-41.863
3133303,313330,Itaobim,MG,Minas Gerais,Sudeste,-16.5571,-41.5017
3133402,313340,Itapagipe,MG,Minas Gerais,Sudeste,-19.9062,-49.3781
3133501,313350,Itapecerica,MG,Minas Gerais,Sudeste,-20.4704,-45.127
3133600,313360,Itapeva,MG,Minas Gerais,Sudeste,-22.7665,-46.2241
3133709,313370,Itatiaiuçu,MG,Minas Gerais,Sudeste,-20.1983,-44.4211
3133758,313375,Itaú de Minas,MG,Minas Gerais,Sudeste,-20.7375,-46.7525
3133808,313380,Itaúna,MG,Minas Gerais,Sudeste,-20.0818,-44.5801
3133907,313390,Itaverava,MG,Minas Gerais,Sudeste,-20.6769,-43.6141
3134004,313400,Itinga,MG,Minas Gerais,Sudeste,-16.61,-41.7672
3134103,313410,Itueta,MG,Minas Gerais,Sudeste,-19.3999,-41.1746
3134202,313420,Ituiutaba,MG,Minas Gerais,Sudeste,-18.9772,-49.4639
3134301,313430,Itumirim,MG,Minas Gerais,Sudeste,-21.3171,-44.8724
3134400,313440,Iturama,MG,Minas Gerais,Sudeste,-19.7276,-50.1966
3134509,313450,Itutinga,MG,Minas Gerais,Sudeste,-21.3,-44.6567
3134608,313460,Jaboticatubas,MG,Minas Gerais,Sudeste,-19.5119,-43.7373
3134707,313470,Jacinto,MG,Minas Gerais,Sudeste,-16.1428,-40.295
3134806,313480,Jacuí,MG,Minas Gerais,Sudeste,-21.0137,-46.7359
3134905,313490,Jacutinga,MG,Minas Gerais,Sudeste,-22.286,-46.6166
3135001,313500,Jaguaraçu,MG,Minas Gerais,Sudeste,-19.647,-42.7498
3135050,313505,Jaíba,MG,Minas Gerais,Sudeste,-15.3432,-43.6688
3135076,313507,Jampruca,MG,Minas Gerais,Sudeste,-18.461,-41.809
3135100,313510,Janaúba,MG,Minas Gerais,Sudeste,-15.8022,-43.3132
3135209,313520,Januária,MG,Minas Gerais,Sudeste,-15.4802,-44.3639
3135308,313530,Japaraíba,MG,Minas Gerais,Sudeste,-20.1442,-45.5015
3135357,313535,Japonvar,MG,Minas Gerais,Sudeste,-15.9891,-44.2758
3135407,313540,Jeceaba,MG,Minas Gerais,Sudeste,-20.5339,-43.9894
3135456,313545,Jenipapo de Minas,MG,Minas Gerais,Sudeste,-17.0831,-42.2589
3135506,313550,Jequeri,MG,Minas Gerais,Sudeste,-20.4542,-42.6651
3135605,313560,Jequitaí,MG,Minas Gerais,Sudeste,-17.229,-44.4376
3135704,313570,Jequitibá,MG,Minas Gerais,Sudeste,-19.2345,-44.0304
3135803,313580,Jequitinhonha,MG,Minas Gerais,Sudeste,-16.4375,-41.0117
3135902,313590,Jesuânia,MG,Minas Gerais,Sudeste,-21.9887,-45.2911
3136009,313600,Joaíma,MG,Minas Gerais,Sudeste,-16.6522,-41.0229
3136108,313610,Joanésia,MG,Minas Gerais,Sudeste,-19.1729,-42.6775
3136207,313620,João Monlevade,MG,Minas Gerais,Sudeste,-19.8126,-43.1735
3136306,313630,João Pinheiro,MG,Minas Gerais,Sudeste,-17.7398,-46.1715
3136405,313640,Joaquim Felício,MG,Minas Gerais,Sudeste,-17.758,-44.1643
3136504,313650,Jordânia,MG,Minas Gerais,Sudeste,-15.9009,-40.1841
3136520,313652,José Gonçalves de Minas,MG,Minas Gerais,Sudeste,-16.9053,-42.6014
3136553,313655,José Raydan,MG,Minas Gerais,Sudeste,-18.2195,-42.4946
3136579,313657,Josenópolis,MG,Minas Gerais,Sudeste,-16.5417,-42.5151
3136603,313660,Nova União,MG,Minas Gerais,Sudeste,-19.6876,-43.583
3136652,313665,Juatuba,MG,Minas Gerais,Sudeste,-19.9448,-44.3451
3136702,313670,Juiz de Fora,MG,Minas Gerais,Sudeste,-21.7595,-43.3398
3136801,313680,Juramento,MG,Minas Gerais,Sudeste,-16.8473,-43.5865
3136900,313690,Juruaia,MG,Minas Gerais,Sudeste,-21.2493,-46.5735
3136959,313695,Juvenília,MG,Minas Gerais,Sudeste,-14.2662,-44.1597
3137007,313700,Ladainha,MG,Minas Gerais,Sudeste,-17.6279,-41.7488
3137106,313710,Lagamar,MG,Minas Gerais,Sudeste,-18.1759,-46.8063
3137205,313720,Lagoa da Prata,MG,Minas Gerais,Sudeste,-20.0237,-45.5401
3137304,313730,Lagoa dos Patos,MG,Minas Gerais,Sudeste,-16.978,-44.5754
3137403,313740,Lagoa Dourada,MG,Minas Gerais,Sudeste,-20.9139,-44.0797
3137502,313750,Lagoa Formosa,MG,Minas Gerais,Sudeste,-18.7715,-46.4012
3137536,313753,Lagoa Grande,MG,Minas Gerais,Sudeste,-17.8323,-46.5165
3137601,313760,Lagoa Santa,MG,Minas Gerais,Sudeste,-19.6397,-43.8932
3137700,313770,Lajinha,MG,Minas Gerais,Sudeste,-20.1539,-41.6228
3137809,313780,Lambari,MG,Minas Gerais,Sudeste,-21.9671,-45.3498
3137908,313790,Lamim,MG,Minas Gerais,Sudeste,-20.79,-43.4706
3138005,313800,Laranjal,MG,Minas Gerais,Sudeste,-21.3715,-42.4732
3138104,313810,Lassance,MG,Minas Gerais,Sudeste,-17.887,-44.5735
3138203,313820,Lavras,MG,Minas Gerais,Sudeste,-21.248,-45.0009
3138302,313830,Leandro Ferreira,MG,Minas Gerais,Sudeste,-19.7193,-45.0279
3138351,313835,Leme do Prado,MG,Minas Gerais,Sudeste,-17.0793,-42.6936
3138401,313840,Leopoldina,MG,Minas Gerais,Sudeste,-21.5296,-42.6421
3138500,313850,Liberdade,MG,Minas Gerais,Sudeste,-22.0275,-44.3208
3138609,313860,Lima Duarte,MG,Minas Gerais,Sudeste,-21.8386,-43.7934
3138625,313862,Limeira do Oeste,MG,Minas Gerais,Sudeste,-19.5512,-50.5815
3138658,313865,Lontra,MG,Minas Gerais,Sudeste,-15.9013,-44.306
3138674,313867,Luisburgo,MG,Minas Gerais,Sudeste,-20.4468,-42.0976
3138682,313868,Luislândia,MG,Minas Gerais,Sudeste,-16.1095,-44.5886
3138708,313870,Luminárias,MG,Minas Gerais,Sudeste,-21.5145,-44.9034
3138807,313880,Luz,MG,Minas Gerais,Sudeste,-19.7911,-45.6794
3138906,313890,Machacalis,MG,Minas Gerais,Sudeste,-17.0723,-40.7245
3139003,313900,Machado,MG,Minas Gerais,Sudeste,-21.6778,-45.9219
3139102,313910,Madre de Deus de Minas,MG,Minas Gerais,Sudeste,-21.483,-44.3287
3139201,313920,Malacacheta,MG,Minas Gerais,Sudeste,-17.8456,-42.0769
3139250,313925,Mamonas,MG,Minas Gerais,Sudeste,-15.0479,-42.9469
3139300,313930,Manga,MG,Minas Gerais,Sudeste,-14.7529,-43.9391
3139409,313940,Manhuaçu,MG,Minas Gerais,Sudeste,-20.2572,-42.028
3139508,313950,Manhumirim,MG,Minas Gerais,Sudeste,-20.3591,-41.9589
3139607,313960,Mantena,MG,Minas Gerais,Sudeste,-18.7761,-40.9874
3139706,313970,Maravilhas,MG,Minas Gerais,Sudeste,-19.5076,-44.6779
3139805,313980,Mar de Espanha,MG,Minas Gerais,Sudeste,-21.8707,-43.0062
3139904,313990,Maria da Fé,MG,Minas Gerais,Sudeste,-22.3044,-45.3773
3140001,314000,Mariana,MG,Minas Gerais,Sudeste,-20.3765,-43.414
3140100,314010,Marilac,MG,Minas Gerais,Sudeste,-18.5079,-42.0822
3140159,314015,Mário Campos,MG,Minas Gerais,Sudeste,-20.0582,-44.1883
3140209,314020,Maripá de Minas,MG,Minas Gerais,Sudeste,-21.6979,-42.9546
3140308,314030,Marliéria,MG,Minas Gerais,Sudeste,-19.7096,-42.7327
3140407,314040,Marmelópolis,MG,Minas Gerais,Sudeste,-22.447,-45.1645
3140506,314050,Martinho Campos,MG,Minas Gerais,Sudeste,-19.3306,-45.2434
3140530,314053,Martins Soares,MG,Minas Gerais,Sudeste,-20.2546,-41.8786
3140555,314055,Mata Verde,MG,Minas Gerais,Sudeste,-15.6869,-40.7366
3140605,314060,Materlândia,MG,Minas Gerais,Sudeste,-18.4699,-43.0579
3140704,314070,Mateus Leme,MG,Minas Gerais,Sudeste,-19.9794,-44.4318
3140803,314080,Matias Barbosa,MG,Minas Gerais,Sudeste,-21.869,-43.3135
3140852,314085,Matias Cardoso,MG,Minas Gerais,Sudeste,-14.8563,-43.9146
3140902,314090,Matipó,MG,Minas Gerais,Sudeste,-20.2873,-42.3401
3141009,314100,Mato Verde,MG,Minas Gerais,Sudeste,-15.3944,-42.86
3141108,314110,Matozinhos,MG,Minas Gerais,Sudeste,-19.5543,-44.0868
3141207,314120,Matutina,MG,Minas Gerais,Sudeste,-19.2179,-45.9664
3141306,314130,Medeiros,MG,Minas Gerais,Sudeste,-19.9865,-46.2181
3141405,314140,Medina,MG,Minas Gerais,Sudeste,-16.2245,-41.4728
3141504,314150,Mendes Pimentel,MG,Minas Gerais,Sudeste,-18.6631,-41.4052
3141603,314160,Mercês,MG,Minas Gerais,Sudeste,-21.1976,-43.3337
3141702,314170,Mesquita,MG,Minas Gerais,Sudeste,-19.224,-42.6079
3141801,314180,Minas Novas,MG,Minas Gerais,Sudeste,-17.2156,-42.5884
3141900,314190,Minduri,MG,Minas Gerais,Sudeste,-21.6797,-44.6051
3142007,314200,Mirabela,MG,Minas Gerais,Sudeste,-16.256,-44.1602
3142106,314210,Miradouro,MG,Minas Gerais,Sudeste,-20.8899,-42.3458
3142205,314220,Miraí,MG,Minas Gerais,Sudeste,-21.2021,-42.6122
3142254,314225,Miravânia,MG,Minas Gerais,Sudeste,-14.7348,-44.4092
3142304,314230,Moeda,MG,Minas Gerais,Sudeste,-20.3399,-44.0509
3142403,314240,Moema,MG,Minas Gerais,Sudeste,-19.8387,-45.4127
3142502,314250,Monjolos,MG,Minas Gerais,Sudeste,-18.3245,-44.118
3142601,314260,Monsenhor Paulo,MG,Minas Gerais,Sudeste,-21.7579,-45.5391
3142700,314270,Montalvânia,MG,Minas Gerais,Sudeste,-14.4197,-44.3719
3142809,314280,Monte Alegre de Minas,MG,Minas Gerais,Sudeste,-18.869,-48.881
3142908,314290,Monte Azul,MG,Minas Gerais,Sudeste,-15.1514,-42.8718
3143005,314300,Monte Belo,MG,Minas Gerais,Sudeste,-21.3271,-46.3635
3143104,314310,Monte Carmelo,MG,Minas Gerais,Sudeste,-18.7302,-47.4912
3143153,314315,Monte Formoso,MG,Minas Gerais,Sudeste,-16.8691,-41.2473
3143203,314320,Monte Santo de Minas,MG,Minas Gerais,Sudeste,-21.1873,-46.9753
3143302,314330,Montes Claros,MG,Minas Gerais,Sudeste,-16.7282,-43.8578
3143401,314340,Monte Sião,MG,Minas Gerais,Sudeste,-22.4335,-46.573
3143450,314345,Montezuma,MG,Minas Gerais,Sudeste,-15.1702,-42.4941
3143500,314350,Morada Nova de Minas,MG,Minas Gerais,Sudeste,-18.5998,-45.3584
3143609,314360,Morro da Garça,MG,Minas Gerais,Sudeste,-18.5356,-44.601
3143708,314370,Morro do Pilar,MG,Minas Gerais,Sudeste,-19.2236,-43.3795
3143807,314380,Munhoz,MG,Minas Gerais,Sudeste,-22.6092,-46.362
3143906,314390,Muriaé,MG,Minas Gerais,Sudeste,-21.13,-42.3693
3144003,314400,Mutum,MG,Minas Gerais,Sudeste,-19.8121,-41.4407
3144102,314410,Muzambinho,MG,Minas Gerais,Sudeste,-21.3692,-46.5213
3144201,314420,Nacip Raydan,MG,Minas Gerais,Sudeste,-18.4544,-42.2481
3144300,314430,Nanuque,MG,Minas Gerais,Sudeste,-17.8481,-40.3533
3144359,314435,Naque,MG,Minas Gerais,Sudeste,-19.2291,-42.3312
3144375,314437,Natalândia,MG,Minas Gerais,Sudeste,-16.5021,-46.4874
3144409,314440,Natércia,MG,Minas Gerais,Sudeste,-22.1158,-45.5123
3144508,314450,Nazareno,MG,Minas Gerais,Sudeste,-21.2168,-44.6138
3144607,314460,Nepomuceno,MG,Minas Gerais,Sudeste,-21.2324,-45.235
3144656,314465,Ninheira,MG,Minas Gerais,Sudeste,-15.3148,-41.7564
3144672,314467,Nova Belém,MG,Minas Gerais,Sudeste,-18.4925,-41.1107
3144706,314470,Nova Era,MG,Minas Gerais,Sudeste,-19.7577,-43.0333
3144805,314480,Nova Lima,MG,Minas Gerais,Sudeste,-19.9758,-43.8509
3144904,314490,Nova Módica,MG,Minas Gerais,Sudeste,-18.4417,-41.4984
3145000,314500,Nova Ponte,MG,Minas Gerais,Sudeste,-19.1461,-47.6779
3145059,314505,Nova Porteirinha,MG,Minas Gerais,Sudeste,-15.7993,-43.2941
3145109,314510,Nova Resende,MG,Minas Gerais,Sudeste,-21.1286,-46.4157
3145208,314520,Nova Serrana,MG,Minas Gerais,Sudeste,-19.8713,-44.9847
3145307,314530,Novo Cruzeiro,MG,Minas Gerais,Sudeste,-17.4654,-41.8826
3145356,314535,Novo Oriente de Minas,MG,Minas Gerais,Sudeste,-17.4089,-41.2194
3145372,314537,Novorizonte,MG,Minas Gerais,Sudeste,-16.0162,-42.4044
3145406,314540,Olaria,MG,Minas Gerais,Sudeste,-21.8598,-43.9356
3145455,314545,Olhos d'Água,MG,Minas Gerais,Sudeste,-17.3982,-43.5719
3145505,314550,Olímpio Noronha,MG,Minas Gerais,Sudeste,-22.0685,-45.2657
3145604,314560,Oliveira,MG,Minas Gerais,Sudeste,-20.6982,-44.829
3145703,314570,Oliveira Fortes,MG,Minas Gerais,Sudeste,-21.3401,-43.4499
3145802,314580,Onça de Pitangui,MG,Minas Gerais,Sudeste,-19.7276,-44.8058
3145851,314585,Oratórios,MG,Minas Gerais,Sudeste,-20.4298,-42.7977
3145877,314587,Orizânia,MG,Minas Gerais,Sudeste,-20.5142,-42.1991
3145901,314590,Ouro Branco,MG,Minas Gerais,Sudeste,-20.5263,-43.6962
3146008,314600,Ouro Fino,MG,Minas Gerais,Sudeste,-22.2779,-46.3716
3146107,314610,Ouro Preto,MG,Minas Gerais,Sudeste,-20.3796,-43.512
3146206,314620,Ouro Verde de Minas,MG,Minas Gerais,Sudeste,-18.0719,-41.2734
3146255,314625,Padre Carvalho,MG,Minas Gerais,Sudeste,-16.3646,-42.5088
3146305,314630,Padre Paraíso,MG,Minas Gerais,Sudeste,-17.0758,-41.4821
3146404,314640,Paineiras,MG,Minas Gerais,Sudeste,-18.8993,-45.5321
3146503,314650,Pains,MG,Minas Gerais,Sudeste,-20.3705,-45.6627
3146552,314655,Pai Pedro,MG,Minas Gerais,Sudeste,-15.5271,-43.07
3146602,314660,Paiva,MG,Minas Gerais,Sudeste,-21.2913,-43.4088
3146701,314670,Palma,MG,Minas Gerais,Sudeste,-21.3748,-42.3123
3146750,314675,Palmópolis,MG,Minas Gerais,Sudeste,-16.7364,-40.4296
3146909,314690,Papagaios,MG,Minas Gerais,Sudeste,-19.4419,-44.7468
3147006,314700,Paracatu,MG,Minas Gerais,Sudeste,-17.2252,-46.8711
3147105,314710,Pará de Minas,MG,Minas Gerais,Sudeste,-19.8534,-44.6114
3147204,314720,Paraguaçu,MG,Minas Gerais,Sudeste,-21.5465,-45.7374
3147303,314730,Paraisópolis,MG,Minas Gerais,Sudeste,-22.5539,-45.7803
3147402,314740,Paraopeba,MG,Minas Gerais,Sudeste,-19.2732,-44.4044
3147501,314750,Passabém,MG,Minas Gerais,Sudeste,-19.3509,-43.1383
3147600,314760,Passa Quatro,MG,Minas Gerais,Sudeste,-22.3871,-44.9709
3147709,314770,Passa Tempo,MG,Minas Gerais,Sudeste,-20.6539,-44.4926
3147808,314780,Passa-Vinte,MG,Minas Gerais,Sudeste,-22.2097,-44.2344
3147907,314790,Passos,MG,Minas Gerais,Sudeste,-20.7193,-46.609
3147956,314795,Patis,MG,Minas Gerais,Sudeste,-16.0773,-44.0787
3148004,314800,Patos de Minas,MG,Minas Gerais,Sudeste,-18.5699,-46.5013
3148103,314810,Patrocínio,MG,Minas Gerais,Sudeste,-18.9379,-46.9934
3148202,314820,Patrocínio do Muriaé,MG,Minas Gerais,Sudeste,-21.1544,-42.2125
3148301,314830,Paula Cândido,MG,Minas Gerais,Sudeste,-20.8754,-42.9752
3148400,314840,Paulistas,MG,Minas Gerais,Sudeste,-18.4276,-42.8628
3148509,314850,Pavão,MG,Minas Gerais,Sudeste,-17.4267,-41.0035
3148608,314860,Peçanha,MG,Minas Gerais,Sudeste,-18.5441,-42.5583
3148707,314870,Pedra Azul,MG,Minas Gerais,Sudeste,-16.0086,-41.2909
3148756,314875,Pedra Bonita,MG,Minas Gerais,Sudeste,-20.5219,-42.3304
3148806,314880,Pedra do Anta,MG,Minas Gerais,Sudeste,-20.5968,-42.7123
3148905,314890,Pedra do Indaiá,MG,Minas Gerais,Sudeste,-20.2563,-45.2107
3149002,314900,Pedra Dourada,MG,Minas Gerais,Sudeste,-20.8266,-42.1515
3149101,314910,Pedralva,MG,Minas Gerais,Sudeste,-22.2386,-45.4654
3149150,314915,Pedras de Maria da Cruz,MG,Minas Gerais,Sudeste,-15.6032,-44.391
3149200,314920,Pedrinópolis,MG,Minas Gerais,Sudeste,-19.2241,-47.4579
3149309,314930,Pedro Leopoldo,MG,Minas Gerais,Sudeste,-19.6308,-44.0383
3149408,314940,Pedro Teixeira,MG,Minas Gerais,Sudeste,-21.7076,-43.743
3149507,314950,Pequeri,MG,Minas Gerais,Sudeste,-21.8341,-43.1145
3149606,314960,Pequi,MG,Minas Gerais,Sudeste,-19.6284,-44.6604
3149705,314970,Perdigão,MG,Minas Gerais,Sudeste,-19.9411,-45.078
3149804,314980,Perdizes,MG,Minas Gerais,Sudeste,-19.3434,-47.2963
3149903,314990,Perdões,MG,Minas Gerais,Sudeste,-21.0932,-45.0896
3149952,314995,Periquito,MG,Minas Gerais,Sudeste,-19.1573,-42.2333
3150000,315000,Pescador,MG,Minas Gerais,Sudeste,-18.357,-41.6006
3150109,315010,Piau,MG,Minas Gerais,Sudeste,-21.5096,-43.313
3150158,315015,Piedade de Caratinga,MG,Minas Gerais,Sudeste,-19.7593,-42.0756
3150208,315020,Piedade de Ponte Nova,MG,Minas Gerais,Sudeste,-20.2438,-42.7379
3150307,315030,Piedade do Rio Grande,MG,Minas Gerais,Sudeste,-21.469,-44.1938
3150406,315040,Piedade dos Gerais,MG,Minas Gerais,Sudeste,-20.4715,-44.2243
3150505,315050,Pimenta,MG,Minas Gerais,Sudeste,-20.4827,-45.8049
3150539,315053,Pingo-d'Água,MG,Minas Gerais,Sudeste,-19.7287,-42.4095
3150570,315057,Pintópolis,MG,Minas Gerais,Sudeste,-16.0572,-45.1402
3150604,315060,Piracema,MG,Minas Gerais,Sudeste,-20.5089,-44.4783
3150703,315070,Pirajuba,MG,Minas Gerais,Sudeste,-19.9092,-48.7027
3150802,315080,Piranga,MG,Minas Gerais,Sudeste,-20.6834,-43.2967
3150901,315090,Piranguçu,MG,Minas Gerais,Sudeste,-22.5249,-45.4945
3151008,315100,Piranguinho,MG,Minas Gerais,Sudeste,-22.395,-45.5324
3151107,315110,Pirapetinga,MG,Minas Gerais,Sudeste,-21.6554,-42.3434
3151206,315120,Pirapora,MG,Minas Gerais,Sudeste,-17.3392,-44.934
3151305,315130,Piraúba,MG,Minas Gerais,Sudeste,-21.2825,-43.0172
3151404,315140,Pitangui,MG,Minas Gerais,Sudeste,-19.6741,-44.8964
3151503,315150,Piumhi,MG,Minas Gerais,Sudeste,-20.4762,-45.9589
3151602,315160,Planura,MG,Minas Gerais,Sudeste,-20.1376,-48.7
3151701,315170,Poço Fundo,MG,Minas Gerais,Sudeste,-21.78,-45.9658
3151800,315180,Poços de Caldas,MG,Minas Gerais,Sudeste,-21.78,-46.5692
3151909,315190,Pocrane,MG,Minas Gerais,Sudeste,-19.6208,-41.6334
3152006,315200,Pompéu,MG,Minas Gerais,Sudeste,-19.2257,-45.0141
3152105,315210,Ponte Nova,MG,Minas Gerais,Sudeste,-20.4111,-42.8978
3152131,315213,Ponto Chique,MG,Minas Gerais,Sudeste,-16.6282,-45.0588
3152170,315217,Ponto dos Volantes,MG,Minas Gerais,Sudeste,-16.7473,-41.5025
3152204,315220,Porteirinha,MG,Minas Gerais,Sudeste,-15.7404,-43.0281
3152303,315230,Porto Firme,MG,Minas Gerais,Sudeste,-20.6642,-43.0834
3152402,315240,Poté,MG,Minas Gerais,Sudeste,-17.8077,-41.786
3152501,315250,Pouso Alegre,MG,Minas Gerais,Sudeste,-22.2266,-45.9389
3152600,315260,Pouso Alto,MG,Minas Gerais,Sudeste,-22.1964,-44.9748
3152709,315270,Prados,MG,Minas Gerais,Sudeste,-21.0597,-44.0778
3152808,315280,Prata,MG,Minas Gerais,Sudeste,-19.3086,-48.9276
3152907,315290,Pratápolis,MG,Minas Gerais,Sudeste,-20.7411,-46.8624
3153004,315300,Pratinha,MG,Minas Gerais,Sudeste,-19.739,-46.3755
3153103,315310,Presidente Bernardes,MG,Minas Gerais,Sudeste,-20.7656,-43.1895
3153202,315320,Presidente Juscelino,MG,Minas Gerais,Sudeste,-18.6401,-44.06
3153301,315330,Presidente Kubitschek,MG,Minas Gerais,Sudeste,-18.6193,-43.5628
3153400,315340,Presidente Olegário,MG,Minas Gerais,Sudeste,-18.4096,-46.4165
3153509,315350,Alto Jequitibá,MG,Minas Gerais,Sudeste,-20.4208,-41.967
3153608,315360,Prudente de Morais,MG,Minas Gerais,Sudeste,-19.4742,-44.1591
3153707,315370,Quartel Geral,MG,Minas Gerais,Sudeste,-19.2703,-45.5569
3153806,315380,Queluzito,MG,Minas Gerais,Sudeste,-20.7416,-43.8851
3153905,315390,Raposos,MG,Minas Gerais,Sudeste,-19.9636,-43.8079
3154002,315400,Raul Soares,MG,Minas Gerais,Sudeste,-20.1061,-42.4502
3154101,315410,Recreio,MG,Minas Gerais,Sudeste,-21.5289,-42.4676
3154150,315415,Reduto,MG,Minas Gerais,Sudeste,-20.2401,-41.9848
3154200,315420,Resende Costa,MG,Minas Gerais,Sudeste,-20.9171,-44.2407
3154309,315430,Resplendor,MG,Minas Gerais,Sudeste,-19.3194,-41.2462
3154408,315440,Ressaquinha,MG,Minas Gerais,Sudeste,-21.0642,-43.7598
3154457,315445,Riachinho,MG,Minas Gerais,Sudeste,-16.2258,-45.9888
3154507,315450,Riacho dos Machados,MG,Minas Gerais,Sudeste,-16.0091,-43.0488
3154606,315460,Ribeirão das Neves,MG,Minas Gerais,Sudeste,-19.7621,-44.0844
3154705,315470,Ribeirão Vermelho,MG,Minas Gerais,Sudeste,-21.1879,-45.0637
3154804,315480,Rio Acima,MG,Minas Gerais,Sudeste,-20.0876,-43.7878
3154903,315490,Rio Casca,MG,Minas Gerais,Sudeste,-20.2285,-42.6462
3155009,315500,Rio Doce,MG,Minas Gerais,Sudeste,-20.2412,-42.8995
3155108,315510,Rio do Prado,MG,Minas Gerais,Sudeste,-16.6056,-40.5714
3155207,315520,Rio Espera,MG,Minas Gerais,Sudeste,-20.855,-43.4721
3155306,315530,Rio Manso,MG,Minas Gerais,Sudeste,-20.2666,-44.3069
3155405,315540,Rio Novo,MG,Minas Gerais,Sudeste,-21.4649,-43.1168
3155504,315550,Rio Paranaíba,MG,Minas Gerais,Sudeste,-19.1861,-46.2455
3155603,315560,Rio Pardo de Minas,MG,Minas Gerais,Sudeste,-15.616,-42.5405
3155702,315570,Rio Piracicaba,MG,Minas Gerais,Sudeste,-19.9284,-43.1829
3155801,315580,Rio Pomba,MG,Minas Gerais,Sudeste,-21.2712,-43.1696
3155900,315590,Rio Preto,MG,Minas Gerais,Sudeste,-22.0861,-43.8293
3156007,315600,Rio Vermelho,MG,Minas Gerais,Sudeste,-18.2922,-43.0018
3156106,315610,Ritápolis,MG,Minas Gerais,Sudeste,-21.0276,-44.3204
3156205,315620,Rochedo de Minas,MG,Minas Gerais,Sudeste,-21.6284,-43.0165
3156304,315630,Rodeiro,MG,Minas Gerais,Sudeste,-21.2035,-42.8586
3156403,315640,Romaria,MG,Minas Gerais,Sudeste,-18.8838,-47.5782
3156452,315645,Rosário da Limeira,MG,Minas Gerais,Sudeste,-20.9812,-42.5112
3156502,315650,Rubelita,MG,Minas Gerais,Sudeste,-16.4053,-42.261
3156601,315660,Rubim,MG,Minas Gerais,Sudeste,-16.3775,-40.5397
3156700,315670,Sabará,MG,Minas Gerais,Sudeste,-19.884,-43.8263
3156809,315680,Sabinópolis,MG,Minas Gerais,Sudeste,-18.6653,-43.0752
3156908,315690,Sacramento,MG,Minas Gerais,Sudeste,-19.8622,-47.4508
3157005,315700,Salinas,MG,Minas Gerais,Sudeste,-16.1753,-42.2964
3157104,315710,Salto da Divisa,MG,Minas Gerais,Sudeste,-16.0063,-39.9391
3157203,315720,Santa Bárbara,MG,Minas Gerais,Sudeste,-19.9604,-43.4101
3157252,315725,Santa Bárbara do Leste,MG,Minas Gerais,Sudeste,-19.9753,-42.1457
3157278,315727,Santa Bárbara do Monte Verde,MG,Minas Gerais,Sudeste,-21.9592,-43.7027
3157302,315730,Santa Bárbara do Tugúrio,MG,Minas Gerais,Sudeste,-21.2431,-43.5607
3157336,315733,Santa Cruz de Minas,MG,Minas Gerais,Sudeste,-21.1241,-44.2202
3157377,315737,Santa Cruz de Salinas,MG,Minas Gerais,Sudeste,-16.0967,-41.7418
3157401,315740,Santa Cruz do Escalvado,MG,Minas Gerais,Sudeste,-20.2372,-42.8169
3157500,315750,Santa Efigênia de Minas,MG,Minas Gerais,Sudeste,-18.8235,-42.4388
3157609,315760,Santa Fé de Minas,MG,Minas Gerais,Sudeste,-16.6859,-45.4102
3157658,315765,Santa Helena de Minas,MG,Minas Gerais,Sudeste,-16.9707,-40.6727
3157708,315770,Santa Juliana,MG,Minas Gerais,Sudeste,-19.3108,-47.5322
3157807,315780,Santa Luzia,MG,Minas Gerais,Sudeste,-19.7548,-43.8497
3157906,315790,Santa Margarida,MG,Minas Gerais,Sudeste,-20.3839,-42.2519
3158003,315800,Santa Maria de Itabira,MG,Minas Gerais,Sudeste,-19.4431,-43.1064
3158102,315810,Santa Maria do Salto,MG,Minas Gerais,Sudeste,-16.2479,-40.1512
3158201,315820,Santa Maria do Suaçuí,MG,Minas Gerais,Sudeste,-18.1896,-42.4139
3158300,315830,Santana da Vargem,MG,Minas Gerais,Sudeste,-21.2449,-45.5005
3158409,315840,Santana de Cataguases,MG,Minas Gerais,Sudeste,-21.2893,-42.5524
3158508,315850,Santana de Pirapama,MG,Minas Gerais,Sudeste,-18.9962,-44.0409
3158607,315860,Santana do Deserto,MG,Minas Gerais,Sudeste,-21.9512,-43.1583
3158706,315870,Santana do Garambéu,MG,Minas Gerais,Sudeste,-21.5983,-44.105
3158805,315880,Santana do Jacaré,MG,Minas Gerais,Sudeste,-20.9007,-45.1285
3158904,315890,Santana do Manhuaçu,MG,Minas Gerais,Sudeste,-20.1031,-41.9278
3158953,315895,Santana do Paraíso,MG,Minas Gerais,Sudeste,-19.3661,-42.5446
3159001,315900,Santana do Riacho,MG,Minas Gerais,Sudeste,-19.1662,-43.722
3159100,315910,Santana dos Montes,MG,Minas Gerais,Sudeste,-20.7868,-43.6949
3159209,315920,Santa Rita de Caldas,MG,Minas Gerais,Sudeste,-22.0292,-46.3385
3159308,315930,Santa Rita de Jacutinga,MG,Minas Gerais,Sudeste,-22.1474,-44.0977
3159357,315935,Santa Rita de Minas,MG,Minas Gerais,Sudeste,-19.876,-42.1363
3159407,315940,Santa Rita de Ibitipoca,MG,Minas Gerais,Sudeste,-21.5658,-43.9163
3159506,315950,Santa Rita do Itueto,MG,Minas Gerais,Sudeste,-19.3576,-41.3821
3159605,315960,Santa Rita do Sapucaí,MG,Minas Gerais,Sudeste,-22.2461,-45.7034
3159704,315970,Santa Rosa da Serra,MG,Minas Gerais,Sudeste,-19.5186,-45.9611
3159803,315980,Santa Vitória,MG,Minas Gerais,Sudeste,-18.8414,-50.1208
3159902,315990,Santo Antônio do Amparo,MG,Minas Gerais,Sudeste,-20.943,-44.9176
3160009,316000,Santo Antônio do Aventureiro,MG,Minas Gerais,Sudeste,-21.7606,-42.8115
3160108,316010,Santo Antônio do Grama,MG,Minas Gerais,Sudeste,-20.3185,-42.6047
3160207,316020,Santo Antônio do Itambé,MG,Minas Gerais,Sudeste,-18.4609,-43.3006
3160306,316030,Santo Antônio do Jacinto,MG,Minas Gerais,Sudeste,-16.5332,-40.1817
3160405,316040,Santo Antônio do Monte,MG,Minas Gerais,Sudeste,-20.085,-45.2947
3160454,316045,Santo Antônio do Retiro,MG,Minas Gerais,Sudeste,-15.3393,-42.6171
3160504,316050,Santo Antônio do Rio Abaixo,MG,Minas Gerais,Sudeste,-19.2374,-43.2604
3160603,316060,Santo Hipólito,MG,Minas Gerais,Sudeste,-18.2968,-44.2229
3160702,316070,Santos Dumont,MG,Minas Gerais,Sudeste,-21.4634,-43.5499
3160801,316080,São Bento Abade,MG,Minas Gerais,Sudeste,-21.5839,-45.0699
3160900,316090,São Brás do Suaçuí,MG,Minas Gerais,Sudeste,-20.6242,-43.9515
3160959,316095,São Domingos das Dores,MG,Minas Gerais,Sudeste,-19.5246,-42.0106
3161007,316100,São Domingos do Prata,MG,Minas Gerais,Sudeste,-19.8678,-42.971
3161056,316105,São Félix de Minas,MG,Minas Gerais,Sudeste,-18.5959,-41.4889
3161106,316110,São Francisco,MG,Minas Gerais,Sudeste,-15.9514,-44.8593
3161205,316120,São Francisco de Paula,MG,Minas Gerais,Sudeste,-20.7036,-44.9838
3161304,316130,São Francisco de Sales,MG,Minas Gerais,Sudeste,-19.8611,-49.7727
3161403,316140,São Francisco do Glória,MG,Minas Gerais,Sudeste,-20.7923,-42.2673
3161502,316150,São Geraldo,MG,Minas Gerais,Sudeste,-20.9252,-42.8364
3161601,316160,São Geraldo da Piedade,MG,Minas Gerais,Sudeste,-18.8411,-42.2867
3161650,316165,São Geraldo do Baixio,MG,Minas Gerais,Sudeste,-18.9097,-41.363
3161700,316170,São Gonçalo do Abaeté,MG,Minas Gerais,Sudeste,-18.3315,-45.8265
3161809,316180,São Gonçalo do Pará,MG,Minas Gerais,Sudeste,-19.9822,-44.8593
3161908,316190,São Gonçalo do Rio Abaixo,MG,Minas Gerais,Sudeste,-19.8221,-43.366
3162005,316200,São Gonçalo do Sapucaí,MG,Minas Gerais,Sudeste,-21.8932,-45.5893
3162104,316210,São Gotardo,MG,Minas Gerais,Sudeste,-19.3087,-46.0465
3162203,316220,São João Batista do Glória,MG,Minas Gerais,Sudeste,-20.635,-46.508
3162252,316225,São João da Lagoa,MG,Minas Gerais,Sudeste,-16.8455,-44.3507
3162302,316230,São João da Mata,MG,Minas Gerais,Sudeste,-21.928,-45.9297
3162401,316240,São João da Ponte,MG,Minas Gerais,Sudeste,-15.9271,-44.0096
3162450,316245,São João das Missões,MG,Minas Gerais,Sudeste,-14.8859,-44.0922
3162500,316250,São João del Rei,MG,Minas Gerais,Sudeste,-21.1311,-44.2526
3162559,316255,São João do Manhuaçu,MG,Minas Gerais,Sudeste,-20.3933,-42.1533
3162575,316257,São João do Manteninha,MG,Minas Gerais,Sudeste,-18.723,-41.1628
3162609,316260,São João do Oriente,MG,Minas Gerais,Sudeste,-19.3384,-42.1575
3162658,316265,São João do Pacuí,MG,Minas Gerais,Sudeste,-16.5373,-44.5134
3162708,316270,São João do Paraíso,MG,Minas Gerais,Sudeste,-15.3168,-42.0213
3162807,316280,São João Evangelista,MG,Minas Gerais,Sudeste,-18.548,-42.7655
3162906,316290,São João Nepomuceno,MG,Minas Gerais,Sudeste,-21.5381,-43.0069
3162922,316292,São Joaquim de Bicas,MG,Minas Gerais,Sudeste,-20.048,-44.2749
3162948,316294,São José da Barra,MG,Minas Gerais,Sudeste,-20.7178,-46.313
3162955,316295,São José da Lapa,MG,Minas Gerais,Sudeste,-19.6971,-43.9586
3163003,316300,São José da Safira,MG,Minas Gerais,Sudeste,-18.3243,-42.1431
3163102,316310,São José da Varginha,MG,Minas Gerais,Sudeste,-19.7006,-44.556
3163201,316320,São José do Alegre,MG,Minas Gerais,Sudeste,-22.3243,-45.5258
3163300,316330,São José do Divino,MG,Minas Gerais,Sudeste,-18.4793,-41.3907
3163409,316340,São José do Goiabal,MG,Minas Gerais,Sudeste,-19.9214,-42.7035
3163508,316350,São José do Jacuri,MG,Minas Gerais,Sudeste,-18.281,-42.6729
3163607,316360,São José do Mantimento,MG,Minas Gerais,Sudeste,-20.0058,-41.7486
3163706,316370,São Lourenço,MG,Minas Gerais,Sudeste,-22.1166,-45.0506
3163805,316380,São Miguel do Anta,MG,Minas Gerais,Sudeste,-20.7067,-42.7174
3163904,316390,São Pedro da União,MG,Minas Gerais,Sudeste,-21.131,-46.6123
3164001,316400,São Pedro dos Ferros,MG,Minas Gerais,Sudeste,-20.1732,-42.5251
3164100,316410,São Pedro do Suaçuí,MG,Minas Gerais,Sudeste,-18.3609,-42.5981
3164209,316420,São Romão,MG,Minas Gerais,Sudeste,-16.3641,-45.0749
3164308,316430,São Roque de Minas,MG,Minas Gerais,Sudeste,-20.249,-46.3639
3164407,316440,São Sebastião da Bela Vista,MG,Minas Gerais,Sudeste,-22.1583,-45.7546
3164431,316443,São Sebastião da Vargem Alegre,MG,Minas Gerais,Sudeste,-19.7477,-43.3679
3164472,316447,São Sebastião do Anta,MG,Minas Gerais,Sudeste,-19.5064,-41.985
3164506,316450,São Sebastião do Maranhão,MG,Minas Gerais,Sudeste,-18.0873,-42.5659
3164605,316460,São Sebastião do Oeste,MG,Minas Gerais,Sudeste,-20.2758,-45.0063
3164704,316470,São Sebastião do Paraíso,MG,Minas Gerais,Sudeste,-20.9167,-46.9837
3164803,316480,São Sebastião do Rio Preto,MG,Minas Gerais,Sudeste,-19.2959,-43.1757
3164902,316490,São Sebastião do Rio Verde,MG,Minas Gerais,Sudeste,-22.2183,-44.9761
3165008,316500,São Tiago,MG,Minas Gerais,Sudeste,-20.9075,-44.5098
3165107,316510,São Tomás de Aquino,MG,Minas Gerais,Sudeste,-20.7791,-47.0962
3165206,316520,São Thomé das Letras,MG,Minas Gerais,Sudeste,-21.7218,-44.9849
3165305,316530,São Vicente de Minas,MG,Minas Gerais,Sudeste,-21.7042,-44.4431
3165404,316540,Sapucaí-Mirim,MG,Minas Gerais,Sudeste,-22.7409,-45.738
3165503,316550,Sardoá,MG,Minas Gerais,Sudeste,-18.7828,-42.3629
3165537,316553,Sarzedo,MG,Minas Gerais,Sudeste,-20.0367,-44.1446
3165552,316555,Setubinha,MG,Minas Gerais,Sudeste,-17.6002,-42.1587
3165560,316556,Sem-Peixe,MG,Minas Gerais,Sudeste,-20.1008,-42.8483
3165578,316557,Senador Amaral,MG,Minas Gerais,Sudeste,-22.5869,-46.1763
3165602,316560,Senador Cortes,MG,Minas Gerais,Sudeste,-21.7986,-42.9424
3165701,316570,Senador Firmino,MG,Minas Gerais,Sudeste,-20.9158,-43.0904
3165800,316580,Senador José Bento,MG,Minas Gerais,Sudeste,-22.1633,-46.1792
3165909,316590,Senador Modestino Gonçalves,MG,Minas Gerais,Sudeste,-17.9465,-43.2172
3166006,316600,Senhora de Oliveira,MG,Minas Gerais,Sudeste,-20.7972,-43.3394
3166105,316610,Senhora do Porto,MG,Minas Gerais,Sudeste,-18.8909,-43.0799
3166204,316620,Senhora dos Remédios,MG,Minas Gerais,Sudeste,-21.0351,-43.5812
3166303,316630,Sericita,MG,Minas Gerais,Sudeste,-20.4748,-42.4828
3166402,316640,Seritinga,MG,Minas Gerais,Sudeste,-21.9134,-44.518
3166501,316650,Serra Azul de Minas,MG,Minas Gerais,Sudeste,-18.3602,-43.1675
3166600,316660,Serra da Saudade,MG,Minas Gerais,Sudeste,-19.4447,-45.795
3166709,316670,Serra dos Aimorés,MG,Minas Gerais,Sudeste,-17.7872,-40.2453
3166808,316680,Serra do Salitre,MG,Minas Gerais,Sudeste,-19.1083,-46.6961
3166907,316690,Serrania,MG,Minas Gerais,Sudeste,-21.5441,-46.0417
3166956,316695,Serranópolis de Minas,MG,Minas Gerais,Sudeste,-15.8176,-42.8732
3167004,316700,Serranos,MG,Minas Gerais,Sudeste,-21.8857,-44.5125
3167103,316710,Serro,MG,Minas Gerais,Sudeste,-18.5991,-43.3744
3167202,316720,Sete Lagoas,MG,Minas Gerais,Sudeste,-19.4569,-44.2413
3167301,316730,Silveirânia,MG,Minas Gerais,Sudeste,-21.1615,-43.2128
3167400,316740,Silvianópolis,MG,Minas Gerais,Sudeste,-22.0274,-45.8385
3167509,316750,Simão Pereira,MG,Minas Gerais,Sudeste,-21.964,-43.3088
3167608,316760,Simonésia,MG,Minas Gerais,Sudeste,-20.1341,-42.0091
3167707,316770,Sobrália,MG,Minas Gerais,Sudeste,-19.2345,-42.0998
3167806,316780,Soledade de Minas,MG,Minas Gerais,Sudeste,-22.0554,-45.0464
3167905,316790,Tabuleiro,MG,Minas Gerais,Sudeste,-21.3632,-43.2381
3168002,316800,Taiobeiras,MG,Minas Gerais,Sudeste,-15.8106,-42.2259
3168051,316805,Taparuba,MG,Minas Gerais,Sudeste,-19.7621,-41.608
3168101,316810,Tapira,MG,Minas Gerais,Sudeste,-19.9166,-46.8264
3168200,316820,Tapiraí,MG,Minas Gerais,Sudeste,-19.8936,-46.0221
3168309,316830,Taquaraçu de Minas,MG,Minas Gerais,Sudeste,-19.6652,-43.6922
3168408,316840,Tarumirim,MG,Minas Gerais,Sudeste,-19.2835,-42.0097
3168507,316850,Teixeiras,MG,Minas Gerais,Sudeste,-20.6561,-42.8564
3168606,316860,Teófilo Otoni,MG,Minas Gerais,Sudeste,-17.8595,-41.5087
3168705,316870,Timóteo,MG,Minas Gerais,Sudeste,-19.5811,-42.6471
3168804,316880,Tiradentes,MG,Minas Gerais,Sudeste,-21.1102,-44.1744
3168903,316890,Tiros,MG,Minas Gerais,Sudeste,-19.0037,-45.9626
3169000,316900,Tocantins,MG,Minas Gerais,Sudeste,-21.1774,-43.0127
3169059,316905,Tocos do Moji,MG,Minas Gerais,Sudeste,-22.3698,-46.0971
3169109,316910,Toledo,MG,Minas Gerais,Sudeste,-22.7421,-46.3728
3169208,316920,Tombos,MG,Minas Gerais,Sudeste,-20.9086,-42.0228
3169307,316930,Três Corações,MG,Minas Gerais,Sudeste,-21.6921,-45.2511
3169356,316935,Três Marias,MG,Minas Gerais,Sudeste,-18.2048,-45.2473
3169406,316940,Três Pontas,MG,Minas Gerais,Sudeste,-21.3694,-45.5109
3169505,316950,Tumiritinga,MG,Minas Gerais,Sudeste,-18.9844,-41.6527
3169604,316960,Tupaciguara,MG,Minas Gerais,Sudeste,-18.5866,-48.6985
3169703,316970,Turmalina,MG,Minas Gerais,Sudeste,-17.2828,-42.7285
3169802,316980,Turvolândia,MG,Minas Gerais,Sudeste,-21.8733,-45.7859
3169901,316990,Ubá,MG,Minas Gerais,Sudeste,-21.1204,-42.9359
3170008,317000,Ubaí,MG,Minas Gerais,Sudeste,-16.2885,-44.7783
3170057,317005,Ubaporanga,MG,Minas Gerais,Sudeste,-19.6351,-42.1059
3170107,317010,Uberaba,MG,Minas Gerais,Sudeste,-19.7472,-47.9381
3170206,317020,Uberlândia,MG,Minas Gerais,Sudeste,-18.9141,-48.2749
3170305,317030,Umburatiba,MG,Minas Gerais,Sudeste,-17.2548,-40.5779
3170404,317040,Unaí,MG,Minas Gerais,Sudeste,-16.3592,-46.9022
3170438,317043,União de Minas,MG,Minas Gerais,Sudeste,-19.5299,-50.338
3170479,317047,Uruana de Minas,MG,Minas Gerais,Sudeste,-16.0634,-46.2443
3170503,317050,Urucânia,MG,Minas Gerais,Sudeste,-20.3521,-42.737
3170529,317052,Urucuia,MG,Minas Gerais,Sudeste,-16.1244,-45.7352
3170578,317057,Vargem Alegre,MG,Minas Gerais,Sudeste,-19.5988,-42.2949
3170602,317060,Vargem Bonita,MG,Minas Gerais,Sudeste,-20.3333,-46.3688
3170651,317065,Vargem Grande do Rio Pardo,MG,Minas Gerais,Sudeste,-15.3987,-42.3085
3170701,317070,Varginha,MG,Minas Gerais,Sudeste,-21.5556,-45.4364
3170750,317075,Varjão de Minas,MG,Minas Gerais,Sudeste,-18.3741,-46.0313
3170800,317080,Várzea da Palma,MG,Minas Gerais,Sudeste,-17.5944,-44.7226
3170909,317090,Varzelândia,MG,Minas Gerais,Sudeste,-15.6992,-44.0278
3171006,317100,Vazante,MG,Minas Gerais,Sudeste,-17.9827,-46.9088
3171030,317103,Verdelândia,MG,Minas Gerais,Sudeste,-15.5845,-43.6121
3171071,317107,Veredinha,MG,Minas Gerais,Sudeste,-17.3974,-42.7307
3171105,317110,Veríssimo,MG,Minas Gerais,Sudeste,-19.6657,-48.3118
3171154,317115,Vermelho Novo,MG,Minas Gerais,Sudeste,-20.0406,-42.2688
3171204,317120,Vespasiano,MG,Minas Gerais,Sudeste,-19.6883,-43.9239
3171303,317130,Viçosa,MG,Minas Gerais,Sudeste,-20.7559,-42.8742
3171402,317140,Vieiras,MG,Minas Gerais,Sudeste,-20.867,-42.2401
3171501,317150,Mathias Lobato,MG,Minas Gerais,Sudeste,-18.59,-41.9166
3171600,317160,Virgem da Lapa,MG,Minas Gerais,Sudeste,-16.807,-42.3431
3171709,317170,Virgínia,MG,Minas Gerais,Sudeste,-22.3264,-45.0965
3171808,317180,Virginópolis,MG,Minas Gerais,Sudeste,-18.8154,-42.7015
3171907,317190,Virgolândia,MG,Minas Gerais,Sudeste,-18.4738,-42.3067
3172004,317200,Visconde do Rio Branco,MG,Minas Gerais,Sudeste,-21.0127,-42.8361
3172103,317210,Volta Grande,MG,Minas Gerais,Sudeste,-21.7671,-42.5375
3172202,317220,Wenceslau Braz,MG,Minas Gerais,Sudeste,-22.5368,-45.3626
3200102,320010,Afonso Cláudio,ES,Espírito Santo,Sudeste,-20.0778,-41.1261
3200136,320013,Águia Branca,ES,Espírito Santo,Sudeste,-18.9846,-40.7437
3200169,320016,Água Doce do Norte,ES,Espírito Santo,Sudeste,-18.5482,-40.9854
3200201,320020,Alegre,ES,Espírito Santo,Sudeste,-20.758,-41.5382
3200300,320030,Alfredo Chaves,ES,Espírito Santo,Sudeste,-20.6396,-40.7543
3200359,320035,Alto Rio Novo,ES,Espírito Santo,Sudeste,-19.0618,-41.0209
3200409,320040,Anchieta,ES,Espírito Santo,Sudeste,-20.7955,-40.6425
3200508,320050,Apiacá,ES,Espírito Santo,Sudeste,-21.1523,-41.5693
3200607,320060,Aracruz,ES,Espírito Santo,Sudeste,-19.82,-40.2764
3200706,320070,Atilio Vivacqua,ES,Espírito Santo,Sudeste,-20.913,-41.1986
3200805,320080,Baixo Guandu,ES,Espírito Santo,Sudeste,-19.5213,-41.0109
3200904,320090,Barra de São Francisco,ES,Espírito Santo,Sudeste,-18.7548,-40.8965
3201001,320100,Boa Esperança,ES,Espírito Santo,Sudeste,-18.5395,-40.3025
3201100,320110,Bom Jesus do Norte,ES,Espírito Santo,Sudeste,-21.1173,-41.6731
3201159,320115,Brejetuba,ES,Espírito Santo,Sudeste,-20.1395,-41.2954
3201209,320120,Cachoeiro de Itapemirim,ES,Espírito Santo,Sudeste,-20.8462,-41.1198
3201308,320130,Cariacica,ES,Espírito Santo,Sudeste,-20.2632,-40.4165
3201407,320140,Castelo,ES,Espírito Santo,Sudeste,-20.6033,-41.2031
3201506,320150,Colatina,ES,Espírito Santo,Sudeste,-19.5493,-40.6269
3201605,320160,Conceição da Barra,ES,Espírito Santo,Sudeste,-18.5883,-39.7362
3201704,320170,Conceição do Castelo,ES,Espírito Santo,Sudeste,-20.3639,-41.2417
3201803,320180,Divino de São Lourenço,ES,Espírito Santo,Sudeste,-20.6229,-41.6937
3201902,320190,Domingos Martins,ES,Espírito Santo,Sudeste,-20.3603,-40.6594
3202009,320200,Dores do Rio Preto,ES,Espírito Santo,Sudeste,-20.6931,-41.8405
3202108,320210,Ecoporanga,ES,Espírito Santo,Sudeste,-18.3702,-40.836
3202207,320220,Fundão,ES,Espírito Santo,Sudeste,-19.937,-40.4078
3202256,320225,Governador Lindenberg,ES,Espírito Santo,Sudeste,-19.1864,-40.4473
3202306,320230,Guaçuí,ES,Espírito Santo,Sudeste,-20.7668,-41.6734
3202405,320240,Guarapari,ES,Espírito Santo,Sudeste,-20.6772,-40.5093
3202454,320245,Ibatiba,ES,Espírito Santo,Sudeste,-20.2347,-41.5087
3202504,320250,Ibiraçu,ES,Espírito Santo,Sudeste,-19.8366,-40.3732
3202553,320255,Ibitirama,ES,Espírito Santo,Sudeste,-20.5466,-41.6667
3202603,320260,Iconha,ES,Espírito Santo,Sudeste,-20.7913,-40.8132
3202652,320265,Irupi,ES,Espírito Santo,Sudeste,-20.3501,-41.6444
3202702,320270,Itaguaçu,ES,Espírito Santo,Sudeste,-19.8018,-40.8601
3202801,320280,Itapemirim,ES,Espírito Santo,Sudeste,-21.0095,-40.8307
3202900,320290,Itarana,ES,Espírito Santo,Sudeste,-19.875,-40.8753
3203007,320300,Iúna,ES,Espírito Santo,Sudeste,-20.3531,-41.5334
3203056,320305,Jaguaré,ES,Espírito Santo,Sudeste,-18.907,-40.0759
3203106,320310,Jerônimo Monteiro,ES,Espírito Santo,Sudeste,-20.7994,-41.3948
3203130,320313,João Neiva,ES,Espírito Santo,Sudeste,-19.7577,-40.386
3203163,320316,Laranja da Terra,ES,Espírito Santo,Sudeste,-19.8994,-41.0621
3203205,320320,Linhares,ES,Espírito Santo,Sudeste,-19.3946,-40.0643
3203304,320330,Mantenópolis,ES,Espírito Santo,Sudeste,-18.8594,-41.124
3203320,320332,Marataízes,ES,Espírito Santo,Sudeste,-21.0398,-40.8384
3203346,320334,Marechal Floriano,ES,Espírito Santo,Sudeste,-20.4159,-40.67
3203353,320335,Marilândia,ES,Espírito Santo,Sudeste,-19.4114,-40.5456
3203403,320340,Mimoso do Sul,ES,Espírito Santo,Sudeste,-21.0628,-41.3615
3203502,320350,Montanha,ES,Espírito Santo,Sudeste,-18.1303,-40.3668
3203601,320360,Mucurici,ES,Espírito Santo,Sudeste,-18.0965,-40.52
3203700,320370,Muniz Freire,ES,Espírito Santo,Sudeste,-20.4652,-41.4156
3203809,320380,Muqui,ES,Espírito Santo,Sudeste,-20.9509,-41.346
3203908,320390,Nova Venécia,ES,Espírito Santo,Sudeste,-18.715,-40.4053
3204005,320400,Pancas,ES,Espírito Santo,Sudeste,-19.2229,-40.8534
3204054,320405,Pedro Canário,ES,Espírito Santo,Sudeste,-18.3004,-39.9574
3204104,320410,Pinheiros,ES,Espírito Santo,Sudeste,-18.4141,-40.2171
3204203,320420,Piúma,ES,Espírito Santo,Sudeste,-20.8334,-40.7268
3204252,320425,Ponto Belo,ES,Espírito Santo,Sudeste,-18.1253,-40.5458
3204302,320430,Presidente Kennedy,ES,Espírito Santo,Sudeste,-21.0964,-41.0468
3204351,320435,Rio Bananal,ES,Espírito Santo,Sudeste,-19.2719,-40.3366
3204401,320440,Rio Novo do Sul,ES,Espírito Santo,Sudeste,-20.8556,-40.9388
3204500,320450,Santa Leopoldina,ES,Espírito Santo,Sudeste,-20.0999,-40.527
3204559,320455,Santa Maria de Jetibá,ES,Espírito Santo,Sudeste,-20.0253,-40.7439
3204609,320460,Santa Teresa,ES,Espírito Santo,Sudeste,-19.9363,-40.5979
3204658,320465,São Domingos do Norte,ES,Espírito Santo,Sudeste,-19.1452,-40.6281
3204708,320470,São Gabriel da Palha,ES,Espírito Santo,Sudeste,-19.0182,-40.5365
3204807,320480,São José do Calçado,ES,Espírito Santo,Sudeste,-21.0274,-41.6636
3204906,320490,São Mateus,ES,Espírito Santo,Sudeste,-18.7214,-39.8579
3204955,320495,São Roque do Canaã,ES,Espírito Santo,Sudeste,-19.7411,-40.6526
3205002,320500,Serra,ES,Espírito Santo,Sudeste,-20.121,-40.3074
3205010,320501,Sooretama,ES,Espírito Santo,Sudeste,-19.1897,-40.0974
3205036,320503,Vargem Alta,ES,Espírito Santo,Sudeste,-20.669,-41.0179
3205069,320506,Venda Nova do Imigrante,ES,Espírito Santo,Sudeste,-20.327,-41.1355
3205101,320510,Viana,ES,Espírito Santo,Sudeste,-20.3825,-40.4933
3205150,320515,Vila Pavão,ES,Espírito Santo,Sudeste,-18.6091,-40.609
3205176,320517,Vila Valério,ES,Espírito Santo,Sudeste,-18.9958,-40.3849
3205200,320520,Vila Velha,ES,Espírito Santo,Sudeste,-20.3417,-40.2875
3205309,320530,Vitória,ES,Espírito Santo,Sudeste,-20.3155,-40.3128
3300100,330010,Angra dos Reis,RJ,Rio de Janeiro,Sudeste,-23.0011,-44.3196
3300159,330015,Aperibé,RJ,Rio de Janeiro,Sudeste,-21.6252,-42.1017
3300209,330020,Araruama,RJ,Rio de Janeiro,Sudeste,-22.8697,-42.3326
3300225,330022,Areal,RJ,Rio de Janeiro,Sudeste,-22.2283,-43.1118
3300233,330023,Armação dos Búzios,RJ,Rio de Janeiro,Sudeste,-22.7528,-41.8846
3300258,330025,Arraial do Cabo,RJ,Rio de Janeiro,Sudeste,-22.9774,-42.0267
3300308,330030,Barra do Piraí,RJ,Rio de Janeiro,Sudeste,-22.4715,-43.8269
3300407,330040,Barra Mansa,RJ,Rio de Janeiro,Sudeste,-22.5481,-44.1752
3300456,330045,Belford Roxo,RJ,Rio de Janeiro,Sudeste,-22.764,-43.3992
3300506,330050,Bom Jardim,RJ,Rio de Janeiro,Sudeste,-22.1545,-42.4251
3300605,330060,Bom Jesus do Itabapoana,RJ,Rio de Janeiro,Sudeste,-21.1449,-41.6822
3300704,330070,Cabo Frio,RJ,Rio de Janeiro,Sudeste,-22.8894,-42.0286
3300803,330080,Cachoeiras de Macacu,RJ,Rio de Janeiro,Sudeste,-22.4658,-42.6523
3300902,330090,Cambuci,RJ,Rio de Janeiro,Sudeste,-21.5691,-41.9187
3300936,330093,Carapebus,RJ,Rio de Janeiro,Sudeste,-22.1821,-41.663
3300951,330095,Comendador Levy Gasparian,RJ,Rio de Janeiro,Sudeste,-22.0404,-43.214
3301009,330100,Campos dos Goytacazes,RJ,Rio de Janeiro,Sudeste,-21.7622,-41.3181
3301108,330110,Cantagalo,RJ,Rio de Janeiro,Sudeste,-21.9797,-42.3664
3301157,330115,Cardoso Moreira,RJ,Rio de Janeiro,Sudeste,-21.4846,-41.6165
3301207,330120,Carmo,RJ,Rio de Janeiro,Sudeste,-21.931,-42.6046
3301306,330130,Casimiro de Abreu,RJ,Rio de Janeiro,Sudeste,-22.4812,-42.2066
3301405,330140,Conceição de Macabu,RJ,Rio de Janeiro,Sudeste,-22.0834,-41.8719
3301504,330150,Cordeiro,RJ,Rio de Janeiro,Sudeste,-22.0267,-42.3648
3301603,330160,Duas Barras,RJ,Rio de Janeiro,Sudeste,-22.0536,-42.5232
3301702,330170,Duque de Caxias,RJ,Rio de Janeiro,Sudeste,-22.7858,-43.3049
3301801,330180,Engenheiro Paulo de Frontin,RJ,Rio de Janeiro,Sudeste,-22.5498,-43.6827
3301850,330185,Guapimirim,RJ,Rio de Janeiro,Sudeste,-22.5347,-42.9895
3301876,330187,Iguaba Grande,RJ,Rio de Janeiro,Sudeste,-22.8495,-42.2299
3301900,330190,Itaboraí,RJ,Rio de Janeiro,Sudeste,-22.7565,-42.8639
3302007,330200,Itaguaí,RJ,Rio de Janeiro,Sudeste,-22.8636,-43.7798
3302056,330205,Italva,RJ,Rio de Janeiro,Sudeste,-21.4296,-41.7014
3302106,330210,Itaocara,RJ,Rio de Janeiro,Sudeste,-21.6748,-42.0758
3302205,330220,Itaperuna,RJ,Rio de Janeiro,Sudeste,-21.1997,-41.8799
3302254,330225,Itatiaia,RJ,Rio de Janeiro,Sudeste,-22.4897,-44.5675
3302270,330227,Japeri,RJ,Rio de Janeiro,Sudeste,-22.6435,-43.6602
3302304,330230,Laje do Muriaé,RJ,Rio de Janeiro,Sudeste,-21.2091,-42.1271
3302403,330240,Macaé,RJ,Rio de Janeiro,Sudeste,-22.3768,-41.7848
3302452,330245,Macuco,RJ,Rio de Janeiro,Sudeste,-21.9813,-42.2533
3302502,330250,Magé,RJ,Rio de Janeiro,Sudeste,-22.6632,-43.0315
3302601,330260,Mangaratiba,RJ,Rio de Janeiro,Sudeste,-22.9594,-44.0409
3302700,330270,Maricá,RJ,Rio de Janeiro,Sudeste,-22.9354,-42.8246
3302809,330280,Mendes,RJ,Rio de Janeiro,Sudeste,-22.5245,-43.7312
3302858,330285,Mesquita,RJ,Rio de Janeiro,Sudeste,-22.8028,-43.4601
3302908,330290,Miguel Pereira,RJ,Rio de Janeiro,Sudeste,-22.4572,-43.4803
3303005,330300,Miracema,RJ,Rio de Janeiro,Sudeste,-21.4148,-42.1938
3303104,330310,Natividade,RJ,Rio de Janeiro,Sudeste,-21.039,-41.9697
3303203,330320,Nilópolis,RJ,Rio de Janeiro,Sudeste,-22.8057,-43.4233
3303302,330330,Niterói,RJ,Rio de Janeiro,Sudeste,-22.8832,-43.1034
3303401,330340,Nova Friburgo,RJ,Rio de Janeiro,Sudeste,-22.2932,-42.5377
3303500,330350,Nova Iguaçu,RJ,Rio de Janeiro,Sudeste,-22.7556,-43.4603
3303609,330360,Paracambi,RJ,Rio de Janeiro,Sudeste,-22.6078,-43.7108
3303708,330370,Paraíba do Sul,RJ,Rio de Janeiro,Sudeste,-22.1585,-43.304
3303807,330380,Paraty,RJ,Rio de Janeiro,Sudeste,-23.2221,-44.7175
3303856,330385,Paty do Alferes,RJ,Rio de Janeiro,Sudeste,-22.4309,-43.4285
3303906,330390,Petrópolis,RJ,Rio de Janeiro,Sudeste,-22.52,-43.1926
3303955,330395,Pinheiral,RJ,Rio de Janeiro,Sudeste,-22.5172,-44.0022
3304003,330400,Piraí,RJ,Rio de Janeiro,Sudeste,-22.6215,-43.9081
3304102,330410,Porciúncula,RJ,Rio de Janeiro,Sudeste,-20.9632,-42.0465
3304110,330411,Porto Real,RJ,Rio de Janeiro,Sudeste,-22.4175,-44.2952
3304128,330412,Quatis,RJ,Rio de Janeiro,Sudeste,-22.4045,-44.2597
3304144,330414,Queimados,RJ,Rio de Janeiro,Sudeste,-22.7102,-43.5518
3304151,330415,Quissamã,RJ,Rio de Janeiro,Sudeste,-22.1031,-41.4693
3304201,330420,Resende,RJ,Rio de Janeiro,Sudeste,-22.4705,-44.4509
3304300,330430,Rio Bonito,RJ,Rio de Janeiro,Sudeste,-22.7181,-42.6276
3304409,330440,Rio Claro,RJ,Rio de Janeiro,Sudeste,-22.72,-44.1419
3304508,330450,Rio das Flores,RJ,Rio de Janeiro,Sudeste,-22.1692,-43.5856
3304524,330452,Rio das Ostras,RJ,Rio de Janeiro,Sudeste,-22.5174,-41.9475
3304557,330455,Rio de Janeiro,RJ,Rio de Janeiro,Sudeste,-22.9129,-43.2003
3304607,330460,Santa Maria Madalena,RJ,Rio de Janeiro,Sudeste,-21.9547,-42.0098
3304706,330470,Santo Antônio de Pádua,RJ,Rio de Janeiro,Sudeste,-21.541,-42.1832
3304755,330475,São Francisco de Itabapoana,RJ,Rio de Janeiro,Sudeste,-21.4702,-41.1091
3304805,330480,São Fidélis,RJ,Rio de Janeiro,Sudeste,-21.6551,-41.756
3304904,330490,São Gonçalo,RJ,Rio de Janeiro,Sudeste,-22.8268,-43.0634
3305000,330500,São João da Barra,RJ,Rio de Janeiro,Sudeste,-21.638,-41.0446
3305109,330510,São João de Meriti,RJ,Rio de Janeiro,Sudeste,-22.8058,-43.3729
3305133,330513,São José de Ubá,RJ,Rio de Janeiro,Sudeste,-21.3661,-41.9511
3305158,330515,São José do Vale do Rio Preto,RJ,Rio de Janeiro,Sudeste,-22.1525,-42.9327
3305208,330520,São Pedro da Aldeia,RJ,Rio de Janeiro,Sudeste,-22.8429,-42.1026
3305307,330530,São Sebastião do Alto,RJ,Rio de Janeiro,Sudeste,-21.9578,-42.1328
3305406,330540,Sapucaia,RJ,Rio de Janeiro,Sudeste,-21.9949,-42.9142
3305505,330550,Saquarema,RJ,Rio de Janeiro,Sudeste,-22.9292,-42.5099
3305554,330555,Seropédica,RJ,Rio de Janeiro,Sudeste,-22.7526,-43.7155
3305604,330560,Silva Jardim,RJ,Rio de Janeiro,Sudeste,-22.6574,-42.3961
3305703,330570,Sumidouro,RJ,Rio de Janeiro,Sudeste,-22.0485,-42.6761
3305752,330575,Tanguá,RJ,Rio de Janeiro,Sudeste,-22.7423,-42.7202
3305802,330580,Teresópolis,RJ,Rio de Janeiro,Sudeste,-22.4165,-42.9752
3305901,330590,Trajano de Moraes,RJ,Rio de Janeiro,Sudeste,-22.0638,-42.0643
3306008,330600,Três Rios,RJ,Rio de Janeiro,Sudeste,-22.1165,-43.2185
3306107,330610,Valença,RJ,Rio de Janeiro,Sudeste,-22.2445,-43.7129
3306156,330615,Varre-Sai,RJ,Rio de Janeiro,Sudeste,-20.9276,-41.8701
3306206,330620,Vassouras,RJ,Rio de Janeiro,Sudeste,-22.4059,-43.6686
3306305,330630,Volta Redonda,RJ,Rio de Janeiro,Sudeste,-22.5202,-44.0996
3500105,350010,Adamantina,SP,São Paulo,Sudeste,-21.682,-51.0737
3500204,350020,Adolfo,SP,São Paulo,Sudeste,-21.2325,-49.6451
3500303,350030,Aguaí,SP,São Paulo,Sudeste,-22.0572,-46.9735
3500402,350040,Águas da Prata,SP,São Paulo,Sudeste,-21.9319,-46.7176
3500501,350050,Águas de Lindóia,SP,São Paulo,Sudeste,-22.4733,-46.6314
3500550,350055,Águas de Santa Bárbara,SP,São Paulo,Sudeste,-22.8812,-49.2421
3500600,350060,Águas de São Pedro,SP,São Paulo,Sudeste,-22.5977,-47.8734
3500709,350070,Agudos,SP,São Paulo,Sudeste,-22.4694,-48.9863
3500758,350075,Alambari,SP,São Paulo,Sudeste,-23.5503,-47.898
3500808,350080,Alfredo Marcondes,SP,São Paulo,Sudeste,-21.9527,-51.414
3500907,350090,Altair,SP,São Paulo,Sudeste,-20.5242,-49.0571
3501004,350100,Altinópolis,SP,São Paulo,Sudeste,-21.0214,-47.3712
3501103,350110,Alto Alegre,SP,São Paulo,Sudeste,-21.5811,-50.168
3501152,350115,Alumínio,SP,São Paulo,Sudeste,-23.5306,-47.2546
3501202,350120,Álvares Florence,SP,São Paulo,Sudeste,-20.3203,-49.9141
3501301,350130,Álvares Machado,SP,São Paulo,Sudeste,-22.0764,-51.4722
3501400,350140,Álvaro de Carvalho,SP,São Paulo,Sudeste,-22.0841,-49.719
3501509,350150,Alvinlândia,SP,São Paulo,Sudeste,-22.4435,-49.7623
3501608,350160,Americana,SP,São Paulo,Sudeste,-22.7374,-47.3331
3501707,350170,Américo Brasiliense,SP,São Paulo,Sudeste,-21.7288,-48.1147
3501806,350180,Américo de Campos,SP,São Paulo,Sudeste,-20.2985,-49.7359
3501905,350190,Amparo,SP,São Paulo,Sudeste,-22.7088,-46.772
3502002,350200,Analândia,SP,São Paulo,Sudeste,-22.1289,-47.6619
3502101,350210,Andradina,SP,São Paulo,Sudeste,-20.8948,-51.3786
3502200,350220,Angatuba,SP,São Paulo,Sudeste,-23.4917,-48.4139
3502309,350230,Anhembi,SP,São Paulo,Sudeste,-22.793,-48.1336
3502408,350240,Anhumas,SP,São Paulo,Sudeste,-22.2934,-51.3895
3502507,350250,Aparecida,SP,São Paulo,Sudeste,-22.8495,-45.2325
3502606,350260,Aparecida d'Oeste,SP,São Paulo,Sudeste,-20.4487,-50.8835
3502705,350270,Apiaí,SP,São Paulo,Sudeste,-24.5108,-48.8443
3502754,350275,Araçariguama,SP,São Paulo,Sudeste,-23.4366,-47.0608
3502804,350280,Araçatuba,SP,São Paulo,Sudeste,-21.2076,-50.4401
3502903,350290,Araçoiaba da Serra,SP,São Paulo,Sudeste,-23.5029,-47.6166
3503000,350300,Aramina,SP,São Paulo,Sudeste,-20.0882,-47.7873
3503109,350310,Arandu,SP,São Paulo,Sudeste,-23.1386,-49.0487
3503158,350315,Arapeí,SP,São Paulo,Sudeste,-22.6717,-44.4441
3503208,350320,Araraquara,SP,São Paulo,Sudeste,-21.7845,-48.178
3503307,350330,Araras,SP,São Paulo,Sudeste,-22.3572,-47.3842
3503356,350335,Arco-Íris,SP,São Paulo,Sudeste,-21.7728,-50.466
3503406,350340,Arealva,SP,São Paulo,Sudeste,-22.031,-48.9135
3503505,350350,Areias,SP,São Paulo,Sudeste,-22.5786,-44.6992
3503604,350360,Areiópolis,SP,São Paulo,Sudeste,-22.6672,-48.6681
3503703,350370,Ariranha,SP,São Paulo,Sudeste,-21.1872,-48.7904
3503802,350380,Artur Nogueira,SP,São Paulo,Sudeste,-22.5727,-47.1727
3503901,350390,Arujá,SP,São Paulo,Sudeste,-23.3965,-46.32
3503950,350395,Aspásia,SP,São Paulo,Sudeste,-20.16,-50.728
3504008,350400,Assis,SP,São Paulo,Sudeste,-22.66,-50.4183
3504107,350410,Atibaia,SP,São Paulo,Sudeste,-23.1171,-46.5563
3504206,350420,Auriflama,SP,São Paulo,Sudeste,-20.6836,-50.5572
3504305,350430,Avaí,SP,São Paulo,Sudeste,-22.1514,-49.3356
3504404,350440,Avanhandava,SP,São Paulo,Sudeste,-21.4584,-49.9509
3504503,350450,Avaré,SP,São Paulo,Sudeste,-23.1067,-48.9251
3504602,350460,Bady Bassitt,SP,São Paulo,Sudeste,-20.9197,-49.4385
3504701,350470,Balbinos,SP,São Paulo,Sudeste,-21.8963,-49.3619
3504800,350480,Bálsamo,SP,São Paulo,Sudeste,-20.7348,-49.5865
3504909,350490,Bananal,SP,São Paulo,Sudeste,-22.6819,-44.3281
3505005,350500,Barão de Antonina,SP,São Paulo,Sudeste,-23.6284,-49.5634
3505104,350510,Barbosa,SP,São Paulo,Sudeste,-21.2657,-49.9518
3505203,350520,Bariri,SP,São Paulo,Sudeste,-22.073,-48.7438
3505302,350530,Barra Bonita,SP,São Paulo,Sudeste,-22.4909,-48.5583
3505351,350535,Barra do Chapéu,SP,São Paulo,Sudeste,-24.4722,-49.0238
3505401,350540,Barra do Turvo,SP,São Paulo,Sudeste,-24.759,-48.5013
3505500,350550,Barretos,SP,São Paulo,Sudeste,-20.5531,-48.5698
3505609,350560,Barrinha,SP,São Paulo,Sudeste,-21.1864,-48.1636
3505708,350570,Barueri,SP,São Paulo,Sudeste,-23.5057,-46.879
3505807,350580,Bastos,SP,São Paulo,Sudeste,-21.921,-50.7357
3505906,350590,Batatais,SP,São Paulo,Sudeste,-20.8929,-47.5921
3506003,350600,Bauru,SP,São Paulo,Sudeste,-22.3246,-49.0871
3506102,350610,Bebedouro,SP,São Paulo,Sudeste,-20.9491,-48.4791
3506201,350620,Bento de Abreu,SP,São Paulo,Sudeste,-21.2686,-50.814
3506300,350630,Bernardino de Campos,SP,São Paulo,Sudeste,-23.0164,-49.4679
3506359,350635,Bertioga,SP,São Paulo,Sudeste,-23.8486,-46.1396
3506409,350640,Bilac,SP,São Paulo,Sudeste,-21.404,-50.4746
3506508,350650,Birigui,SP,São Paulo,Sudeste,-21.291,-50.3432
3506607,350660,Biritiba-Mirim,SP,São Paulo,Sudeste,-23.5698,-46.0407
3506706,350670,Boa Esperança do Sul,SP,São Paulo,Sudeste,-21.9918,-48.3906
3506805,350680,Bocaina,SP,São Paulo,Sudeste,-22.1365,-48.523
3506904,350690,Bofete,SP,São Paulo,Sudeste,-23.1055,-48.2582
3507001,350700,Boituva,SP,São Paulo,Sudeste,-23.2855,-47.6786
3507100,350710,Bom Jesus dos Perdões,SP,São Paulo,Sudeste,-23.1356,-46.4675
3507159,350715,Bom Sucesso de Itararé,SP,São Paulo,Sudeste,-24.3155,-49.1451
3507209,350720,Borá,SP,São Paulo,Sudeste,-22.2696,-50.5409
3507308,350730,Boracéia,SP,São Paulo,Sudeste,-22.1926,-48.7808
3507407,350740,Borborema,SP,São Paulo,Sudeste,-21.6214,-49.0741
3507456,350745,Borebi,SP,São Paulo,Sudeste,-22.5728,-48.9707
3507506,350750,Botucatu,SP,São Paulo,Sudeste,-22.8837,-48.4437
3507605,350760,Bragança Paulista,SP,São Paulo,Sudeste,-22.9527,-46.5419
3507704,350770,Braúna,SP,São Paulo,Sudeste,-21.499,-50.3175
3507753,350775,Brejo Alegre,SP,São Paulo,Sudeste,-21.1651,-50.1861
3507803,350780,Brodowski,SP,São Paulo,Sudeste,-20.9845,-47.6572
3507902,350790,Brotas,SP,São Paulo,Sudeste,-22.2795,-48.1251
3508009,350800,Buri,SP,São Paulo,Sudeste,-23.7977,-48.5958
3508108,350810,Buritama,SP,São Paulo,Sudeste,-21.0661,-50.1475
3508207,350820,Buritizal,SP,São Paulo,Sudeste,-20.1911,-47.7096
3508306,350830,Cabrália Paulista,SP,São Paulo,Sudeste,-22.4576,-49.3393
3508405,350840,Cabreúva,SP,São Paulo,Sudeste,-23.3053,-47.1362
3508504,350850,Caçapava,SP,São Paulo,Sudeste,-23.0992,-45.7076
3508603,350860,Cachoeira Paulista,SP,São Paulo,Sudeste,-22.6665,-45.0154
3508702,350870,Caconde,SP,São Paulo,Sudeste,-21.528,-46.6437
3508801,350880,Cafelândia,SP,São Paulo,Sudeste,-21.8031,-49.6092
3508900,350890,Caiabu,SP,São Paulo,Sudeste,-22.0127,-51.2394
3509007,350900,Caieiras,SP,São Paulo,Sudeste,-23.3607,-46.7397
3509106,350910,Caiuá,SP,São Paulo,Sudeste,-21.8322,-51.9969
3509205,350920,Cajamar,SP,São Paulo,Sudeste,-23.355,-46.8781
3509254,350925,Cajati,SP,São Paulo,Sudeste,-24.7324,-48.1223
3509304,350930,Cajobi,SP,São Paulo,Sudeste,-20.8773,-48.8063
3509403,350940,Cajuru,SP,São Paulo,Sudeste,-21.2749,-47.303
3509452,350945,Campina do Monte Alegre,SP,São Paulo,Sudeste,-23.5895,-48.4758
3509502,350950,Campinas,SP,São Paulo,Sudeste,-22.9053,-47.0659
3509601,350960,Campo Limpo Paulista,SP,São Paulo,Sudeste,-23.2078,-46.7889
3509700,350970,Campos do Jordão,SP,São Paulo,Sudeste,-22.7296,-45.5833
3509809,350980,Campos Novos Paulista,SP,São Paulo,Sudeste,-22.602,-49.9987
3509908,350990,Cananéia,SP,São Paulo,Sudeste,-25.0144,-47.9341
3509957,350995,Canas,SP,São Paulo,Sudeste,-22.7003,-45.0521
3510005,351000,Cândido Mota,SP,São Paulo,Sudeste,-22.7471,-50.3873
3510104,351010,Cândido Rodrigues,SP,São Paulo,Sudeste,-21.3275,-48.6327
3510153,351015,Canitar,SP,São Paulo,Sudeste,-23.004,-49.7839
3510203,351020,Capão Bonito,SP,São Paulo,Sudeste,-24.0113,-48.3482
3510302,351030,Capela do Alto,SP,São Paulo,Sudeste,-23.4685,-47.7388
3510401,351040,Capivari,SP,São Paulo,Sudeste,-22.9951,-47.5071
3510500,351050,Caraguatatuba,SP,São Paulo,Sudeste,-23.6125,-45.4125
3510609,351060,Carapicuíba,SP,São Paulo,Sudeste,-23.5235,-46.8407
3510708,351070,Cardoso,SP,São Paulo,Sudeste,-20.08,-49.9183
3510807,351080,Casa Branca,SP,São Paulo,Sudeste,-21.7708,-47.0852
3510906,351090,Cássia dos Coqueiros,SP,São Paulo,Sudeste,-21.2801,-47.1643
3511003,351100,Castilho,SP,São Paulo,Sudeste,-20.8689,-51.4884
3511102,351110,Catanduva,SP,São Paulo,Sudeste,-21.1314,-48.977
3511201,351120,Catiguá,SP,São Paulo,Sudeste,-21.0519,-49.0616
3511300,351130,Cedral,SP,São Paulo,Sudeste,-20.9009,-49.2664
3511409,351140,Cerqueira César,SP,São Paulo,Sudeste,-23.038,-49.1655
3511508,351150,Cerquilho,SP,São Paulo,Sudeste,-23.1665,-47.7459
3511607,351160,Cesário Lange,SP,São Paulo,Sudeste,-23.226,-47.9545
3511706,351170,Charqueada,SP,São Paulo,Sudeste,-22.5096,-47.7755
3511904,351190,Clementina,SP,São Paulo,Sudeste,-21.5604,-50.4525
3512001,351200,Colina,SP,São Paulo,Sudeste,-20.7114,-48.5387
3512100,351210,Colômbia,SP,São Paulo,Sudeste,-20.1768,-48.6865
3512209,351220,Conchal,SP,São Paulo,Sudeste,-22.3375,-47.1729
3512308,351230,Conchas,SP,São Paulo,Sudeste,-23.0154,-48.0134
3512407,351240,Cordeirópolis,SP,São Paulo,Sudeste,-22.4778,-47.4519
3512506,351250,Coroados,SP,São Paulo,Sudeste,-21.3521,-50.2859
3512605,351260,Coronel Macedo,SP,São Paulo,Sudeste,-23.6261,-49.31
3512704,351270,Corumbataí,SP,São Paulo,Sudeste,-22.2213,-47.6215
3512803,351280,Cosmópolis,SP,São Paulo,Sudeste,-22.6419,-47.1926
3512902,351290,Cosmorama,SP,São Paulo,Sudeste,-20.4755,-49.7827
3513009,351300,Cotia,SP,São Paulo,Sudeste,-23.6022,-46.919
3513108,351310,Cravinhos,SP,São Paulo,Sudeste,-21.338,-47.7324
3513207,351320,Cristais Paulista,SP,São Paulo,Sudeste,-20.4036,-47.4209
3513306,351330,Cruzália,SP,São Paulo,Sudeste,-22.7373,-50.7909
3513405,351340,Cruzeiro,SP,São Paulo,Sudeste,-22.5728,-44.969
3513504,351350,Cubatão,SP,São Paulo,Sudeste,-23.8911,-46.424
3513603,351360,Cunha,SP,São Paulo,Sudeste,-23.0731,-44.9576
3513702,351370,Descalvado,SP,São Paulo,Sudeste,-21.9002,-47.6181
3513801,351380,Diadema,SP,São Paulo,Sudeste,-23.6813,-46.6205
3513850,351385,Dirce Reis,SP,São Paulo,Sudeste,-20.4642,-50.6073
3513900,351390,Divinolândia,SP,São Paulo,Sudeste,-21.6637,-46.7361
3514007,351400,Dobrada,SP,São Paulo,Sudeste,-21.5155,-48.3935
3514106,351410,Dois Córregos,SP,São Paulo,Sudeste,-22.3673,-48.3819
3514205,351420,Dolcinópolis,SP,São Paulo,Sudeste,-20.124,-50.5149
3514304,351430,Dourado,SP,São Paulo,Sudeste,-22.1044,-48.3178
3514403,351440,Dracena,SP,São Paulo,Sudeste,-21.4843,-51.535
3514502,351450,Duartina,SP,São Paulo,Sudeste,-22.4146,-49.4084
3514601,351460,Dumont,SP,São Paulo,Sudeste,-21.2324,-47.9756
3514700,351470,Echaporã,SP,São Paulo,Sudeste,-22.4326,-50.2038
3514809,351480,Eldorado,SP,São Paulo,Sudeste,-24.5281,-48.1141
3514908,351490,Elias Fausto,SP,São Paulo,Sudeste,-23.0428,-47.3682
3514924,351492,Elisiário,SP,São Paulo,Sudeste,-21.1678,-49.1146
3514957,351495,Embaúba,SP,São Paulo,Sudeste,-20.9796,-48.8325
3515004,351500,Embu das Artes,SP,São Paulo,Sudeste,-23.6437,-46.8579
3515103,351510,Embu-Guaçu,SP,São Paulo,Sudeste,-23.8297,-46.8136
3515129,351512,Emilianópolis,SP,São Paulo,Sudeste,-21.8314,-51.4832
3515152,351515,Engenheiro Coelho,SP,São Paulo,Sudeste,-22.4836,-47.211
3515186,351518,Espírito Santo do Pinhal,SP,São Paulo,Sudeste,-22.1909,-46.7477
3515194,351519,Espírito Santo do Turvo,SP,São Paulo,Sudeste,-22.6925,-49.4341
3515202,351520,Estrela d'Oeste,SP,São Paulo,Sudeste,-20.2875,-50.4049
3515301,351530,Estrela do Norte,SP,São Paulo,Sudeste,-22.4859,-51.6632
3515350,351535,Euclides da Cunha Paulista,SP,São Paulo,Sudeste,-22.5545,-52.5928
3515400,351540,Fartura,SP,São Paulo,Sudeste,-23.3916,-49.5124
3515509,351550,Fernandópolis,SP,São Paulo,Sudeste,-20.2806,-50.2471
3515608,351560,Fernando Prestes,SP,São Paulo,Sudeste,-21.2661,-48.6874
3515657,351565,Fernão,SP,São Paulo,Sudeste,-22.3607,-49.5187
3515707,351570,Ferraz de Vasconcelos,SP,São Paulo,Sudeste,-23.5411,-46.371
3515806,351580,Flora Rica,SP,São Paulo,Sudeste,-21.6727,-51.3821
3515905,351590,Floreal,SP,São Paulo,Sudeste,-20.6752,-50.1513
3516002,351600,Flórida Paulista,SP,São Paulo,Sudeste,-21.6127,-51.1724
3516101,351610,Florínia,SP,São Paulo,Sudeste,-22.868,-50.6814
3516200,351620,Franca,SP,São Paulo,Sudeste,-20.5352,-47.4039
3516309,351630,Francisco Morato,SP,São Paulo,Sudeste,-23.2792,-46.7448
3516408,351640,Franco da Rocha,SP,São Paulo,Sudeste,-23.3229,-46.729
3516507,351650,Gabriel Monteiro,SP,São Paulo,Sudeste,-21.5294,-50.5573
3516606,351660,Gália,SP,São Paulo,Sudeste,-22.2918,-49.5504
3516705,351670,Garça,SP,São Paulo,Sudeste,-22.2125,-49.6546
3516804,351680,Gastão Vidigal,SP,São Paulo,Sudeste,-20.7948,-50.1912
3516853,351685,Gavião Peixoto,SP,São Paulo,Sudeste,-21.8367,-48.4957
3516903,351690,General Salgado,SP,São Paulo,Sudeste,-20.6485,-50.364
3517000,351700,Getulina,SP,São Paulo,Sudeste,-21.7961,-49.9312
3517109,351710,Glicério,SP,São Paulo,Sudeste,-21.3812,-50.2123
3517208,351720,Guaiçara,SP,São Paulo,Sudeste,-21.6195,-49.8013
3517307,351730,Guaimbê,SP,São Paulo,Sudeste,-21.9091,-49.8986
3517406,351740,Guaíra,SP,São Paulo,Sudeste,-20.3196,-48.312
3517505,351750,Guapiaçu,SP,São Paulo,Sudeste,-20.7959,-49.2172
3517604,351760,Guapiara,SP,São Paulo,Sudeste,-24.1892,-48.5295
3517703,351770,Guará,SP,São Paulo,Sudeste,-20.4302,-47.8236
3517802,351780,Guaraçaí,SP,São Paulo,Sudeste,-21.0292,-51.2119
3517901,351790,Guaraci,SP,São Paulo,Sudeste,-20.4977,-48.9391
3518008,351800,Guarani d'Oeste,SP,São Paulo,Sudeste,-20.0746,-50.3411
3518107,351810,Guarantã,SP,São Paulo,Sudeste,-21.8942,-49.5914
3518206,351820,Guararapes,SP,São Paulo,Sudeste,-21.2544,-50.6453
3518305,351830,Guararema,SP,São Paulo,Sudeste,-23.4112,-46.0369
3518404,351840,Guaratinguetá,SP,São Paulo,Sudeste,-22.8075,-45.1938
3518503,351850,Guareí,SP,São Paulo,Sudeste,-23.3714,-48.1837
3518602,351860,Guariba,SP,São Paulo,Sudeste,-21.3594,-48.2316
3518701,351870,Guarujá,SP,São Paulo,Sudeste,-23.9888,-46.258
3518800,351880,Guarulhos,SP,São Paulo,Sudeste,-23.4538,-46.5333
3518859,351885,Guatapará,SP,São Paulo,Sudeste,-21.4944,-48.0356
3518909,351890,Guzolândia,SP,São Paulo,Sudeste,-20.6467,-50.6645
3519006,351900,Herculândia,SP,São Paulo,Sudeste,-22.0038,-50.3907
3519055,351905,Holambra,SP,São Paulo,Sudeste,-22.6405,-47.0487
3519071,351907,Hortolândia,SP,São Paulo,Sudeste,-22.8529,-47.2143
3519105,351910,Iacanga,SP,São Paulo,Sudeste,-21.8896,-49.031
3519204,351920,Iacri,SP,São Paulo,Sudeste,-21.8572,-50.6932
3519253,351925,Iaras,SP,São Paulo,Sudeste,-22.8682,-49.1634
3519303,351930,Ibaté,SP,São Paulo,Sudeste,-21.9584,-47.9882
3519402,351940,Ibirá,SP,São Paulo,Sudeste,-21.083,-49.2448
3519501,351950,Ibirarema,SP,São Paulo,Sudeste,-22.8185,-50.0739
3519600,351960,Ibitinga,SP,São Paulo,Sudeste,-21.7562,-48.8319
3519709,351970,Ibiúna,SP,São Paulo,Sudeste,-23.6596,-47.223
3519808,351980,Icém,SP,São Paulo,Sudeste,-20.3391,-49.1915
3519907,351990,Iepê,SP,São Paulo,Sudeste,-22.6602,-51.0779
3520004,352000,Igaraçu do Tietê,SP,São Paulo,Sudeste,-22.509,-48.5597
3520103,352010,Igarapava,SP,São Paulo,Sudeste,-20.0407,-47.7466
3520202,352020,Igaratá,SP,São Paulo,Sudeste,-23.2037,-46.157
3520301,352030,Iguape,SP,São Paulo,Sudeste,-24.699,-47.5537
3520400,352040,Ilhabela,SP,São Paulo,Sudeste,-23.7785,-45.3552
3520426,352042,Ilha Comprida,SP,São Paulo,Sudeste,-24.7307,-47.5383
3520442,352044,Ilha Solteira,SP,São Paulo,Sudeste,-20.4326,-51.3426
3520509,352050,Indaiatuba,SP,São Paulo,Sudeste,-23.0816,-47.2101
3520608,352060,Indiana,SP,São Paulo,Sudeste,-22.1738,-51.2555
3520707,352070,Indiaporã,SP,São Paulo,Sudeste,-19.979,-50.2909
3520806,352080,Inúbia Paulista,SP,São Paulo,Sudeste,-21.7695,-50.9633
3520905,352090,Ipaussu,SP,São Paulo,Sudeste,-23.0575,-49.6279
3521002,352100,Iperó,SP,São Paulo,Sudeste,-23.3513,-47.6927
3521101,352110,Ipeúna,SP,São Paulo,Sudeste,-22.4355,-47.7151
3521150,352115,Ipiguá,SP,São Paulo,Sudeste,-20.6557,-49.3842
3521200,352120,Iporanga,SP,São Paulo,Sudeste,-24.5847,-48.5971
3521309,352130,Ipuã,SP,São Paulo,Sudeste,-20.4438,-48.0129
3521408,352140,Iracemápolis,SP,São Paulo,Sudeste,-22.5832,-47.523
3521507,352150,Irapuã,SP,São Paulo,Sudeste,-21.2768,-49.4164
3521606,352160,Irapuru,SP,São Paulo,Sudeste,-21.5684,-51.3472
3521705,352170,Itaberá,SP,São Paulo,Sudeste,-23.8638,-49.14
3521804,352180,Itaí,SP,São Paulo,Sudeste,-23.4213,-49.092
3521903,352190,Itajobi,SP,São Paulo,Sudeste,-21.3123,-49.0629
3522000,352200,Itaju,SP,São Paulo,Sudeste,-21.9857,-48.8116
3522109,352210,Itanhaém,SP,São Paulo,Sudeste,-24.1736,-46.788
3522158,352215,Itaóca,SP,São Paulo,Sudeste,-24.6393,-48.8413
3522208,352220,Itapecerica da Serra,SP,São Paulo,Sudeste,-23.7161,-46.8572
3522307,352230,Itapetininga,SP,São Paulo,Sudeste,-23.5886,-48.0483
3522406,352240,Itapeva,SP,São Paulo,Sudeste,-23.9788,-48.8764
3522505,352250,Itapevi,SP,São Paulo,Sudeste,-23.5488,-46.9327
3522604,352260,Itapira,SP,São Paulo,Sudeste,-22.4357,-46.8224
3522653,352265,Itapirapuã Paulista,SP,São Paulo,Sudeste,-24.572,-49.1661
3522703,352270,Itápolis,SP,São Paulo,Sudeste,-21.5942,-48.8149
3522802,352280,Itaporanga,SP,São Paulo,Sudeste,-23.7043,-49.4819
3522901,352290,Itapuí,SP,São Paulo,Sudeste,-22.2324,-48.7197
3523008,352300,Itapura,SP,São Paulo,Sudeste,-20.6419,-51.5063
3523107,352310,Itaquaquecetuba,SP,São Paulo,Sudeste,-23.4835,-46.3457
3523206,352320,Itararé,SP,São Paulo,Sudeste,-24.1085,-49.3352
3523305,352330,Itariri,SP,São Paulo,Sudeste,-24.2834,-47.1736
3523404,352340,Itatiba,SP,São Paulo,Sudeste,-23.0035,-46.8464
3523503,352350,Itatinga,SP,São Paulo,Sudeste,-23.1047,-48.6157
3523602,352360,Itirapina,SP,São Paulo,Sudeste,-22.2562,-47.8166
3523701,352370,Itirapuã,SP,São Paulo,Sudeste,-20.6416,-47.2194
3523800,352380,Itobi,SP,São Paulo,Sudeste,-21.7309,-46.9743
3523909,352390,Itu,SP,São Paulo,Sudeste,-23.2544,-47.2927
3524006,352400,Itupeva,SP,São Paulo,Sudeste,-23.1526,-47.0593
3524105,352410,Ituverava,SP,São Paulo,Sudeste,-20.3355,-47.7902
3524204,352420,Jaborandi,SP,São Paulo,Sudeste,-20.6884,-48.4112
3524303,352430,Jaboticabal,SP,São Paulo,Sudeste,-21.252,-48.3252
3524402,352440,Jacareí,SP,São Paulo,Sudeste,-23.2983,-45.9658
3524501,352450,Jaci,SP,São Paulo,Sudeste,-20.8805,-49.5797
3524600,352460,Jacupiranga,SP,São Paulo,Sudeste,-24.6963,-48.0064
3524709,352470,Jaguariúna,SP,São Paulo,Sudeste,-22.7037,-46.9851
3524808,352480,Jales,SP,São Paulo,Sudeste,-20.2672,-50.5494
3524907,352490,Jambeiro,SP,São Paulo,Sudeste,-23.2522,-45.6942
3525003,352500,Jandira,SP,São Paulo,Sudeste,-23.5275,-46.9023
3525102,352510,Jardinópolis,SP,São Paulo,Sudeste,-21.0176,-47.7606
3525201,352520,Jarinu,SP,São Paulo,Sudeste,-23.1039,-46.728
3525300,352530,Jaú,SP,São Paulo,Sudeste,-22.2936,-48.5592
3525409,352540,Jeriquara,SP,São Paulo,Sudeste,-20.3116,-47.5918
3525508,352550,Joanópolis,SP,São Paulo,Sudeste,-22.927,-46.2741
3525607,352560,João Ramalho,SP,São Paulo,Sudeste,-22.2473,-50.7694
3525706,352570,José Bonifácio,SP,São Paulo,Sudeste,-21.0551,-49.6892
3525805,352580,Júlio Mesquita,SP,São Paulo,Sudeste,-22.0112,-49.7873
3525854,352585,Jumirim,SP,São Paulo,Sudeste,-23.0884,-47.7868
3525904,352590,Jundiaí,SP,São Paulo,Sudeste,-23.1852,-46.8974
3526001,352600,Junqueirópolis,SP,São Paulo,Sudeste,-21.5103,-51.4342
3526100,352610,Juquiá,SP,São Paulo,Sudeste,-24.3101,-47.6426
3526209,352620,Juquitiba,SP,São Paulo,Sudeste,-23.9244,-47.0653
3526308,352630,Lagoinha,SP,São Paulo,Sudeste,-23.0846,-45.1944
3526407,352640,Laranjal Paulista,SP,São Paulo,Sudeste,-23.0506,-47.8375
3526506,352650,Lavínia,SP,São Paulo,Sudeste,-21.1639,-51.0412
3526605,352660,Lavrinhas,SP,São Paulo,Sudeste,-22.57,-44.9024
3526704,352670,Leme,SP,São Paulo,Sudeste,-22.1809,-47.3841
3526803,352680,Lençóis Paulista,SP,São Paulo,Sudeste,-22.6027,-48.8037
3526902,352690,Limeira,SP,São Paulo,Sudeste,-22.566,-47.397
3527009,352700,Lindóia,SP,São Paulo,Sudeste,-22.5226,-46.65
3527108,352710,Lins,SP,São Paulo,Sudeste,-21.6718,-49.7526
3527207,352720,Lorena,SP,São Paulo,Sudeste,-22.7334,-45.1197
3527256,352725,Lourdes,SP,São Paulo,Sudeste,-20.966,-50.2263
3527306,352730,Louveira,SP,São Paulo,Sudeste,-23.0856,-46.9484
3527405,352740,Lucélia,SP,São Paulo,Sudeste,-21.7182,-51.0215
3527504,352750,Lucianópolis,SP,São Paulo,Sudeste,-22.4294,-49.522
3527603,352760,Luís Antônio,SP,São Paulo,Sudeste,-21.55,-47.7801
3527702,352770,Luiziânia,SP,São Paulo,Sudeste,-21.6737,-50.3294
3527801,352780,Lupércio,SP,São Paulo,Sudeste,-22.4146,-49.818
3527900,352790,Lutécia,SP,São Paulo,Sudeste,-22.3384,-50.394
3528007,352800,Macatuba,SP,São Paulo,Sudeste,-22.5002,-48.7102
3528106,352810,Macaubal,SP,São Paulo,Sudeste,-20.8022,-49.9687
3528205,352820,Macedônia,SP,São Paulo,Sudeste,-20.1444,-50.1973
3528304,352830,Magda,SP,São Paulo,Sudeste,-20.6445,-50.2305
3528403,352840,Mairinque,SP,São Paulo,Sudeste,-23.5398,-47.185
3528502,352850,Mairiporã,SP,São Paulo,Sudeste,-23.3171,-46.5897
3528601,352860,Manduri,SP,São Paulo,Sudeste,-23.0056,-49.3202
3528700,352870,Marabá Paulista,SP,São Paulo,Sudeste,-22.1068,-51.9617
3528809,352880,Maracaí,SP,São Paulo,Sudeste,-22.6149,-50.6713
3528858,352885,Marapoama,SP,São Paulo,Sudeste,-21.2587,-49.13
3528908,352890,Mariápolis,SP,São Paulo,Sudeste,-21.7959,-51.1824
3529005,352900,Marília,SP,São Paulo,Sudeste,-22.2171,-49.9501
3529104,352910,Marinópolis,SP,São Paulo,Sudeste,-20.4389,-50.8254
3529203,352920,Martinópolis,SP,São Paulo,Sudeste,-22.1462,-51.1709
3529302,352930,Matão,SP,São Paulo,Sudeste,-21.6025,-48.364
3529401,352940,Mauá,SP,São Paulo,Sudeste,-23.6677,-46.4613
3529500,352950,Mendonça,SP,São Paulo,Sudeste,-21.1757,-49.5791
3529609,352960,Meridiano,SP,São Paulo,Sudeste,-20.3579,-50.1811
3529658,352965,Mesópolis,SP,São Paulo,Sudeste,-19.9684,-50.6326
3529708,352970,Miguelópolis,SP,São Paulo,Sudeste,-20.1796,-48.031
3529807,352980,Mineiros do Tietê,SP,São Paulo,Sudeste,-22.412,-48.451
3529906,352990,Miracatu,SP,São Paulo,Sudeste,-24.2766,-47.4625
3530003,353000,Mira Estrela,SP,São Paulo,Sudeste,-19.9789,-50.139
3530102,353010,Mirandópolis,SP,São Paulo,Sudeste,-21.1313,-51.1035
3530201,353020,Mirante do Paranapanema,SP,São Paulo,Sudeste,-22.2904,-51.9084
3530300,353030,Mirassol,SP,São Paulo,Sudeste,-20.8169,-49.5206
3530409,353040,Mirassolândia,SP,São Paulo,Sudeste,-20.6179,-49.4617
3530508,353050,Mococa,SP,São Paulo,Sudeste,-21.4647,-47.0024
3530607,353060,Mogi das Cruzes,SP,São Paulo,Sudeste,-23.5208,-46.1854
3530706,353070,Mogi Guaçu,SP,São Paulo,Sudeste,-22.3675,-46.9428
3530805,353080,Mogi Mirim,SP,São Paulo,Sudeste,-22.4332,-46.9532
3530904,353090,Mombuca,SP,São Paulo,Sudeste,-22.9285,-47.559
3531001,353100,Monções,SP,São Paulo,Sudeste,-20.8509,-50.0975
3531100,353110,Mongaguá,SP,São Paulo,Sudeste,-24.0809,-46.6265
3531209,353120,Monte Alegre do Sul,SP,São Paulo,Sudeste,-22.6817,-46.681
3531308,353130,Monte Alto,SP,São Paulo,Sudeste,-21.2655,-48.4971
3531407,353140,Monte Aprazível,SP,São Paulo,Sudeste,-20.768,-49.7184
3531506,353150,Monte Azul Paulista,SP,São Paulo,Sudeste,-20.9065,-48.6387
3531605,353160,Monte Castelo,SP,São Paulo,Sudeste,-21.2981,-51.5679
3531704,353170,Monteiro Lobato,SP,São Paulo,Sudeste,-22.9544,-45.8407
3531803,353180,Monte Mor,SP,São Paulo,Sudeste,-22.945,-47.3122
3531902,353190,Morro Agudo,SP,São Paulo,Sudeste,-20.7288,-48.0581
3532009,353200,Morungaba,SP,São Paulo,Sudeste,-22.8811,-46.7896
3532058,353205,Motuca,SP,São Paulo,Sudeste,-21.5103,-48.1538
3532108,353210,Murutinga do Sul,SP,São Paulo,Sudeste,-20.9908,-51.2774
3532157,353215,Nantes,SP,São Paulo,Sudeste,-22.6156,-51.24
3532207,353220,Narandiba,SP,São Paulo,Sudeste,-22.4057,-51.5274
3532306,353230,Natividade da Serra,SP,São Paulo,Sudeste,-23.3707,-45.4468
3532405,353240,Nazaré Paulista,SP,São Paulo,Sudeste,-23.1747,-46.3983
3532504,353250,Neves Paulista,SP,São Paulo,Sudeste,-20.843,-49.6358
3532603,353260,Nhandeara,SP,São Paulo,Sudeste,-20.6945,-50.0436
3532702,353270,Nipoã,SP,São Paulo,Sudeste,-20.9114,-49.7833
3532801,353280,Nova Aliança,SP,São Paulo,Sudeste,-21.0156,-49.4986
3532827,353282,Nova Campina,SP,São Paulo,Sudeste,-24.1224,-48.9022
3532843,353284,Nova Canaã Paulista,SP,São Paulo,Sudeste,-20.3836,-50.9483
3532868,353286,Nova Castilho,SP,São Paulo,Sudeste,-20.7615,-50.3477
3532900,353290,Nova Europa,SP,São Paulo,Sudeste,-21.7765,-48.5705
3533007,353300,Nova Granada,SP,São Paulo,Sudeste,-20.5321,-49.3123
3533106,353310,Nova Guataporanga,SP,São Paulo,Sudeste,-21.332,-51.6447
3533205,353320,Nova Independência,SP,São Paulo,Sudeste,-21.1026,-51.4905
3533254,353325,Novais,SP,São Paulo,Sudeste,-20.9893,-48.9141
3533304,353330,Nova Luzitânia,SP,São Paulo,Sudeste,-20.856,-50.2617
3533403,353340,Nova Odessa,SP,São Paulo,Sudeste,-22.7832,-47.2941
3533502,353350,Novo Horizonte,SP,São Paulo,Sudeste,-21.4651,-49.2234
3533601,353360,Nuporanga,SP,São Paulo,Sudeste,-20.7296,-47.7429
3533700,353370,Ocauçu,SP,São Paulo,Sudeste,-22.438,-49.922
3533809,353380,Óleo,SP,São Paulo,Sudeste,-22.9435,-49.3419
3533908,353390,Olímpia,SP,São Paulo,Sudeste,-20.7366,-48.9106
3534005,353400,Onda Verde,SP,São Paulo,Sudeste,-20.6042,-49.2929
3534104,353410,Oriente,SP,São Paulo,Sudeste,-22.1549,-50.0971
3534203,353420,Orindiúva,SP,São Paulo,Sudeste,-20.1861,-49.3464
3534302,353430,Orlândia,SP,São Paulo,Sudeste,-20.7169,-47.8852
3534401,353440,Osasco,SP,São Paulo,Sudeste,-23.5324,-46.7916
3534500,353450,Oscar Bressane,SP,São Paulo,Sudeste,-22.3149,-50.2811
3534609,353460,Osvaldo Cruz,SP,São Paulo,Sudeste,-21.7968,-50.8793
3534708,353470,Ourinhos,SP,São Paulo,Sudeste,-22.9797,-49.8697
3534757,353475,Ouroeste,SP,São Paulo,Sudeste,-20.0061,-50.3768
3534807,353480,Ouro Verde,SP,São Paulo,Sudeste,-21.4872,-51.7024
3534906,353490,Pacaembu,SP,São Paulo,Sudeste,-21.5627,-51.2654
3535002,353500,Palestina,SP,São Paulo,Sudeste,-20.39,-49.4309
3535101,353510,Palmares Paulista,SP,São Paulo,Sudeste,-21.0854,-48.8037
3535200,353520,Palmeira d'Oeste,SP,São Paulo,Sudeste,-20.4148,-50.7632
3535309,353530,Palmital,SP,São Paulo,Sudeste,-22.7858,-50.218
3535408,353540,Panorama,SP,São Paulo,Sudeste,-21.354,-51.8562
3535507,353550,Paraguaçu Paulista,SP,São Paulo,Sudeste,-22.4114,-50.5732
3535606,353560,Paraibuna,SP,São Paulo,Sudeste,-23.3872,-45.6639
3535705,353570,Paraíso,SP,São Paulo,Sudeste,-21.0159,-48.7761
3535804,353580,Paranapanema,SP,São Paulo,Sudeste,-23.3862,-48.7214
3535903,353590,Paranapuã,SP,São Paulo,Sudeste,-20.1048,-50.5886
3536000,353600,Parapuã,SP,São Paulo,Sudeste,-21.7792,-50.7949
3536109,353610,Pardinho,SP,São Paulo,Sudeste,-23.0841,-48.3679
3536208,353620,Pariquera-Açu,SP,São Paulo,Sudeste,-24.7147,-47.8742
3536257,353625,Parisi,SP,São Paulo,Sudeste,-20.3034,-50.0163
3536307,353630,Patrocínio Paulista,SP,São Paulo,Sudeste,-20.6384,-47.2801
3536406,353640,Paulicéia,SP,São Paulo,Sudeste,-21.3153,-51.8321
3536505,353650,Paulínia,SP,São Paulo,Sudeste,-22.7542,-47.1488
3536570,353657,Paulistânia,SP,São Paulo,Sudeste,-22.5768,-49.4008
3536604,353660,Paulo de Faria,SP,São Paulo,Sudeste,-20.0296,-49.4
3536703,353670,Pederneiras,SP,São Paulo,Sudeste,-22.3511,-48.7781
3536802,353680,Pedra Bela,SP,São Paulo,Sudeste,-22.7902,-46.4455
3536901,353690,Pedranópolis,SP,São Paulo,Sudeste,-20.2474,-50.1129
3537008,353700,Pedregulho,SP,São Paulo,Sudeste,-20.2535,-47.4775
3537107,353710,Pedreira,SP,São Paulo,Sudeste,-22.7413,-46.8948
3537156,353715,Pedrinhas Paulista,SP,São Paulo,Sudeste,-22.8174,-50.7933
3537206,353720,Pedro de Toledo,SP,São Paulo,Sudeste,-24.2764,-47.2354
3537305,353730,Penápolis,SP,São Paulo,Sudeste,-21.4148,-50.0769
3537404,353740,Pereira Barreto,SP,São Paulo,Sudeste,-20.6368,-51.1123
3537503,353750,Pereiras,SP,São Paulo,Sudeste,-23.0804,-47.972
3537602,353760,Peruíbe,SP,São Paulo,Sudeste,-24.312,-47.0012
3537701,353770,Piacatu,SP,São Paulo,Sudeste,-21.5921,-50.6003
3537800,353780,Piedade,SP,São Paulo,Sudeste,-23.7139,-47.4256
3537909,353790,Pilar do Sul,SP,São Paulo,Sudeste,-23.8077,-47.7222
3538006,353800,Pindamonhangaba,SP,São Paulo,Sudeste,-22.9246,-45.4613
3538105,353810,Pindorama,SP,São Paulo,Sudeste,-21.1853,-48.9086
3538204,353820,Pinhalzinho,SP,São Paulo,Sudeste,-22.7811,-46.5897
3538303,353830,Piquerobi,SP,São Paulo,Sudeste,-21.8747,-51.7282
3538501,353850,Piquete,SP,São Paulo,Sudeste,-22.6069,-45.1869
3538600,353860,Piracaia,SP,São Paulo,Sudeste,-23.0525,-46.3594
3538709,353870,Piracicaba,SP,São Paulo,Sudeste,-22.7338,-47.6476
3538808,353880,Piraju,SP,São Paulo,Sudeste,-23.1981,-49.3803
3538907,353890,Pirajuí,SP,São Paulo,Sudeste,-21.999,-49.4608
3539004,353900,Pirangi,SP,São Paulo,Sudeste,-21.0886,-48.6607
3539103,353910,Pirapora do Bom Jesus,SP,São Paulo,Sudeste,-23.3965,-46.9991
3539202,353920,Pirapozinho,SP,São Paulo,Sudeste,-22.2711,-51.4976
3539301,353930,Pirassununga,SP,São Paulo,Sudeste,-21.996,-47.4257
3539400,353940,Piratininga,SP,São Paulo,Sudeste,-22.4142,-49.1339
3539509,353950,Pitangueiras,SP,São Paulo,Sudeste,-21.0132,-48.221
3539608,353960,Planalto,SP,São Paulo,Sudeste,-21.0342,-49.933
3539707,353970,Platina,SP,São Paulo,Sudeste,-22.6371,-50.2104
3539806,353980,Poá,SP,São Paulo,Sudeste,-23.5333,-46.3473
3539905,353990,Poloni,SP,São Paulo,Sudeste,-20.7829,-49.8258
3540002,354000,Pompéia,SP,São Paulo,Sudeste,-22.107,-50.176
3540101,354010,Pongaí,SP,São Paulo,Sudeste,-21.7396,-49.3604
3540200,354020,Pontal,SP,São Paulo,Sudeste,-21.0216,-48.0423
3540259,354025,Pontalinda,SP,São Paulo,Sudeste,-20.4396,-50.5258
3540309,354030,Pontes Gestal,SP,São Paulo,Sudeste,-20.1727,-49.7064
3540408,354040,Populina,SP,São Paulo,Sudeste,-19.9453,-50.538
3540507,354050,Porangaba,SP,São Paulo,Sudeste,-23.1761,-48.1195
3540606,354060,Porto Feliz,SP,São Paulo,Sudeste,-23.2093,-47.5251
3540705,354070,Porto Ferreira,SP,São Paulo,Sudeste,-21.8498,-47.487
3540754,354075,Potim,SP,São Paulo,Sudeste,-22.8343,-45.2552
3540804,354080,Potirendaba,SP,São Paulo,Sudeste,-21.0428,-49.3815
3540853,354085,Pracinha,SP,São Paulo,Sudeste,-21.8496,-51.0868
3540903,354090,Pradópolis,SP,São Paulo,Sudeste,-21.3626,-48.0679
3541000,354100,Praia Grande,SP,São Paulo,Sudeste,-24.0084,-46.4121
3541059,354105,Pratânia,SP,São Paulo,Sudeste,-22.8112,-48.6636
3541109,354110,Presidente Alves,SP,São Paulo,Sudeste,-22.0999,-49.4381
3541208,354120,Presidente Bernardes,SP,São Paulo,Sudeste,-22.0082,-51.5565
3541307,354130,Presidente Epitácio,SP,São Paulo,Sudeste,-21.7651,-52.1111
3541406,354140,Presidente Prudente,SP,São Paulo,Sudeste,-22.1207,-51.3925
3541505,354150,Presidente Venceslau,SP,São Paulo,Sudeste,-21.8732,-51.8447
3541604,354160,Promissão,SP,São Paulo,Sudeste,-21.5356,-49.8599
3541653,354165,Quadra,SP,São Paulo,Sudeste,-23.2993,-48.0547
3541703,354170,Quatá,SP,São Paulo,Sudeste,-22.2456,-50.6966
3541802,354180,Queiroz,SP,São Paulo,Sudeste,-21.7969,-50.2415
3541901,354190,Queluz,SP,São Paulo,Sudeste,-22.5312,-44.7781
3542008,354200,Quintana,SP,São Paulo,Sudeste,-22.0692,-50.307
3542107,354210,Rafard,SP,São Paulo,Sudeste,-23.0105,-47.5318
3542206,354220,Rancharia,SP,São Paulo,Sudeste,-22.2269,-50.893
3542305,354230,Redenção da Serra,SP,São Paulo,Sudeste,-23.2638,-45.5422
3542404,354240,Regente Feijó,SP,São Paulo,Sudeste,-22.2181,-51.3055
3542503,354250,Reginópolis,SP,São Paulo,Sudeste,-21.8914,-49.2268
3542602,354260,Registro,SP,São Paulo,Sudeste,-24.4979,-47.8449
3542701,354270,Restinga,SP,São Paulo,Sudeste,-20.6056,-47.4833
3542800,354280,Ribeira,SP,São Paulo,Sudeste,-24.6517,-49.0044
3542909,354290,Ribeirão Bonito,SP,São Paulo,Sudeste,-22.0685,-48.182
3543006,354300,Ribeirão Branco,SP,São Paulo,Sudeste,-24.2206,-48.7635
3543105,354310,Ribeirão Corrente,SP,São Paulo,Sudeste,-20.4579,-47.5904
3543204,354320,Ribeirão do Sul,SP,São Paulo,Sudeste,-22.789,-49.933
3543238,354323,Ribeirão dos Índios,SP,São Paulo,Sudeste,-21.8382,-51.6103
3543253,354325,Ribeirão Grande,SP,São Paulo,Sudeste,-24.1011,-48.3679
3543303,354330,Ribeirão Pires,SP,São Paulo,Sudeste,-23.7067,-46.4058
3543402,354340,Ribeirão Preto,SP,São Paulo,Sudeste,-21.1699,-47.8099
3543501,354350,Riversul,SP,São Paulo,Sudeste,-23.829,-49.429
3543600,354360,Rifaina,SP,São Paulo,Sudeste,-20.0803,-47.4291
3543709,354370,Rincão,SP,São Paulo,Sudeste,-21.5894,-48.0728
3543808,354380,Rinópolis,SP,São Paulo,Sudeste,-21.7284,-50.7239
3543907,354390,Rio Claro,SP,São Paulo,Sudeste,-22.3984,-47.5546
3544004,354400,Rio das Pedras,SP,São Paulo,Sudeste,-22.8417,-47.6047
3544103,354410,Rio Grande da Serra,SP,São Paulo,Sudeste,-23.7437,-46.3971
3544202,354420,Riolândia,SP,São Paulo,Sudeste,-19.9868,-49.6836
3544251,354425,Rosana,SP,São Paulo,Sudeste,-22.5782,-53.0603
3544301,354430,Roseira,SP,São Paulo,Sudeste,-22.8938,-45.307
3544400,354440,Rubiácea,SP,São Paulo,Sudeste,-21.3006,-50.7296
3544509,354450,Rubinéia,SP,São Paulo,Sudeste,-20.1759,-51.007
3544608,354460,Sabino,SP,São Paulo,Sudeste,-21.4593,-49.5755
3544707,354470,Sagres,SP,São Paulo,Sudeste,-21.8823,-50.9594
3544806,354480,Sales,SP,São Paulo,Sudeste,-21.3427,-49.4897
3544905,354490,Sales Oliveira,SP,São Paulo,Sudeste,-20.7696,-47.8369
3545001,354500,Salesópolis,SP,São Paulo,Sudeste,-23.5288,-45.8465
3545100,354510,Salmourão,SP,São Paulo,Sudeste,-21.6267,-50.8614
3545159,354515,Saltinho,SP,São Paulo,Sudeste,-22.8442,-47.6754
3545209,354520,Salto,SP,São Paulo,Sudeste,-23.1996,-47.2931
3545308,354530,Salto de Pirapora,SP,São Paulo,Sudeste,-23.6474,-47.5743
3545407,354540,Salto Grande,SP,São Paulo,Sudeste,-22.8894,-49.9831
3545506,354550,Sandovalina,SP,São Paulo,Sudeste,-22.4551,-51.7648
3545605,354560,Santa Adélia,SP,São Paulo,Sudeste,-21.2427,-48.8063
3545704,354570,Santa Albertina,SP,São Paulo,Sudeste,-20.0311,-50.7297
3545803,354580,Santa Bárbara d'Oeste,SP,São Paulo,Sudeste,-22.7553,-47.4143
3546009,354600,Santa Branca,SP,São Paulo,Sudeste,-23.3933,-45.8875
3546108,354610,Santa Clara d'Oeste,SP,São Paulo,Sudeste,-20.09,-50.9491
3546207,354620,Santa Cruz da Conceição,SP,São Paulo,Sudeste,-22.1405,-47.4512
3546256,354625,Santa Cruz da Esperança,SP,São Paulo,Sudeste,-21.2951,-47.4304
3546306,354630,Santa Cruz das Palmeiras,SP,São Paulo,Sudeste,-21.8235,-47.248
3546405,354640,Santa Cruz do Rio Pardo,SP,São Paulo,Sudeste,-22.8988,-49.6354
3546504,354650,Santa Ernestina,SP,São Paulo,Sudeste,-21.4618,-48.3953
3546603,354660,Santa Fé do Sul,SP,São Paulo,Sudeste,-20.2083,-50.932
3546702,354670,Santa Gertrudes,SP,São Paulo,Sudeste,-22.4572,-47.5272
3546801,354680,Santa Isabel,SP,São Paulo,Sudeste,-23.3172,-46.2237
3546900,354690,Santa Lúcia,SP,São Paulo,Sudeste,-21.685,-48.0885
3547007,354700,Santa Maria da Serra,SP,São Paulo,Sudeste,-22.5661,-48.1593
3547106,354710,Santa Mercedes,SP,São Paulo,Sudeste,-21.3495,-51.7564
3547205,354720,Santana da Ponte Pensa,SP,São Paulo,Sudeste,-20.2523,-50.8014
3547304,354730,Santana de Parnaíba,SP,São Paulo,Sudeste,-23.4439,-46.9178
3547403,354740,Santa Rita d'Oeste,SP,São Paulo,Sudeste,-20.1414,-50.8358
3547502,354750,Santa Rita do Passa Quatro,SP,São Paulo,Sudeste,-21.7083,-47.478
3547601,354760,Santa Rosa de Viterbo,SP,São Paulo,Sudeste,-21.4776,-47.3622
3547650,354765,Santa Salete,SP,São Paulo,Sudeste,-20.2429,-50.6887
3547700,354770,Santo Anastácio,SP,São Paulo,Sudeste,-21.9747,-51.6527
3547809,354780,Santo André,SP,São Paulo,Sudeste,-23.6737,-46.5432
3547908,354790,Santo Antônio da Alegria,SP,São Paulo,Sudeste,-21.0864,-47.1464
3548005,354800,Santo Antônio de Posse,SP,São Paulo,Sudeste,-22.6029,-46.9192
3548054,354805,Santo Antônio do Aracanguá,SP,São Paulo,Sudeste,-20.9331,-50.498
3548104,354810,Santo Antônio do Jardim,SP,São Paulo,Sudeste,-22.1121,-46.6845
3548203,354820,Santo Antônio do Pinhal,SP,São Paulo,Sudeste,-22.827,-45.663
3548302,354830,Santo Expedito,SP,São Paulo,Sudeste,-21.8467,-51.3929
3548401,354840,Santópolis do Aguapeí,SP,São Paulo,Sudeste,-21.6376,-50.5044
3548500,354850,Santos,SP,São Paulo,Sudeste,-23.9535,-46.335
3548609,354860,São Bento do Sapucaí,SP,São Paulo,Sudeste,-22.6837,-45.7287
3548708,354870,São Bernardo do Campo,SP,São Paulo,Sudeste,-23.6914,-46.5646
3548807,354880,São Caetano do Sul,SP,São Paulo,Sudeste,-23.6229,-46.5548
3548906,354890,São Carlos,SP,São Paulo,Sudeste,-22.0174,-47.886
3549003,354900,São Francisco,SP,São Paulo,Sudeste,-20.3623,-50.6952
3549102,354910,São João da Boa Vista,SP,São Paulo,Sudeste,-21.9707,-46.7944
3549201,354920,São João das Duas Pontes,SP,São Paulo,Sudeste,-20.3879,-50.3792
3549250,354925,São João de Iracema,SP,São Paulo,Sudeste,-20.5111,-50.3561
3549300,354930,São João do Pau d'Alho,SP,São Paulo,Sudeste,-21.2662,-51.6672
3549409,354940,São Joaquim da Barra,SP,São Paulo,Sudeste,-20.5812,-47.8593
3549508,354950,São José da Bela Vista,SP,São Paulo,Sudeste,-20.5935,-47.6424
3549607,354960,São José do Barreiro,SP,São Paulo,Sudeste,-22.6414,-44.5774
3549706,354970,São José do Rio Pardo,SP,São Paulo,Sudeste,-21.5953,-46.8873
3549805,354980,São José do Rio Preto,SP,São Paulo,Sudeste,-20.8113,-49.3758
3549904,354990,São José dos Campos,SP,São Paulo,Sudeste,-23.1896,-45.8841
3549953,354995,São Lourenço da Serra,SP,São Paulo,Sudeste,-23.8491,-46.9432
3550001,355000,São Luiz do Paraitinga,SP,São Paulo,Sudeste,-23.222,-45.3109
3550100,355010,São Manuel,SP,São Paulo,Sudeste,-22.7321,-48.5723
3550209,355020,São Miguel Arcanjo,SP,São Paulo,Sudeste,-23.8782,-47.9935
3550308,355030,São Paulo,SP,São Paulo,Sudeste,-23.5329,-46.6395
3550407,355040,São Pedro,SP,São Paulo,Sudeste,-22.5483,-47.9096
3550506,355050,São Pedro do Turvo,SP,São Paulo,Sudeste,-22.7453,-49.7428
3550605,355060,São Roque,SP,São Paulo,Sudeste,-23.5226,-47.1357
3550704,355070,São Sebastião,SP,São Paulo,Sudeste,-23.7951,-45.4143
3550803,355080,São Sebastião da Grama,SP,São Paulo,Sudeste,-21.7041,-46.8208
3550902,355090,São Simão,SP,São Paulo,Sudeste,-21.4732,-47.5518
3551009,355100,São Vicente,SP,São Paulo,Sudeste,-23.9574,-46.3883
3551108,355110,Sarapuí,SP,São Paulo,Sudeste,-23.6397,-47.8249
3551207,355120,Sarutaiá,SP,São Paulo,Sudeste,-23.2721,-49.4763
3551306,355130,Sebastianópolis do Sul,SP,São Paulo,Sudeste,-20.6523,-49.925
3551405,355140,Serra Azul,SP,São Paulo,Sudeste,-21.3074,-47.5602
3551504,355150,Serrana,SP,São Paulo,Sudeste,-21.2043,-47.5952
3551603,355160,Serra Negra,SP,São Paulo,Sudeste,-22.6139,-46.7033
3551702,355170,Sertãozinho,SP,São Paulo,Sudeste,-21.1316,-47.9875
3551801,355180,Sete Barras,SP,São Paulo,Sudeste,-24.382,-47.9279
3551900,355190,Severínia,SP,São Paulo,Sudeste,-20.8108,-48.8054
3552007,355200,Silveiras,SP,São Paulo,Sudeste,-22.6638,-44.8522
3552106,355210,Socorro,SP,São Paulo,Sudeste,-22.5903,-46.5251
3552205,355220,Sorocaba,SP,São Paulo,Sudeste,-23.4969,-47.4451
3552304,355230,Sud Mennucci,SP,São Paulo,Sudeste,-20.6872,-50.9238
3552403,355240,Sumaré,SP,São Paulo,Sudeste,-22.8204,-47.2728
3552502,355250,Suzano,SP,São Paulo,Sudeste,-23.5448,-46.3112
3552551,355255,Suzanápolis,SP,São Paulo,Sudeste,-20.4981,-51.0268
3552601,355260,Tabapuã,SP,São Paulo,Sudeste,-20.9602,-49.0307
3552700,355270,Tabatinga,SP,São Paulo,Sudeste,-21.7239,-48.6896
3552809,355280,Taboão da Serra,SP,São Paulo,Sudeste,-23.6019,-46.7526
3552908,355290,Taciba,SP,São Paulo,Sudeste,-22.3866,-51.2882
3553005,355300,Taguaí,SP,São Paulo,Sudeste,-23.4452,-49.4024
3553104,355310,Taiaçu,SP,São Paulo,Sudeste,-21.1431,-48.5112
3553203,355320,Taiúva,SP,São Paulo,Sudeste,-21.1223,-48.4528
3553302,355330,Tambaú,SP,São Paulo,Sudeste,-21.7029,-47.2703
3553401,355340,Tanabi,SP,São Paulo,Sudeste,-20.6228,-49.6563
3553500,355350,Tapiraí,SP,São Paulo,Sudeste,-23.9612,-47.5062
3553609,355360,Tapiratiba,SP,São Paulo,Sudeste,-21.4713,-46.7448
3553658,355365,Taquaral,SP,São Paulo,Sudeste,-21.0737,-48.4126
3553708,355370,Taquaritinga,SP,São Paulo,Sudeste,-21.4049,-48.5103
3553807,355380,Taquarituba,SP,São Paulo,Sudeste,-23.5307,-49.241
3553856,355385,Taquarivaí,SP,São Paulo,Sudeste,-23.9211,-48.6948
3553906,355390,Tarabai,SP,São Paulo,Sudeste,-22.3016,-51.5621
3553955,355395,Tarumã,SP,São Paulo,Sudeste,-22.7429,-50.5786
3554003,355400,Tatuí,SP,São Paulo,Sudeste,-23.3487,-47.8461
3554102,355410,Taubaté,SP,São Paulo,Sudeste,-23.0104,-45.5593
3554201,355420,Tejupá,SP,São Paulo,Sudeste,-23.3425,-49.3722
3554300,355430,Teodoro Sampaio,SP,São Paulo,Sudeste,-22.5299,-52.1682
3554409,355440,Terra Roxa,SP,São Paulo,Sudeste,-20.787,-48.3314
3554508,355450,Tietê,SP,São Paulo,Sudeste,-23.1101,-47.7164
3554607,355460,Timburi,SP,São Paulo,Sudeste,-23.2057,-49.6096
3554656,355465,Torre de Pedra,SP,São Paulo,Sudeste,-23.2462,-48.1955
3554706,355470,Torrinha,SP,São Paulo,Sudeste,-22.4237,-48.1731
3554755,355475,Trabiju,SP,São Paulo,Sudeste,-22.0388,-48.3342
3554805,355480,Tremembé,SP,São Paulo,Sudeste,-22.9571,-45.5475
3554904,355490,Três Fronteiras,SP,São Paulo,Sudeste,-20.2344,-50.8905
3554953,355495,Tuiuti,SP,São Paulo,Sudeste,-22.8193,-46.6937
3555000,355500,Tupã,SP,São Paulo,Sudeste,-21.9335,-50.5191
3555109,355510,Tupi Paulista,SP,São Paulo,Sudeste,-21.3825,-51.575
3555208,355520,Turiúba,SP,São Paulo,Sudeste,-20.9428,-50.1135
3555307,355530,Turmalina,SP,São Paulo,Sudeste,-20.0486,-50.4792
3555356,355535,Ubarana,SP,São Paulo,Sudeste,-21.165,-49.7198
3555406,355540,Ubatuba,SP,São Paulo,Sudeste,-23.4332,-45.0834
3555505,355550,Ubirajara,SP,São Paulo,Sudeste,-22.5272,-49.6613
3555604,355560,Uchoa,SP,São Paulo,Sudeste,-20.9511,-49.1713
3555703,355570,União Paulista,SP,São Paulo,Sudeste,-20.8862,-49.9025
3555802,355580,Urânia,SP,São Paulo,Sudeste,-20.2455,-50.6455
3555901,355590,Uru,SP,São Paulo,Sudeste,-21.7866,-49.2848
3556008,355600,Urupês,SP,São Paulo,Sudeste,-21.2032,-49.2931
3556107,355610,Valentim Gentil,SP,São Paulo,Sudeste,-20.4217,-50.0889
3556206,355620,Valinhos,SP,São Paulo,Sudeste,-22.9698,-46.9974
3556305,355630,Valparaíso,SP,São Paulo,Sudeste,-21.2229,-50.8699
3556354,355635,Vargem,SP,São Paulo,Sudeste,-22.887,-46.4124
3556404,355640,Vargem Grande do Sul,SP,São Paulo,Sudeste,-21.8322,-46.8913
3556453,355645,Vargem Grande Paulista,SP,São Paulo,Sudeste,-23.5993,-47.022
3556503,355650,Várzea Paulista,SP,São Paulo,Sudeste,-23.2136,-46.8234
3556602,355660,Vera Cruz,SP,São Paulo,Sudeste,-22.2183,-49.8207
3556701,355670,Vinhedo,SP,São Paulo,Sudeste,-23.0302,-46.9833
3556800,355680,Viradouro,SP,São Paulo,Sudeste,-20.8734,-48.293
3556909,355690,Vista Alegre do Alto,SP,São Paulo,Sudeste,-21.1692,-48.6284
3556958,355695,Vitória Brasil,SP,São Paulo,Sudeste,-20.1956,-50.4875
3557006,355700,Votorantim,SP,São Paulo,Sudeste,-23.5446,-47.4388
3557105,355710,Votuporanga,SP,São Paulo,Sudeste,-20.4237,-49.9781
3557154,355715,Zacarias,SP,São Paulo,Sudeste,-21.0506,-50.0552
3557204,355720,Chavantes,SP,São Paulo,Sudeste,-23.0366,-49.7096
3557303,355730,Estiva Gerbi,SP,São Paulo,Sudeste,-22.2713,-46.9481
4100103,410010,Abatiá,PR,Paraná,Sul,-23.3049,-50.3133
4100202,410020,Adrianópolis,PR,Paraná,Sul,-24.6606,-48.9922
4100301,410030,Agudos do Sul,PR,Paraná,Sul,-25.9899,-49.3343
4100400,410040,Almirante Tamandaré,PR,Paraná,Sul,-25.3188,-49.3037
4100459,410045,Altamira do Paraná,PR,Paraná,Sul,-24.7983,-52.7128
4100509,410050,Altônia,PR,Paraná,Sul,-23.8759,-53.8958
4100608,410060,Alto Paraná,PR,Paraná,Sul,-23.1312,-52.3189
4100707,410070,Alto Piquiri,PR,Paraná,Sul,-24.0224,-53.44
4100806,410080,Alvorada do Sul,PR,Paraná,Sul,-22.7813,-51.2297
4100905,410090,Amaporã,PR,Paraná,Sul,-23.0943,-52.7866
4101002,410100,Ampére,PR,Paraná,Sul,-25.9168,-53.4686
4101051,410105,Anahy,PR,Paraná,Sul,-24.6449,-53.1332
4101101,410110,Andirá,PR,Paraná,Sul,-23.0533,-50.2304
4101150,410115,Ângulo,PR,Paraná,Sul,-23.1946,-51.9154
4101200,410120,Antonina,PR,Paraná,Sul,-25.4386,-48.7191
4101309,410130,Antônio Olinto,PR,Paraná,Sul,-25.9804,-50.1972
4101408,410140,Apucarana,PR,Paraná,Sul,-23.55,-51.4635
4101507,410150,Arapongas,PR,Paraná,Sul,-23.4153,-51.4259
4101606,410160,Arapoti,PR,Paraná,Sul,-24.1548,-49.8285
4101655,410165,Arapuã,PR,Paraná,Sul,-24.3132,-51.7856
4101705,410170,Araruna,PR,Paraná,Sul,-23.9315,-52.5021
4101804,410180,Araucária,PR,Paraná,Sul,-25.5859,-49.4047
4101853,410185,Ariranha do Ivaí,PR,Paraná,Sul,-24.3857,-51.5839
4101903,410190,Assaí,PR,Paraná,Sul,-23.3697,-50.8459
4102000,410200,Assis Chateaubriand,PR,Paraná,Sul,-24.4168,-53.5213
4102109,410210,Astorga,PR,Paraná,Sul,-23.2318,-51.6668
4102208,410220,Atalaia,PR,Paraná,Sul,-23.1517,-52.0551
4102307,410230,Balsa Nova,PR,Paraná,Sul,-25.5804,-49.6291
4102406,410240,Bandeirantes,PR,Paraná,Sul,-23.1078,-50.3704
4102505,410250,Barbosa Ferraz,PR,Paraná,Sul,-24.0334,-52.004
4102604,410260,Barracão,PR,Paraná,Sul,-26.2502,-53.6324
4102703,410270,Barra do Jacaré,PR,Paraná,Sul,-23.116,-50.1842
4102752,410275,Bela Vista da Caroba,PR,Paraná,Sul,-25.8842,-53.6725
4102802,410280,Bela Vista do Paraíso,PR,Paraná,Sul,-22.9937,-51.1927
4102901,410290,Bituruna,PR,Paraná,Sul,-26.1607,-51.5518
4103008,410300,Boa Esperança,PR,Paraná,Sul,-24.2467,-52.7876
4103024,410302,Boa Esperança do Iguaçu,PR,Paraná,Sul,-25.6324,-53.2108
4103040,410304,Boa Ventura de São Roque,PR,Paraná,Sul,-24.8688,-51.6276
4103057,410305,Boa Vista da Aparecida,PR,Paraná,Sul,-25.4308,-53.4117
4103107,410310,Bocaiúva do Sul,PR,Paraná,Sul,-25.2066,-49.1141
4103156,410315,Bom Jesus do Sul,PR,Paraná,Sul,-26.1958,-53.5955
4103206,410320,Bom Sucesso,PR,Paraná,Sul,-23.7063,-51.7671
4103222,410322,Bom Sucesso do Sul,PR,Paraná,Sul,-26.0731,-52.8353
4103305,410330,Borrazópolis,PR,Paraná,Sul,-23.9366,-51.5875
4103354,410335,Braganey,PR,Paraná,Sul,-24.8173,-53.1218
4103370,410337,Brasilândia do Sul,PR,Paraná,Sul,-24.1978,-53.5275
4103404,410340,Cafeara,PR,Paraná,Sul,-22.789,-51.7142
4103453,410345,Cafelândia,PR,Paraná,Sul,-24.6189,-53.3207
4103479,410347,Cafezal do Sul,PR,Paraná,Sul,-23.9005,-53.5124
4103503,410350,Califórnia,PR,Paraná,Sul,-23.6566,-51.3574
4103602,410360,Cambará,PR,Paraná,Sul,-23.0423,-50.0753
4103701,410370,Cambé,PR,Paraná,Sul,-23.2766,-51.2798
4103800,410380,Cambira,PR,Paraná,Sul,-23.589,-51.5792
4103909,410390,Campina da Lagoa,PR,Paraná,Sul,-24.5893,-52.7976
4103958,410395,Campina do Simão,PR,Paraná,Sul,-25.0802,-51.8237
4104006,410400,Campina Grande do Sul,PR,Paraná,Sul,-25.3044,-49.0551
4104055,410405,Campo Bonito,PR,Paraná,Sul,-25.0294,-52.9939
4104105,410410,Campo do Tenente,PR,Paraná,Sul,-25.98,-49.6844
4104204,410420,Campo Largo,PR,Paraná,Sul,-25.4525,-49.529
4104253,410425,Campo Magro,PR,Paraná,Sul,-25.3687,-49.4501
4104303,410430,Campo Mourão,PR,Paraná,Sul,-24.0463,-52.378
4104402,410440,Cândido de Abreu,PR,Paraná,Sul,-24.5649,-51.3372
4104428,410442,Candói,PR,Paraná,Sul,-25.5758,-52.0409
4104451,410445,Cantagalo,PR,Paraná,Sul,-25.3734,-52.1198
4104501,410450,Capanema,PR,Paraná,Sul,-25.6691,-53.8055
4104600,410460,Capitão Leônidas Marques,PR,Paraná,Sul,-25.4816,-53.6112
4104659,410465,Carambeí,PR,Paraná,Sul,-24.9152,-50.0986
4104709,410470,Carlópolis,PR,Paraná,Sul,-23.4269,-49.7235
4104808,410480,Cascavel,PR,Paraná,Sul,-24.9573,-53.459
4104907,410490,Castro,PR,Paraná,Sul,-24.7891,-50.0108
4105003,410500,Catanduvas,PR,Paraná,Sul,-25.2044,-53.1548
4105102,410510,Centenário do Sul,PR,Paraná,Sul,-22.8188,-51.5973
4105201,410520,Cerro Azul,PR,Paraná,Sul,-26.0891,-52.8691
4105300,410530,Céu Azul,PR,Paraná,Sul,-25.1489,-53.8415
4105409,410540,Chopinzinho,PR,Paraná,Sul,-25.8515,-52.5173
4105508,410550,Cianorte,PR,Paraná,Sul,-23.6599,-52.6054
4105607,410560,Cidade Gaúcha,PR,Paraná,Sul,-23.3772,-52.9436
4105706,410570,Clevelândia,PR,Paraná,Sul,-26.4043,-52.3508
4105805,410580,Colombo,PR,Paraná,Sul,-25.2925,-49.2262
4105904,410590,Colorado,PR,Paraná,Sul,-22.8374,-51.9743
4106001,410600,Congonhinhas,PR,Paraná,Sul,-23.5493,-50.5569
4106100,410610,Conselheiro Mairinck,PR,Paraná,Sul,-23.623,-50.1707
4106209,410620,Contenda,PR,Paraná,Sul,-25.6788,-49.535
4106308,410630,Corbélia,PR,Paraná,Sul,-24.7971,-53.3006
4106407,410640,Cornélio Procópio,PR,Paraná,Sul,-23.1829,-50.6498
4106456,410645,Coronel Domingos Soares,PR,Paraná,Sul,-26.2277,-52.0356
4106506,410650,Coronel Vivida,PR,Paraná,Sul,-25.9767,-52.5641
4106555,410655,Corumbataí do Sul,PR,Paraná,Sul,-24.101,-52.1177
4106571,410657,Cruzeiro do Iguaçu,PR,Paraná,Sul,-25.6192,-53.1285
4106605,410660,Cruzeiro do Oeste,PR,Paraná,Sul,-23.7799,-53.0774
4106704,410670,Cruzeiro do Sul,PR,Paraná,Sul,-22.9624,-52.1622
4106803,410680,Cruz Machado,PR,Paraná,Sul,-26.0166,-51.343
4106852,410685,Cruzmaltina,PR,Paraná,Sul,-24.0132,-51.4563
4106902,410690,Curitiba,PR,Paraná,Sul,-25.4195,-49.2646
4107009,410700,Curiúva,PR,Paraná,Sul,-24.0362,-50.4576
4107108,410710,Diamante do Norte,PR,Paraná,Sul,-22.655,-52.8617
4107124,410712,Diamante do Sul,PR,Paraná,Sul,-25.035,-52.6768
4107157,410715,Diamante D'Oeste,PR,Paraná,Sul,-24.9419,-54.1052
4107207,410720,Dois Vizinhos,PR,Paraná,Sul,-25.7407,-53.057
4107256,410725,Douradina,PR,Paraná,Sul,-23.3807,-53.2918
4107306,410730,Doutor Camargo,PR,Paraná,Sul,-23.5582,-52.2178
4107405,410740,Enéas Marques,PR,Paraná,Sul,-25.9445,-53.1659
4107504,410750,Engenheiro Beltrão,PR,Paraná,Sul,-23.797,-52.2659
4107520,410752,Esperança Nova,PR,Paraná,Sul,-23.7238,-53.811
4107538,410753,Entre Rios do Oeste,PR,Paraná,Sul,-24.7042,-54.2385
4107546,410754,Espigão Alto do Iguaçu,PR,Paraná,Sul,-25.4216,-52.8348
4107553,410755,Farol,PR,Paraná,Sul,-24.0958,-52.6217
4107603,410760,Faxinal,PR,Paraná,Sul,-24.0077,-51.3227
4107652,410765,Fazenda Rio Grande,PR,Paraná,Sul,-25.6624,-49.3073
4107702,410770,Fênix,PR,Paraná,Sul,-23.9135,-51.9805
4107736,410773,Fernandes Pinheiro,PR,Paraná,Sul,-25.4107,-50.5456
4107751,410775,Figueira,PR,Paraná,Sul,-23.8455,-50.4031
4107801,410780,Floraí,PR,Paraná,Sul,-23.3178,-52.3029
4107850,410785,Flor da Serra do Sul,PR,Paraná,Sul,-26.2523,-53.3092
4107900,410790,Floresta,PR,Paraná,Sul,-23.6031,-52.0807
4108007,410800,Florestópolis,PR,Paraná,Sul,-22.8623,-51.3882
4108106,410810,Flórida,PR,Paraná,Sul,-23.0847,-51.9546
4108205,410820,Formosa do Oeste,PR,Paraná,Sul,-24.2951,-53.3114
4108304,410830,Foz do Iguaçu,PR,Paraná,Sul,-25.5427,-54.5827
4108320,410832,Francisco Alves,PR,Paraná,Sul,-24.0667,-53.8461
4108403,410840,Francisco Beltrão,PR,Paraná,Sul,-26.0817,-53.0535
4108452,410845,Foz do Jordão,PR,Paraná,Sul,-25.7371,-52.1188
4108502,410850,General Carneiro,PR,Paraná,Sul,-26.425,-51.3172
4108551,410855,Godoy Moreira,PR,Paraná,Sul,-24.173,-51.9246
4108601,410860,Goioerê,PR,Paraná,Sul,-24.1835,-53.0248
4108650,410865,Goioxim,PR,Paraná,Sul,-25.1927,-51.9911
4108700,410870,Grandes Rios,PR,Paraná,Sul,-24.1466,-51.5094
4108809,410880,Guaíra,PR,Paraná,Sul,-24.085,-54.2573
4108908,410890,Guairaçá,PR,Paraná,Sul,-22.932,-52.6906
4108957,410895,Guamiranga,PR,Paraná,Sul,-25.1912,-50.8021
4109005,410900,Guapirama,PR,Paraná,Sul,-23.5203,-50.0407
4109104,410910,Guaporema,PR,Paraná,Sul,-23.3402,-52.7786
4109203,410920,Guaraci,PR,Paraná,Sul,-22.9694,-51.6504
4109302,410930,Guaraniaçu,PR,Paraná,Sul,-25.0968,-52.8755
4109401,410940,Guarapuava,PR,Paraná,Sul,-25.3902,-51.4623
4109500,410950,Guaraqueçaba,PR,Paraná,Sul,-25.3071,-48.3204
4109609,410960,Guaratuba,PR,Paraná,Sul,-25.8817,-48.5752
4109658,410965,Honório Serpa,PR,Paraná,Sul,-26.139,-52.3848
4109708,410970,Ibaiti,PR,Paraná,Sul,-23.8478,-50.1932
4109757,410975,Ibema,PR,Paraná,Sul,-25.1193,-53.0072
4109807,410980,Ibiporã,PR,Paraná,Sul,-23.2659,-51.0522
4109906,410990,Icaraíma,PR,Paraná,Sul,-23.3944,-53.615
4110003,411000,Iguaraçu,PR,Paraná,Sul,-23.1949,-51.8256
4110052,411005,Iguatu,PR,Paraná,Sul,-24.7153,-53.0827
4110078,411007,Imbaú,PR,Paraná,Sul,-24.448,-50.7533
4110102,411010,Imbituva,PR,Paraná,Sul,-25.2285,-50.5989
4110201,411020,Inácio Martins,PR,Paraná,Sul,-25.5704,-51.0769
4110300,411030,Inajá,PR,Paraná,Sul,-22.7509,-52.1995
4110409,411040,Indianópolis,PR,Paraná,Sul,-23.4762,-52.6989
4110508,411050,Ipiranga,PR,Paraná,Sul,-25.0238,-50.5794
4110607,411060,Iporã,PR,Paraná,Sul,-24.0083,-53.706
4110656,411065,Iracema do Oeste,PR,Paraná,Sul,-24.4262,-53.3528
4110706,411070,Irati,PR,Paraná,Sul,-25.4697,-50.6493
4110805,411080,Iretama,PR,Paraná,Sul,-24.4253,-52.1012
4110904,411090,Itaguajé,PR,Paraná,Sul,-22.6183,-51.9674
4110953,411095,Itaipulândia,PR,Paraná,Sul,-25.1366,-54.3001
4111001,411100,Itambaracá,PR,Paraná,Sul,-23.0181,-50.4097
4111100,411110,Itambé,PR,Paraná,Sul,-23.6601,-51.9912
4111209,411120,Itapejara d'Oeste,PR,Paraná,Sul,-25.9619,-52.8152
4111258,411125,Itaperuçu,PR,Paraná,Sul,-25.2193,-49.3454
4111308,411130,Itaúna do Sul,PR,Paraná,Sul,-22.7289,-52.8874
4111407,411140,Ivaí,PR,Paraná,Sul,-25.0067,-50.857
4111506,411150,Ivaiporã,PR,Paraná,Sul,-24.2485,-51.6754
4111555,411155,Ivaté,PR,Paraná,Sul,-23.4072,-53.3687
4111605,411160,Ivatuba,PR,Paraná,Sul,-23.6187,-52.2203
4111704,411170,Jaboti,PR,Paraná,Sul,-23.7435,-50.0729
4111803,411180,Jacarezinho,PR,Paraná,Sul,-23.1591,-49.9739
4111902,411190,Jaguapitã,PR,Paraná,Sul,-23.1104,-51.5342
4112009,411200,Jaguariaíva,PR,Paraná,Sul,-24.2439,-49.7066
4112108,411210,Jandaia do Sul,PR,Paraná,Sul,-23.6011,-51.6448
4112207,411220,Janiópolis,PR,Paraná,Sul,-24.1401,-52.7784
4112306,411230,Japira,PR,Paraná,Sul,-23.8142,-50.1422
4112405,411240,Japurá,PR,Paraná,Sul,-23.4693,-52.5557
4112504,411250,Jardim Alegre,PR,Paraná,Sul,-24.1809,-51.6902
4112603,411260,Jardim Olinda,PR,Paraná,Sul,-22.5523,-52.0503
4112702,411270,Jataizinho,PR,Paraná,Sul,-23.2578,-50.9777
4112751,411275,Jesuítas,PR,Paraná,Sul,-24.3839,-53.3849
4112801,411280,Joaquim Távora,PR,Paraná,Sul,-23.4987,-49.909
4112900,411290,Jundiaí do Sul,PR,Paraná,Sul,-23.4357,-50.2496
4112959,411295,Juranda,PR,Paraná,Sul,-24.4209,-52.8413
4113007,411300,Jussara,PR,Paraná,Sul,-23.6219,-52.4693
4113106,411310,Kaloré,PR,Paraná,Sul,-23.8188,-51.6687
4113205,411320,Lapa,PR,Paraná,Sul,-25.7671,-49.7168
4113254,411325,Laranjal,PR,Paraná,Sul,-24.8862,-52.47
4113304,411330,Laranjeiras do Sul,PR,Paraná,Sul,-25.4077,-52.4109
4113403,411340,Leópolis,PR,Paraná,Sul,-23.0818,-50.7511
4113429,411342,Lidianópolis,PR,Paraná,Sul,-24.11,-51.6506
4113452,411345,Lindoeste,PR,Paraná,Sul,-25.2596,-53.5733
4113502,411350,Loanda,PR,Paraná,Sul,-22.9232,-53.1362
4113601,411360,Lobato,PR,Paraná,Sul,-23.0058,-51.9524
4113700,411370,Londrina,PR,Paraná,Sul,-23.304,-51.1691
4113734,411373,Luiziana,PR,Paraná,Sul,-24.2853,-52.269
4113759,411375,Lunardelli,PR,Paraná,Sul,-24.0821,-51.7368
4113809,411380,Lupionópolis,PR,Paraná,Sul,-22.755,-51.6601
4113908,411390,Mallet,PR,Paraná,Sul,-25.8806,-50.8173
4114005,411400,Mamborê,PR,Paraná,Sul,-24.317,-52.5271
4114104,411410,Mandaguaçu,PR,Paraná,Sul,-23.3458,-52.0944
4114203,411420,Mandaguari,PR,Paraná,Sul,-23.5446,-51.671
4114302,411430,Mandirituba,PR,Paraná,Sul,-25.777,-49.3282
4114351,411435,Manfrinópolis,PR,Paraná,Sul,-26.1441,-53.3113
4114401,411440,Mangueirinha,PR,Paraná,Sul,-25.9421,-52.1743
4114500,411450,Manoel Ribas,PR,Paraná,Sul,-24.5144,-51.6658
4114609,411460,Marechal Cândido Rondon,PR,Paraná,Sul,-24.557,-54.0571
4114708,411470,Maria Helena,PR,Paraná,Sul,-23.6158,-53.2053
4114807,411480,Marialva,PR,Paraná,Sul,-23.4843,-51.7928
4114906,411490,Marilândia do Sul,PR,Paraná,Sul,-23.7425,-51.3137
4115002,411500,Marilena,PR,Paraná,Sul,-22.7336,-53.0402
4115101,411510,Mariluz,PR,Paraná,Sul,-24.0089,-53.1432
4115200,411520,Maringá,PR,Paraná,Sul,-23.4205,-51.9333
4115309,411530,Mariópolis,PR,Paraná,Sul,-26.355,-52.5532
4115358,411535,Maripá,PR,Paraná,Sul,-24.42,-53.8286
4115408,411540,Marmeleiro,PR,Paraná,Sul,-26.1472,-53.0267
4115457,411545,Marquinho,PR,Paraná,Sul,-25.112,-52.2497
4115507,411550,Marumbi,PR,Paraná,Sul,-23.7058,-51.6404
4115606,411560,Matelândia,PR,Paraná,Sul,-25.2496,-53.9935
4115705,411570,Matinhos,PR,Paraná,Sul,-25.8237,-48.549
4115739,411573,Mato Rico,PR,Paraná,Sul,-24.6995,-52.1454
4115754,411575,Mauá da Serra,PR,Paraná,Sul,-23.8988,-51.2277
4115804,411580,Medianeira,PR,Paraná,Sul,-25.2977,-54.0943
4115853,411585,Mercedes,PR,Paraná,Sul,-24.4538,-54.1618
4115903,411590,Mirador,PR,Paraná,Sul,-23.255,-52.7761
4116000,411600,Miraselva,PR,Paraná,Sul,-22.9657,-51.4846
4116059,411605,Missal,PR,Paraná,Sul,-25.0919,-54.2477
4116109,411610,Moreira Sales,PR,Paraná,Sul,-24.0509,-53.0102
4116208,411620,Morretes,PR,Paraná,Sul,-25.4744,-48.8345
4116307,411630,Munhoz de Melo,PR,Paraná,Sul,-23.1487,-51.7737
4116406,411640,Nossa Senhora das Graças,PR,Paraná,Sul,-22.9129,-51.7978
4116505,411650,Nova Aliança do Ivaí,PR,Paraná,Sul,-23.1763,-52.6032
4116604,411660,Nova América da Colina,PR,Paraná,Sul,-23.3308,-50.7168
4116703,411670,Nova Aurora,PR,Paraná,Sul,-24.5289,-53.2575
4116802,411680,Nova Cantu,PR,Paraná,Sul,-24.6723,-52.5661
4116901,411690,Nova Esperança,PR,Paraná,Sul,-23.182,-52.2031
4116950,411695,Nova Esperança do Sudoeste,PR,Paraná,Sul,-25.9004,-53.2618
4117008,411700,Nova Fátima,PR,Paraná,Sul,-23.4324,-50.5665
4117057,411705,Nova Laranjeiras,PR,Paraná,Sul,-25.3054,-52.5447
4117107,411710,Nova Londrina,PR,Paraná,Sul,-22.7639,-52.9868
4117206,411720,Nova Olímpia,PR,Paraná,Sul,-23.4703,-53.0898
4117214,411721,Nova Santa Bárbara,PR,Paraná,Sul,-23.5865,-50.7598
4117222,411722,Nova Santa Rosa,PR,Paraná,Sul,-24.4693,-53.9552
4117255,411725,Nova Prata do Iguaçu,PR,Paraná,Sul,-25.6309,-53.3469
4117271,411727,Nova Tebas,PR,Paraná,Sul,-24.438,-51.9454
4117297,411729,Novo Itacolomi,PR,Paraná,Sul,-23.7631,-51.5079
4117305,411730,Ortigueira,PR,Paraná,Sul,-24.2058,-50.9185
4117404,411740,Ourizona,PR,Paraná,Sul,-23.4053,-52.1964
4117453,411745,Ouro Verde do Oeste,PR,Paraná,Sul,-24.7933,-53.9043
4117503,411750,Paiçandu,PR,Paraná,Sul,-23.4555,-52.046
4117602,411760,Palmas,PR,Paraná,Sul,-26.4839,-51.9888
4117701,411770,Palmeira,PR,Paraná,Sul,-25.4257,-50.007
4117800,411780,Palmital,PR,Paraná,Sul,-24.8853,-52.2029
4117909,411790,Palotina,PR,Paraná,Sul,-24.2868,-53.8404
4118006,411800,Paraíso do Norte,PR,Paraná,Sul,-23.2824,-52.6054
4118105,411810,Paranacity,PR,Paraná,Sul,-22.9297,-52.1549
4118204,411820,Paranaguá,PR,Paraná,Sul,-25.5161,-48.5225
4118303,411830,Paranapoema,PR,Paraná,Sul,-22.6412,-52.0905
4118402,411840,Paranavaí,PR,Paraná,Sul,-23.0816,-52.4617
4118451,411845,Pato Bragado,PR,Paraná,Sul,-24.6271,-54.2265
4118501,411850,Pato Branco,PR,Paraná,Sul,-26.2292,-52.6706
4118600,411860,Paula Freitas,PR,Paraná,Sul,-26.2105,-50.931
4118709,411870,Paulo Frontin,PR,Paraná,Sul,-26.0466,-50.8304
4118808,411880,Peabiru,PR,Paraná,Sul,-23.914,-52.3431
4118857,411885,Perobal,PR,Paraná,Sul,-23.8949,-53.4098
4118907,411890,Pérola,PR,Paraná,Sul,-23.8039,-53.6834
4119004,411900,Pérola d'Oeste,PR,Paraná,Sul,-25.8278,-53.7433
4119103,411910,Piên,PR,Paraná,Sul,-26.0965,-49.4336
4119152,411915,Pinhais,PR,Paraná,Sul,-25.4429,-49.1927
4119202,411920,Pinhalão,PR,Paraná,Sul,-23.7982,-50.0536
4119251,411925,Pinhal de São Bento,PR,Paraná,Sul,-26.0324,-53.482
4119301,411930,Pinhão,PR,Paraná,Sul,-25.6944,-51.6536
4119400,411940,Piraí do Sul,PR,Paraná,Sul,-24.5306,-49.9433
4119509,411950,Piraquara,PR,Paraná,Sul,-25.4422,-49.0624
4119608,411960,Pitanga,PR,Paraná,Sul,-24.7588,-51.7596
4119657,411965,Pitangueiras,PR,Paraná,Sul,-23.2281,-51.5873
4119707,411970,Planaltina do Paraná,PR,Paraná,Sul,-23.0101,-52.9162
4119806,411980,Planalto,PR,Paraná,Sul,-25.7211,-53.7642
4119905,411990,Ponta Grossa,PR,Paraná,Sul,-25.0916,-50.1668
4119954,411995,Pontal do Paraná,PR,Paraná,Sul,-25.6735,-48.5111
4120002,412000,Porecatu,PR,Paraná,Sul,-22.7537,-51.3795
4120101,412010,Porto Amazonas,PR,Paraná,Sul,-25.54,-49.8946
4120150,412015,Porto Barreiro,PR,Paraná,Sul,-25.5477,-52.4067
4120200,412020,Porto Rico,PR,Paraná,Sul,-22.7747,-53.2677
4120309,412030,Porto Vitória,PR,Paraná,Sul,-26.1674,-51.231
4120333,412033,Prado Ferreira,PR,Paraná,Sul,-23.0357,-51.4429
4120358,412035,Pranchita,PR,Paraná,Sul,-26.0209,-53.7397
4120408,412040,Presidente Castelo Branco,PR,Paraná,Sul,-23.2782,-52.1536
4120507,412050,Primeiro de Maio,PR,Paraná,Sul,-22.8517,-51.0293
4120606,412060,Prudentópolis,PR,Paraná,Sul,-25.2111,-50.9754
4120655,412065,Quarto Centenário,PR,Paraná,Sul,-24.2775,-53.0759
4120705,412070,Quatiguá,PR,Paraná,Sul,-23.5671,-49.916
4120804,412080,Quatro Barras,PR,Paraná,Sul,-25.3673,-49.0763
4120853,412085,Quatro Pontes,PR,Paraná,Sul,-24.5752,-53.9759
4120903,412090,Quedas do Iguaçu,PR,Paraná,Sul,-25.4492,-52.9102
4121000,412100,Querência do Norte,PR,Paraná,Sul,-23.0838,-53.483
4121109,412110,Quinta do Sol,PR,Paraná,Sul,-23.8533,-52.1309
4121208,412120,Quitandinha,PR,Paraná,Sul,-25.8734,-49.4973
4121257,412125,Ramilândia,PR,Paraná,Sul,-25.1195,-54.023
4121307,412130,Rancho Alegre,PR,Paraná,Sul,-23.0676,-50.9145
4121356,412135,Rancho Alegre D'Oeste,PR,Paraná,Sul,-24.3065,-52.9552
4121406,412140,Realeza,PR,Paraná,Sul,-25.7711,-53.526
4121505,412150,Rebouças,PR,Paraná,Sul,-25.6232,-50.6877
4121604,412160,Renascença,PR,Paraná,Sul,-26.1588,-52.9703
4121703,412170,Reserva,PR,Paraná,Sul,-24.6492,-50.8466
4121752,412175,Reserva do Iguaçu,PR,Paraná,Sul,-25.8319,-52.0272
4121802,412180,Ribeirão Claro,PR,Paraná,Sul,-23.1941,-49.7597
4121901,412190,Ribeirão do Pinhal,PR,Paraná,Sul,-23.4091,-50.3601
4122008,412200,Rio Azul,PR,Paraná,Sul,-25.7306,-50.7985
4122107,412210,Rio Bom,PR,Paraná,Sul,-23.7606,-51.4122
4122156,412215,Rio Bonito do Iguaçu,PR,Paraná,Sul,-25.4874,-52.5292
4122172,412217,Rio Branco do Ivaí,PR,Paraná,Sul,-24.3244,-51.3187
4122206,412220,Rio Branco do Sul,PR,Paraná,Sul,-25.1892,-49.3115
4122305,412230,Rio Negro,PR,Paraná,Sul,-26.095,-49.7982
4122404,412240,Rolândia,PR,Paraná,Sul,-23.3101,-51.3659
4122503,412250,Roncador,PR,Paraná,Sul,-24.5958,-52.2716
4122602,412260,Rondon,PR,Paraná,Sul,-23.412,-52.7659
4122651,412265,Rosário do Ivaí,PR,Paraná,Sul,-24.2682,-51.272
4122701,412270,Sabáudia,PR,Paraná,Sul,-23.3155,-51.555
4122800,412280,Salgado Filho,PR,Paraná,Sul,-26.1777,-53.3631
4122909,412290,Salto do Itararé,PR,Paraná,Sul,-23.6074,-49.6354
4123006,412300,Salto do Lontra,PR,Paraná,Sul,-25.7813,-53.3135
4123105,412310,Santa Amélia,PR,Paraná,Sul,-23.2654,-50.4288
4123204,412320,Santa Cecília do Pavão,PR,Paraná,Sul,-23.5201,-50.7835
4123303,412330,Santa Cruz de Monte Castelo,PR,Paraná,Sul,-22.9582,-53.2949
4123402,412340,Santa Fé,PR,Paraná,Sul,-23.04,-51.808
4123501,412350,Santa Helena,PR,Paraná,Sul,-24.8585,-54.336
4123600,412360,Santa Inês,PR,Paraná,Sul,-22.6376,-51.9024
4123709,412370,Santa Isabel do Ivaí,PR,Paraná,Sul,-23.0025,-53.1989
4123808,412380,Santa Izabel do Oeste,PR,Paraná,Sul,-25.8217,-53.4801
4123824,412382,Santa Lúcia,PR,Paraná,Sul,-25.4104,-53.5638
4123857,412385,Santa Maria do Oeste,PR,Paraná,Sul,-24.9377,-51.8696
4123907,412390,Santa Mariana,PR,Paraná,Sul,-23.1465,-50.5167
4123956,412395,Santa Mônica,PR,Paraná,Sul,-23.108,-53.1103
4124004,412400,Santana do Itararé,PR,Paraná,Sul,-23.7587,-49.6293
4124020,412402,Santa Tereza do Oeste,PR,Paraná,Sul,-25.0543,-53.6274
4124053,412405,Santa Terezinha de Itaipu,PR,Paraná,Sul,-25.4391,-54.402
4124103,412410,Santo Antônio da Platina,PR,Paraná,Sul,-23.2959,-50.0815
4124202,412420,Santo Antônio do Caiuá,PR,Paraná,Sul,-22.7351,-52.344
4124301,412430,Santo Antônio do Paraíso,PR,Paraná,Sul,-23.4969,-50.6455
4124400,412440,Santo Antônio do Sudoeste,PR,Paraná,Sul,-26.0737,-53.7251
4124509,412450,Santo Inácio,PR,Paraná,Sul,-22.6957,-51.7969
4124608,412460,São Carlos do Ivaí,PR,Paraná,Sul,-23.3158,-52.4761
4124707,412470,São Jerônimo da Serra,PR,Paraná,Sul,-23.7218,-50.7475
4124806,412480,São João,PR,Paraná,Sul,-25.8214,-52.7252
4124905,412490,São João do Caiuá,PR,Paraná,Sul,-22.8535,-52.3411
4125001,412500,São João do Ivaí,PR,Paraná,Sul,-23.9833,-51.8215
4125100,412510,São João do Triunfo,PR,Paraná,Sul,-25.683,-50.2949
4125209,412520,São Jorge d'Oeste,PR,Paraná,Sul,-25.7085,-52.9204
4125308,412530,São Jorge do Ivaí,PR,Paraná,Sul,-23.4336,-52.2929
4125357,412535,São Jorge do Patrocínio,PR,Paraná,Sul,-23.7647,-53.8823
4125407,412540,São José da Boa Vista,PR,Paraná,Sul,-23.9122,-49.6577
4125456,412545,São José das Palmeiras,PR,Paraná,Sul,-24.8369,-54.0572
4125506,412550,São José dos Pinhais,PR,Paraná,Sul,-25.5313,-49.2031
4125555,412555,São Manoel do Paraná,PR,Paraná,Sul,-23.3941,-52.6454
4125605,412560,São Mateus do Sul,PR,Paraná,Sul,-25.8677,-50.384
4125704,412570,São Miguel do Iguaçu,PR,Paraná,Sul,-25.3492,-54.2405
4125753,412575,São Pedro do Iguaçu,PR,Paraná,Sul,-24.9373,-53.8521
4125803,412580,São Pedro do Ivaí,PR,Paraná,Sul,-23.8634,-51.8568
4125902,412590,São Pedro do Paraná,PR,Paraná,Sul,-22.8239,-53.2241
4126009,412600,São Sebastião da Amoreira,PR,Paraná,Sul,-23.4656,-50.7625
4126108,412610,São Tomé,PR,Paraná,Sul,-23.5349,-52.5901
4126207,412620,Sapopema,PR,Paraná,Sul,-23.9078,-50.5801
4126256,412625,Sarandi,PR,Paraná,Sul,-23.4441,-51.876
4126272,412627,Saudade do Iguaçu,PR,Paraná,Sul,-25.6917,-52.6184
4126306,412630,Sengés,PR,Paraná,Sul,-24.1129,-49.4616
4126355,412635,Serranópolis do Iguaçu,PR,Paraná,Sul,-25.3799,-54.0518
4126405,412640,Sertaneja,PR,Paraná,Sul,-23.0361,-50.8317
4126504,412650,Sertanópolis,PR,Paraná,Sul,-23.0571,-51.0399
4126603,412660,Siqueira Campos,PR,Paraná,Sul,-23.6875,-49.8304
4126652,412665,Sulina,PR,Paraná,Sul,-25.7066,-52.7299
4126678,412667,Tamarana,PR,Paraná,Sul,-23.7204,-51.0991
4126702,412670,Tamboara,PR,Paraná,Sul,-23.2036,-52.4743
4126801,412680,Tapejara,PR,Paraná,Sul,-23.7315,-52.8735
4126900,412690,Tapira,PR,Paraná,Sul,-23.3193,-53.0684
4127007,412700,Teixeira Soares,PR,Paraná,Sul,-25.3701,-50.4571
4127106,412710,Telêmaco Borba,PR,Paraná,Sul,-24.3245,-50.6176
4127205,412720,Terra Boa,PR,Paraná,Sul,-23.7683,-52.447
4127304,412730,Terra Rica,PR,Paraná,Sul,-22.7111,-52.6188
4127403,412740,Terra Roxa,PR,Paraná,Sul,-24.1575,-54.0988
4127502,412750,Tibagi,PR,Paraná,Sul,-24.5153,-50.4176
4127601,412760,Tijucas do Sul,PR,Paraná,Sul,-25.9311,-49.195
4127700,412770,Toledo,PR,Paraná,Sul,-24.7246,-53.7412
4127809,412780,Tomazina,PR,Paraná,Sul,-23.7796,-49.9499
4127858,412785,Três Barras do Paraná,PR,Paraná,Sul,-25.4185,-53.1833
4127882,412788,Tunas do Paraná,PR,Paraná,Sul,-24.9731,-49.0879
4127908,412790,Tuneiras do Oeste,PR,Paraná,Sul,-23.8648,-52.8769
4127957,412795,Tupãssi,PR,Paraná,Sul,-24.5879,-53.5105
4127965,412796,Turvo,PR,Paraná,Sul,-25.0437,-51.5282
4128005,412800,Ubiratã,PR,Paraná,Sul,-24.5393,-52.9865
4128104,412810,Umuarama,PR,Paraná,Sul,-23.7656,-53.3201
4128203,412820,União da Vitória,PR,Paraná,Sul,-26.2273,-51.0873
4128302,412830,Uniflor,PR,Paraná,Sul,-23.0868,-52.1573
4128401,412840,Uraí,PR,Paraná,Sul,-23.2,-50.7939
4128500,412850,Wenceslau Braz,PR,Paraná,Sul,-23.8742,-49.8032
4128534,412853,Ventania,PR,Paraná,Sul,-24.2458,-50.2376
4128559,412855,Vera Cruz do Oeste,PR,Paraná,Sul,-25.0577,-53.8771
4128609,412860,Verê,PR,Paraná,Sul,-25.8772,-52.9051
4128625,412862,Alto Paraíso,PR,Paraná,Sul,-26.1146,-52.7469
4128633,412863,Doutor Ulysses,PR,Paraná,Sul,-24.5665,-49.4219
4128658,412865,Virmond,PR,Paraná,Sul,-25.3829,-52.1987
4128708,412870,Vitorino,PR,Paraná,Sul,-26.2683,-52.7843
4128807,412880,Xambrê,PR,Paraná,Sul,-23.7364,-53.4884
4200051,420005,Abdon Batista,SC,Santa Catarina,Sul,-27.6126,-51.0233
4200101,420010,Abelardo Luz,SC,Santa Catarina,Sul,-26.5716,-52.3229
4200200,420020,Agrolândia,SC,Santa Catarina,Sul,-27.4087,-49.822
4200309,420030,Agronômica,SC,Santa Catarina,Sul,-27.2662,-49.708
4200408,420040,Água Doce,SC,Santa Catarina,Sul,-26.9985,-51.5528
4200507,420050,Águas de Chapecó,SC,Santa Catarina,Sul,-27.0754,-52.9808
4200556,420055,Águas Frias,SC,Santa Catarina,Sul,-26.8794,-52.8568
4200606,420060,Águas Mornas,SC,Santa Catarina,Sul,-27.6963,-48.8243
4200705,420070,Alfredo Wagner,SC,Santa Catarina,Sul,-27.7001,-49.3273
4200754,420075,Alto Bela Vista,SC,Santa Catarina,Sul,-27.4333,-51.9044
4200804,420080,Anchieta,SC,Santa Catarina,Sul,-26.5382,-53.3319
4200903,420090,Angelina,SC,Santa Catarina,Sul,-27.5704,-48.9879
4201000,420100,Anita Garibaldi,SC,Santa Catarina,Sul,-27.6897,-51.1271
4201109,420110,Anitápolis,SC,Santa Catarina,Sul,-27.9012,-49.1316
4201208,420120,Antônio Carlos,SC,Santa Catarina,Sul,-27.5191,-48.766
4201257,420125,Apiúna,SC,Santa Catarina,Sul,-27.0375,-49.3885
4201273,420127,Arabutã,SC,Santa Catarina,Sul,-27.1587,-52.1423
4201307,420130,Araquari,SC,Santa Catarina,Sul,-26.3754,-48.7188
4201406,420140,Araranguá,SC,Santa Catarina,Sul,-28.9356,-49.4918
4201505,420150,Armazém,SC,Santa Catarina,Sul,-28.2448,-49.0215
4201604,420160,Arroio Trinta,SC,Santa Catarina,Sul,-26.9257,-51.3407
4201653,420165,Arvoredo,SC,Santa Catarina,Sul,-27.0748,-52.4543
4201703,420170,Ascurra,SC,Santa Catarina,Sul,-26.9548,-49.3783
4201802,420180,Atalanta,SC,Santa Catarina,Sul,-27.4219,-49.7789
4201901,420190,Aurora,SC,Santa Catarina,Sul,-27.3098,-49.6295
4201950,420195,Balneário Arroio do Silva,SC,Santa Catarina,Sul,-28.9806,-49.4237
4202008,420200,Balneário Camboriú,SC,Santa Catarina,Sul,-26.9926,-48.6352
4202057,420205,Balneário Barra do Sul,SC,Santa Catarina,Sul,-26.4597,-48.6123
4202073,420207,Balneário Gaivota,SC,Santa Catarina,Sul,-29.1527,-49.5841
4202081,420208,Bandeirante,SC,Santa Catarina,Sul,-26.7705,-53.6413
4202099,420209,Barra Bonita,SC,Santa Catarina,Sul,-26.654,-53.44
4202107,420210,Barra Velha,SC,Santa Catarina,Sul,-26.637,-48.6933
4202131,420213,Bela Vista do Toldo,SC,Santa Catarina,Sul,-26.2746,-50.4664
4202156,420215,Belmonte,SC,Santa Catarina,Sul,-26.843,-53.5758
4202206,420220,Benedito Novo,SC,Santa Catarina,Sul,-26.781,-49.3593
4202305,420230,Biguaçu,SC,Santa Catarina,Sul,-27.496,-48.6598
4202404,420240,Blumenau,SC,Santa Catarina,Sul,-26.9155,-49.0709
4202438,420243,Bocaina do Sul,SC,Santa Catarina,Sul,-27.7455,-49.9423
4202453,420245,Bombinhas,SC,Santa Catarina,Sul,-27.1382,-48.5146
4202503,420250,Bom Jardim da Serra,SC,Santa Catarina,Sul,-28.3377,-49.6373
4202537,420253,Bom Jesus,SC,Santa Catarina,Sul,-26.7326,-52.3919
4202578,420257,Bom Jesus do Oeste,SC,Santa Catarina,Sul,-26.6927,-53.0967
4202602,420260,Bom Retiro,SC,Santa Catarina,Sul,-27.799,-49.487
4202701,420270,Botuverá,SC,Santa Catarina,Sul,-27.2007,-49.0689
4202800,420280,Braço do Norte,SC,Santa Catarina,Sul,-28.2681,-49.1701
4202859,420285,Braço do Trombudo,SC,Santa Catarina,Sul,-27.3586,-49.8821
4202875,420287,Brunópolis,SC,Santa Catarina,Sul,-27.3058,-50.8684
4202909,420290,Brusque,SC,Santa Catarina,Sul,-27.0977,-48.9107
4203006,420300,Caçador,SC,Santa Catarina,Sul,-26.7757,-51.012
4203105,420310,Caibi,SC,Santa Catarina,Sul,-27.0741,-53.2458
4203154,420315,Calmon,SC,Santa Catarina,Sul,-26.5942,-51.095
4203204,420320,Camboriú,SC,Santa Catarina,Sul,-27.0241,-48.6503
4203253,420325,Capão Alto,SC,Santa Catarina,Sul,-27.9389,-50.5098
4203303,420330,Campo Alegre,SC,Santa Catarina,Sul,-26.195,-49.2676
4203402,420340,Campo Belo do Sul,SC,Santa Catarina,Sul,-27.8975,-50.7595
4203501,420350,Campo Erê,SC,Santa Catarina,Sul,-26.3931,-53.0856
4203600,420360,Campos Novos,SC,Santa Catarina,Sul,-27.4002,-51.2276
4203709,420370,Canelinha,SC,Santa Catarina,Sul,-27.2616,-48.7658
4203808,420380,Canoinhas,SC,Santa Catarina,Sul,-26.1766,-50.395
4203907,420390,Capinzal,SC,Santa Catarina,Sul,-27.3473,-51.6057
4203956,420395,Capivari de Baixo,SC,Santa Catarina,Sul,-28.4498,-48.9631
4204004,420400,Catanduvas,SC,Santa Catarina,Sul,-27.069,-51.6602
4204103,420410,Caxambu do Sul,SC,Santa Catarina,Sul,-27.1624,-52.8807
4204152,420415,Celso Ramos,SC,Santa Catarina,Sul,-27.6327,-51.335
4204178,420417,Cerro Negro,SC,Santa Catarina,Sul,-27.7942,-50.8673
4204194,420419,Chapadão do Lageado,SC,Santa Catarina,Sul,-27.5905,-49.5539
4204202,420420,Chapecó,SC,Santa Catarina,Sul,-27.1004,-52.6152
4204251,420425,Cocal do Sul,SC,Santa Catarina,Sul,-28.5986,-49.3335
4204301,420430,Concórdia,SC,Santa Catarina,Sul,-27.2335,-52.026
4204350,420435,Cordilheira Alta,SC,Santa Catarina,Sul,-26.9844,-52.6056
4204400,420440,Coronel Freitas,SC,Santa Catarina,Sul,-26.9057,-52.7011
4204459,420445,Coronel Martins,SC,Santa Catarina,Sul,-26.511,-52.6694
4204509,420450,Corupá,SC,Santa Catarina,Sul,-26.4246,-49.246
4204558,420455,Correia Pinto,SC,Santa Catarina,Sul,-27.5877,-50.3614
4204608,420460,Criciúma,SC,Santa Catarina,Sul,-28.6723,-49.3729
4204707,420470,Cunha Porã,SC,Santa Catarina,Sul,-26.895,-53.1662
4204756,420475,Cunhataí,SC,Santa Catarina,Sul,-26.9709,-53.0895
4204806,420480,Curitibanos,SC,Santa Catarina,Sul,-27.2824,-50.5816
4204905,420490,Descanso,SC,Santa Catarina,Sul,-26.827,-53.5034
4205001,420500,Dionísio Cerqueira,SC,Santa Catarina,Sul,-26.2648,-53.6351
4205100,420510,Dona Emma,SC,Santa Catarina,Sul,-26.981,-49.7261
4205159,420515,Doutor Pedrinho,SC,Santa Catarina,Sul,-26.7174,-49.4795
4205175,420517,Entre Rios,SC,Santa Catarina,Sul,-26.7225,-52.5585
4205191,420519,Ermo,SC,Santa Catarina,Sul,-28.9869,-49.643
4205209,420520,Erval Velho,SC,Santa Catarina,Sul,-27.2743,-51.443
4205308,420530,Faxinal dos Guedes,SC,Santa Catarina,Sul,-26.8451,-52.2596
4205357,420535,Flor do Sertão,SC,Santa Catarina,Sul,-26.7811,-53.3505
4205407,420540,Florianópolis,SC,Santa Catarina,Sul,-27.5945,-48.5477
4205431,420543,Formosa do Sul,SC,Santa Catarina,Sul,-26.6453,-52.7946
4205456,420545,Forquilhinha,SC,Santa Catarina,Sul,-28.7454,-49.4785
4205506,420550,Fraiburgo,SC,Santa Catarina,Sul,-27.0233,-50.92
4205555,420555,Frei Rogério,SC,Santa Catarina,Sul,-27.175,-50.8076
4205605,420560,Galvão,SC,Santa Catarina,Sul,-26.4549,-52.6875
4205704,420570,Garopaba,SC,Santa Catarina,Sul,-28.0275,-48.6192
4205803,420580,Garuva,SC,Santa Catarina,Sul,-26.0292,-48.852
4205902,420590,Gaspar,SC,Santa Catarina,Sul,-26.9336,-48.9534
4206009,420600,Governador Celso Ramos,SC,Santa Catarina,Sul,-27.3172,-48.5576
4206108,420610,Grão Pará,SC,Santa Catarina,Sul,-28.1809,-49.2252
4206207,420620,Gravatal,SC,Santa Catarina,Sul,-28.3208,-49.0427
4206306,420630,Guabiruba,SC,Santa Catarina,Sul,-27.0808,-48.9804
4206405,420640,Guaraciaba,SC,Santa Catarina,Sul,-26.6042,-53.5243
4206504,420650,Guaramirim,SC,Santa Catarina,Sul,-26.4688,-49.0026
4206603,420660,Guarujá do Sul,SC,Santa Catarina,Sul,-26.3858,-53.5296
4206652,420665,Guatambú,SC,Santa Catarina,Sul,-27.1341,-52.7887
4206702,420670,Herval d'Oeste,SC,Santa Catarina,Sul,-27.1903,-51.4917
4206751,420675,Ibiam,SC,Santa Catarina,Sul,-27.1847,-51.2352
4206801,420680,Ibicaré,SC,Santa Catarina,Sul,-27.0881,-51.3681
4206900,420690,Ibirama,SC,Santa Catarina,Sul,-27.0547,-49.5193
4207007,420700,Içara,SC,Santa Catarina,Sul,-28.7132,-49.3087
4207106,420710,Ilhota,SC,Santa Catarina,Sul,-26.9023,-48.8251
4207205,420720,Imaruí,SC,Santa Catarina,Sul,-28.3339,-48.817
4207304,420730,Imbituba,SC,Santa Catarina,Sul,-28.2284,-48.6659
4207403,420740,Imbuia,SC,Santa Catarina,Sul,-27.4908,-49.4218
4207502,420750,Indaial,SC,Santa Catarina,Sul,-26.8992,-49.2354
4207577,420757,Iomerê,SC,Santa Catarina,Sul,-27.0019,-51.2442
4207601,420760,Ipira,SC,Santa Catarina,Sul,-27.4038,-51.7758
4207650,420765,Iporã do Oeste,SC,Santa Catarina,Sul,-26.9854,-53.5355
4207684,420768,Ipuaçu,SC,Santa Catarina,Sul,-26.635,-52.4556
4207700,420770,Ipumirim,SC,Santa Catarina,Sul,-27.0772,-52.1289
4207759,420775,Iraceminha,SC,Santa Catarina,Sul,-26.8215,-53.2767
4207809,420780,Irani,SC,Santa Catarina,Sul,-27.0287,-51.9012
4207858,420785,Irati,SC,Santa Catarina,Sul,-26.6539,-52.8955
4207908,420790,Irineópolis,SC,Santa Catarina,Sul,-26.242,-50.7957
4208005,420800,Itá,SC,Santa Catarina,Sul,-27.2907,-52.3212
4208104,420810,Itaiópolis,SC,Santa Catarina,Sul,-26.339,-49.9092
4208203,420820,Itajaí,SC,Santa Catarina,Sul,-26.9101,-48.6705
4208302,420830,Itapema,SC,Santa Catarina,Sul,-27.0861,-48.616
4208401,420840,Itapiranga,SC,Santa Catarina,Sul,-27.1659,-53.7166
4208450,420845,Itapoá,SC,Santa Catarina,Sul,-26.1158,-48.6182
4208500,420850,Ituporanga,SC,Santa Catarina,Sul,-27.4101,-49.5963
4208609,420860,Jaborá,SC,Santa Catarina,Sul,-27.1782,-51.7279
4208708,420870,Jacinto Machado,SC,Santa Catarina,Sul,-28.9961,-49.7623
4208807,420880,Jaguaruna,SC,Santa Catarina,Sul,-28.6146,-49.0296
4208906,420890,Jaraguá do Sul,SC,Santa Catarina,Sul,-26.4851,-49.0713
4208955,420895,Jardinópolis,SC,Santa Catarina,Sul,-26.7191,-52.8625
4209003,420900,Joaçaba,SC,Santa Catarina,Sul,-27.1721,-51.5108
4209102,420910,Joinville,SC,Santa Catarina,Sul,-26.3045,-48.8487
4209151,420915,José Boiteux,SC,Santa Catarina,Sul,-26.9566,-49.6286
4209177,420917,Jupiá,SC,Santa Catarina,Sul,-26.395,-52.7298
4209201,420920,Lacerdópolis,SC,Santa Catarina,Sul,-27.2579,-51.5577
4209300,420930,Lages,SC,Santa Catarina,Sul,-27.815,-50.3259
4209409,420940,Laguna,SC,Santa Catarina,Sul,-28.4843,-48.7772
4209458,420945,Lajeado Grande,SC,Santa Catarina,Sul,-26.8576,-52.5648
4209508,420950,Laurentino,SC,Santa Catarina,Sul,-27.2173,-49.7331
4209607,420960,Lauro Muller,SC,Santa Catarina,Sul,-28.3859,-49.4035
4209706,420970,Lebon Régis,SC,Santa Catarina,Sul,-26.928,-50.6921
4209805,420980,Leoberto Leal,SC,Santa Catarina,Sul,-27.5081,-49.2789
4209854,420985,Lindóia do Sul,SC,Santa Catarina,Sul,-27.0545,-52.069
4209904,420990,Lontras,SC,Santa Catarina,Sul,-27.1684,-49.535
4210001,421000,Luiz Alves,SC,Santa Catarina,Sul,-26.7151,-48.9322
4210035,421003,Luzerna,SC,Santa Catarina,Sul,-27.1304,-51.4682
4210050,421005,Macieira,SC,Santa Catarina,Sul,-26.8552,-51.3705
4210100,421010,Mafra,SC,Santa Catarina,Sul,-26.1159,-49.8086
4210209,421020,Major Gercino,SC,Santa Catarina,Sul,-27.4192,-48.9488
4210308,421030,Major Vieira,SC,Santa Catarina,Sul,-26.3709,-50.3266
4210407,421040,Maracajá,SC,Santa Catarina,Sul,-28.8463,-49.4605
4210506,421050,Maravilha,SC,Santa Catarina,Sul,-26.7665,-53.1737
4210555,421055,Marema,SC,Santa Catarina,Sul,-26.8024,-52.6264
4210605,421060,Massaranduba,SC,Santa Catarina,Sul,-26.6109,-49.0054
4210704,421070,Matos Costa,SC,Santa Catarina,Sul,-26.4709,-51.1501
4210803,421080,Meleiro,SC,Santa Catarina,Sul,-28.8244,-49.6378
4210852,421085,Mirim Doce,SC,Santa Catarina,Sul,-27.197,-50.0786
4210902,421090,Modelo,SC,Santa Catarina,Sul,-26.7729,-53.04
4211009,421100,Mondaí,SC,Santa Catarina,Sul,-27.1008,-53.4032
4211058,421105,Monte Carlo,SC,Santa Catarina,Sul,-27.2239,-50.9808
4211108,421110,Monte Castelo,SC,Santa Catarina,Sul,-26.461,-50.2327
4211207,421120,Morro da Fumaça,SC,Santa Catarina,Sul,-28.6511,-49.2169
4211256,421125,Morro Grande,SC,Santa Catarina,Sul,-28.8006,-49.7214
4211306,421130,Navegantes,SC,Santa Catarina,Sul,-26.8943,-48.6546
4211405,421140,Nova Erechim,SC,Santa Catarina,Sul,-26.8982,-52.9066
4211454,421145,Nova Itaberaba,SC,Santa Catarina,Sul,-26.9428,-52.8141
4211504,421150,Nova Trento,SC,Santa Catarina,Sul,-27.278,-48.9298
4211603,421160,Nova Veneza,SC,Santa Catarina,Sul,-28.6338,-49.5055
4211652,421165,Novo Horizonte,SC,Santa Catarina,Sul,-26.4442,-52.8281
4211702,421170,Orleans,SC,Santa Catarina,Sul,-28.3487,-49.2986
4211751,421175,Otacílio Costa,SC,Santa Catarina,Sul,-27.4789,-50.1231
4211801,421180,Ouro,SC,Santa Catarina,Sul,-27.3379,-51.6194
4211850,421185,Ouro Verde,SC,Santa Catarina,Sul,-26.692,-52.3108
4211876,421187,Paial,SC,Santa Catarina,Sul,-27.2541,-52.4975
4211892,421189,Painel,SC,Santa Catarina,Sul,-27.9234,-50.0972
4211900,421190,Palhoça,SC,Santa Catarina,Sul,-27.6455,-48.6697
4212007,421200,Palma Sola,SC,Santa Catarina,Sul,-26.3471,-53.2771
4212056,421205,Palmeira,SC,Santa Catarina,Sul,-27.583,-50.1577
4212106,421210,Palmitos,SC,Santa Catarina,Sul,-27.0702,-53.1586
4212205,421220,Papanduva,SC,Santa Catarina,Sul,-26.3777,-50.1419
4212239,421223,Paraíso,SC,Santa Catarina,Sul,-26.62,-53.6716
4212254,421225,Passo de Torres,SC,Santa Catarina,Sul,-29.3099,-49.722
4212270,421227,Passos Maia,SC,Santa Catarina,Sul,-26.7829,-52.0568
4212304,421230,Paulo Lopes,SC,Santa Catarina,Sul,-27.9607,-48.6864
4212403,421240,Pedras Grandes,SC,Santa Catarina,Sul,-28.4339,-49.1949
4212502,421250,Penha,SC,Santa Catarina,Sul,-26.7754,-48.6465
4212601,421260,Peritiba,SC,Santa Catarina,Sul,-27.3754,-51.9018
4212650,421265,Pescaria Brava,SC,Santa Catarina,Sul,-28.3966,-48.8864
4212700,421270,Petrolândia,SC,Santa Catarina,Sul,-27.5346,-49.6937
4212809,421280,Balneário Piçarras,SC,Santa Catarina,Sul,-26.7639,-48.6717
4212908,421290,Pinhalzinho,SC,Santa Catarina,Sul,-26.8495,-52.9913
4213005,421300,Pinheiro Preto,SC,Santa Catarina,Sul,-27.0483,-51.2243
4213104,421310,Piratuba,SC,Santa Catarina,Sul,-27.4242,-51.7668
4213153,421315,Planalto Alegre,SC,Santa Catarina,Sul,-27.0704,-52.867
4213203,421320,Pomerode,SC,Santa Catarina,Sul,-26.7384,-49.1785
4213302,421330,Ponte Alta,SC,Santa Catarina,Sul,-27.4835,-50.3764
4213351,421335,Ponte Alta do Norte,SC,Santa Catarina,Sul,-27.1591,-50.4659
4213401,421340,Ponte Serrada,SC,Santa Catarina,Sul,-26.8733,-52.0112
4213500,421350,Porto Belo,SC,Santa Catarina,Sul,-27.1586,-48.5469
4213609,421360,Porto União,SC,Santa Catarina,Sul,-26.2451,-51.0759
4213708,421370,Pouso Redondo,SC,Santa Catarina,Sul,-27.2567,-49.9301
4213807,421380,Praia Grande,SC,Santa Catarina,Sul,-29.1918,-49.9525
4213906,421390,Presidente Castello Branco,SC,Santa Catarina,Sul,-27.2218,-51.8089
4214003,421400,Presidente Getúlio,SC,Santa Catarina,Sul,-27.0474,-49.6246
4214102,421410,Presidente Nereu,SC,Santa Catarina,Sul,-27.2768,-49.3889
4214151,421415,Princesa,SC,Santa Catarina,Sul,-26.4441,-53.5994
4214201,421420,Quilombo,SC,Santa Catarina,Sul,-26.7264,-52.724
4214300,421430,Rancho Queimado,SC,Santa Catarina,Sul,-27.6727,-49.0191
4214409,421440,Rio das Antas,SC,Santa Catarina,Sul,-26.8946,-51.0674
4214508,421450,Rio do Campo,SC,Santa Catarina,Sul,-26.9452,-50.136
4214607,421460,Rio do Oeste,SC,Santa Catarina,Sul,-27.1952,-49.7989
4214706,421470,Rio dos Cedros,SC,Santa Catarina,Sul,-26.7398,-49.2718
4214805,421480,Rio do Sul,SC,Santa Catarina,Sul,-27.2156,-49.643
4214904,421490,Rio Fortuna,SC,Santa Catarina,Sul,-28.1244,-49.1068
4215000,421500,Rio Negrinho,SC,Santa Catarina,Sul,-26.2591,-49.5177
4215059,421505,Rio Rufino,SC,Santa Catarina,Sul,-27.8592,-49.7754
4215075,421507,Riqueza,SC,Santa Catarina,Sul,-27.0653,-53.3265
4215109,421510,Rodeio,SC,Santa Catarina,Sul,-26.9243,-49.3649
4215208,421520,Romelândia,SC,Santa Catarina,Sul,-26.6809,-53.3172
4215307,421530,Salete,SC,Santa Catarina,Sul,-26.9798,-49.9988
4215356,421535,Saltinho,SC,Santa Catarina,Sul,-26.6049,-53.0578
4215406,421540,Salto Veloso,SC,Santa Catarina,Sul,-26.903,-51.4043
4215455,421545,Sangão,SC,Santa Catarina,Sul,-28.6326,-49.1322
4215505,421550,Santa Cecília,SC,Santa Catarina,Sul,-26.9592,-50.4252
4215554,421555,Santa Helena,SC,Santa Catarina,Sul,-26.937,-53.6214
4215604,421560,Santa Rosa de Lima,SC,Santa Catarina,Sul,-28.0331,-49.133
4215653,421565,Santa Rosa do Sul,SC,Santa Catarina,Sul,-29.1313,-49.7109
4215679,421567,Santa Terezinha,SC,Santa Catarina,Sul,-26.7813,-50.009
4215687,421568,Santa Terezinha do Progresso,SC,Santa Catarina,Sul,-26.624,-53.1997
4215695,421569,Santiago do Sul,SC,Santa Catarina,Sul,-26.6388,-52.6799
4215703,421570,Santo Amaro da Imperatriz,SC,Santa Catarina,Sul,-27.6852,-48.7813
4215752,421575,São Bernardino,SC,Santa Catarina,Sul,-26.4739,-52.9687
4215802,421580,São Bento do Sul,SC,Santa Catarina,Sul,-26.2495,-49.3831
4215901,421590,São Bonifácio,SC,Santa Catarina,Sul,-27.9009,-48.9326
4216008,421600,São Carlos,SC,Santa Catarina,Sul,-27.0798,-53.0037
4216057,421605,São Cristovão do Sul,SC,Santa Catarina,Sul,-27.2666,-50.4388
4216107,421610,São Domingos,SC,Santa Catarina,Sul,-26.5548,-52.5313
4216206,421620,São Francisco do Sul,SC,Santa Catarina,Sul,-26.2579,-48.6344
4216255,421625,São João do Oeste,SC,Santa Catarina,Sul,-27.0984,-53.5977
4216305,421630,São João Batista,SC,Santa Catarina,Sul,-27.2772,-48.8474
4216354,421635,São João do Itaperiú,SC,Santa Catarina,Sul,-26.6213,-48.7683
4216404,421640,São João do Sul,SC,Santa Catarina,Sul,-29.2154,-49.8094
4216503,421650,São Joaquim,SC,Santa Catarina,Sul,-28.2887,-49.9457
4216602,421660,São José,SC,Santa Catarina,Sul,-27.6136,-48.6366
4216701,421670,São José do Cedro,SC,Santa Catarina,Sul,-26.4561,-53.4955
4216800,421680,São José do Cerrito,SC,Santa Catarina,Sul,-27.6602,-50.5733
4216909,421690,São Lourenço do Oeste,SC,Santa Catarina,Sul,-26.3557,-52.8498
4217006,421700,São Ludgero,SC,Santa Catarina,Sul,-28.3144,-49.1806
4217105,421710,São Martinho,SC,Santa Catarina,Sul,-28.1609,-48.9867
4217154,421715,São Miguel da Boa Vista,SC,Santa Catarina,Sul,-26.687,-53.2511
4217204,421720,São Miguel do Oeste,SC,Santa Catarina,Sul,-26.7242,-53.5163
4217253,421725,São Pedro de Alcântara,SC,Santa Catarina,Sul,-27.5665,-48.8048
4217303,421730,Saudades,SC,Santa Catarina,Sul,-26.9317,-53.0021
4217402,421740,Schroeder,SC,Santa Catarina,Sul,-26.4116,-49.074
4217501,421750,Seara,SC,Santa Catarina,Sul,-27.1564,-52.299
4217550,421755,Serra Alta,SC,Santa Catarina,Sul,-26.7229,-53.0409
4217600,421760,Siderópolis,SC,Santa Catarina,Sul,-28.5955,-49.4314
4217709,421770,Sombrio,SC,Santa Catarina,Sul,-29.108,-49.6328
4217758,421775,Sul Brasil,SC,Santa Catarina,Sul,-26.7351,-52.964
4217808,421780,Taió,SC,Santa Catarina,Sul,-27.121,-49.9942
4217907,421790,Tangará,SC,Santa Catarina,Sul,-27.0996,-51.2473
4217956,421795,Tigrinhos,SC,Santa Catarina,Sul,-26.6876,-53.1545
4218004,421800,Tijucas,SC,Santa Catarina,Sul,-27.2354,-48.6322
4218103,421810,Timbé do Sul,SC,Santa Catarina,Sul,-28.8287,-49.842
4218202,421820,Timbó,SC,Santa Catarina,Sul,-26.8246,-49.269
4218251,421825,Timbó Grande,SC,Santa Catarina,Sul,-26.6127,-50.6607
4218301,421830,Três Barras,SC,Santa Catarina,Sul,-26.1056,-50.3197
4218350,421835,Treviso,SC,Santa Catarina,Sul,-28.5097,-49.4634
4218400,421840,Treze de Maio,SC,Santa Catarina,Sul,-28.5537,-49.1565
4218509,421850,Treze Tílias,SC,Santa Catarina,Sul,-27.0026,-51.4084
4218608,421860,Trombudo Central,SC,Santa Catarina,Sul,-27.3033,-49.793
4218707,421870,Tubarão,SC,Santa Catarina,Sul,-28.4713,-49.0144
4218756,421875,Tunápolis,SC,Santa Catarina,Sul,-26.9681,-53.6417
4218806,421880,Turvo,SC,Santa Catarina,Sul,-28.9272,-49.6831
4218855,421885,União do Oeste,SC,Santa Catarina,Sul,-26.762,-52.8541
4218905,421890,Urubici,SC,Santa Catarina,Sul,-28.0157,-49.5925
4218954,421895,Urupema,SC,Santa Catarina,Sul,-27.9557,-49.8729
4219002,421900,Urussanga,SC,Santa Catarina,Sul,-28.518,-49.3238
4219101,421910,Vargeão,SC,Santa Catarina,Sul,-26.8621,-52.1549
4219150,421915,Vargem,SC,Santa Catarina,Sul,-27.4867,-50.9724
4219176,421917,Vargem Bonita,SC,Santa Catarina,Sul,-27.0055,-51.7402
4219200,421920,Vidal Ramos,SC,Santa Catarina,Sul,-27.3886,-49.3593
4219309,421930,Videira,SC,Santa Catarina,Sul,-27.0086,-51.1543
4219358,421935,Vitor Meireles,SC,Santa Catarina,Sul,-26.8782,-49.8328
4219408,421940,Witmarsum,SC,Santa Catarina,Sul,-26.9275,-49.7947
4219507,421950,Xanxerê,SC,Santa Catarina,Sul,-26.8747,-52.4036
4219606,421960,Xavantina,SC,Santa Catarina,Sul,-27.0667,-52.343
4219705,421970,Xaxim,SC,Santa Catarina,Sul,-26.9596,-52.5374
4219853,421985,Zortéa,SC,Santa Catarina,Sul,-27.4521,-51.552
4220000,422000,Balneário Rincão,SC,Santa Catarina,Sul,-28.8314,-49.2352
4300034,430003,Aceguá,RS,Rio Grande do Sul,Sul,-31.8665,-54.1615
4300059,430005,Água Santa,RS,Rio Grande do Sul,Sul,-28.1672,-52.031
4300109,430010,Agudo,RS,Rio Grande do Sul,Sul,-29.6447,-53.2515
4300208,430020,Ajuricaba,RS,Rio Grande do Sul,Sul,-28.2342,-53.7757
4300307,430030,Alecrim,RS,Rio Grande do Sul,Sul,-27.6579,-54.7649
4300406,430040,Alegrete,RS,Rio Grande do Sul,Sul,-29.7902,-55.7949
4300455,430045,Alegria,RS,Rio Grande do Sul,Sul,-27.8345,-54.0557
4300471,430047,Almirante Tamandaré do Sul,RS,Rio Grande do Sul,Sul,-28.1149,-52.9142
4300505,430050,Alpestre,RS,Rio Grande do Sul,Sul,-27.2502,-53.0341
4300554,430055,Alto Alegre,RS,Rio Grande do Sul,Sul,-28.7769,-52.9893
4300570,430057,Alto Feliz,RS,Rio Grande do Sul,Sul,-29.3919,-51.3123
4300604,430060,Alvorada,RS,Rio Grande do Sul,Sul,-29.9914,-51.0809
4300638,430063,Amaral Ferrador,RS,Rio Grande do Sul,Sul,-30.8756,-52.2509
4300646,430064,Ametista do Sul,RS,Rio Grande do Sul,Sul,-27.3607,-53.183
4300661,430066,André da Rocha,RS,Rio Grande do Sul,Sul,-28.6283,-51.5797
4300703,430070,Anta Gorda,RS,Rio Grande do Sul,Sul,-28.9698,-52.0102
4300802,430080,Antônio Prado,RS,Rio Grande do Sul,Sul,-28.8565,-51.2883
4300851,430085,Arambaré,RS,Rio Grande do Sul,Sul,-30.9092,-51.5046
4300877,430087,Araricá,RS,Rio Grande do Sul,Sul,-29.6168,-50.9291
4300901,430090,Aratiba,RS,Rio Grande do Sul,Sul,-27.3978,-52.2975
4301008,430100,Arroio do Meio,RS,Rio Grande do Sul,Sul,-29.4014,-51.9557
4301057,430105,Arroio do Sal,RS,Rio Grande do Sul,Sul,-29.5439,-49.8895
4301073,430107,Arroio do Padre,RS,Rio Grande do Sul,Sul,-31.4389,-52.4246
4301107,430110,Arroio dos Ratos,RS,Rio Grande do Sul,Sul,-30.0875,-51.7275
4301206,430120,Arroio do Tigre,RS,Rio Grande do Sul,Sul,-29.3348,-53.0966
4301305,430130,Arroio Grande,RS,Rio Grande do Sul,Sul,-32.2327,-53.0862
4301404,430140,Arvorezinha,RS,Rio Grande do Sul,Sul,-28.8737,-52.1781
4301503,430150,Augusto Pestana,RS,Rio Grande do Sul,Sul,-28.5172,-53.9883
4301552,430155,Áurea,RS,Rio Grande do Sul,Sul,-27.6936,-52.0505
4301602,430160,Bagé,RS,Rio Grande do Sul,Sul,-31.3297,-54.0999
4301636,430163,Balneário Pinhal,RS,Rio Grande do Sul,Sul,-30.2419,-50.2337
4301651,430165,Barão,RS,Rio Grande do Sul,Sul,-29.3725,-51.4949
4301701,430170,Barão de Cotegipe,RS,Rio Grande do Sul,Sul,-27.6208,-52.3798
4301750,430175,Barão do Triunfo,RS,Rio Grande do Sul,Sul,-30.3891,-51.7384
4301800,430180,Barracão,RS,Rio Grande do Sul,Sul,-27.6739,-51.4585
4301859,430185,Barra do Guarita,RS,Rio Grande do Sul,Sul,-27.1927,-53.7109
4301875,430187,Barra do Quaraí,RS,Rio Grande do Sul,Sul,-30.2029,-57.5497
4301909,430190,Barra do Ribeiro,RS,Rio Grande do Sul,Sul,-30.2939,-51.3014
4301925,430192,Barra do Rio Azul,RS,Rio Grande do Sul,Sul,-27.4069,-52.4084
4301958,430195,Barra Funda,RS,Rio Grande do Sul,Sul,-27.9205,-53.0391
4302006,430200,Barros Cassal,RS,Rio Grande do Sul,Sul,-29.0947,-52.5836
4302055,430205,Benjamin Constant do Sul,RS,Rio Grande do Sul,Sul,-27.5086,-52.5995
4302105,430210,Bento Gonçalves,RS,Rio Grande do Sul,Sul,-29.1662,-51.5165
4302154,430215,Boa Vista das Missões,RS,Rio Grande do Sul,Sul,-27.6671,-53.3102
4302204,430220,Boa Vista do Buricá,RS,Rio Grande do Sul,Sul,-27.6693,-54.1082
4302220,430222,Boa Vista do Cadeado,RS,Rio Grande do Sul,Sul,-28.5791,-53.8108
4302238,430223,Boa Vista do Incra,RS,Rio Grande do Sul,Sul,-28.8185,-53.391
4302253,430225,Boa Vista do Sul,RS,Rio Grande do Sul,Sul,-29.3544,-51.6687
4302303,430230,Bom Jesus,RS,Rio Grande do Sul,Sul,-28.6697,-50.4295
4302352,430235,Bom Princípio,RS,Rio Grande do Sul,Sul,-29.4856,-51.3548
4302378,430237,Bom Progresso,RS,Rio Grande do Sul,Sul,-27.5399,-53.8716
4302402,430240,Bom Retiro do Sul,RS,Rio Grande do Sul,Sul,-29.6071,-51.9456
4302451,430245,Boqueirão do Leão,RS,Rio Grande do Sul,Sul,-29.3046,-52.4284
4302501,430250,Bossoroca,RS,Rio Grande do Sul,Sul,-28.7291,-54.9035
4302584,430258,Bozano,RS,Rio Grande do Sul,Sul,-28.3659,-53.772
4302600,430260,Braga,RS,Rio Grande do Sul,Sul,-27.6173,-53.7405
4302659,430265,Brochier,RS,Rio Grande do Sul,Sul,-29.5501,-51.5945
4302709,430270,Butiá,RS,Rio Grande do Sul,Sul,-30.1179,-51.9601
4302808,430280,Caçapava do Sul,RS,Rio Grande do Sul,Sul,-30.5144,-53.4827
4302907,430290,Cacequi,RS,Rio Grande do Sul,Sul,-29.8883,-54.822
4303004,430300,Cachoeira do Sul,RS,Rio Grande do Sul,Sul,-30.033,-52.8928
4303103,430310,Cachoeirinha,RS,Rio Grande do Sul,Sul,-29.9472,-51.1016
4303202,430320,Cacique Doble,RS,Rio Grande do Sul,Sul,-27.767,-51.6597
4303301,430330,Caibaté,RS,Rio Grande do Sul,Sul,-28.2905,-54.6454
4303400,430340,Caiçara,RS,Rio Grande do Sul,Sul,-27.2791,-53.4257
4303509,430350,Camaquã,RS,Rio Grande do Sul,Sul,-30.8489,-51.8043
4303558,430355,Camargo,RS,Rio Grande do Sul,Sul,-28.588,-52.2003
4303608,430360,Cambará do Sul,RS,Rio Grande do Sul,Sul,-29.0474,-50.1465
4303673,430367,Campestre da Serra,RS,Rio Grande do Sul,Sul,-28.7926,-51.0941
4303707,430370,Campina das Missões,RS,Rio Grande do Sul,Sul,-27.9888,-54.8416
4303806,430380,Campinas do Sul,RS,Rio Grande do Sul,Sul,-27.7174,-52.6248
4303905,430390,Campo Bom,RS,Rio Grande do Sul,Sul,-29.6747,-51.0606
4304002,430400,Campo Novo,RS,Rio Grande do Sul,Sul,-27.6792,-53.8052
4304101,430410,Campos Borges,RS,Rio Grande do Sul,Sul,-28.8871,-53.0008
4304200,430420,Candelária,RS,Rio Grande do Sul,Sul,-29.6684,-52.7895
4304309,430430,Cândido Godói,RS,Rio Grande do Sul,Sul,-27.9515,-54.7517
4304358,430435,Candiota,RS,Rio Grande do Sul,Sul,-31.5516,-53.6773
4304408,430440,Canela,RS,Rio Grande do Sul,Sul,-29.356,-50.8119
4304507,430450,Canguçu,RS,Rio Grande do Sul,Sul,-31.396,-52.6783
4304606,430460,Canoas,RS,Rio Grande do Sul,Sul,-29.9128,-51.1857
4304614,430461,Canudos do Vale,RS,Rio Grande do Sul,Sul,-29.3271,-52.2374
4304622,430462,Capão Bonito do Sul,RS,Rio Grande do Sul,Sul,-28.1254,-51.3961
4304630,430463,Capão da Canoa,RS,Rio Grande do Sul,Sul,-29.7642,-50.0282
4304655,430465,Capão do Cipó,RS,Rio Grande do Sul,Sul,-28.9312,-54.5558
4304663,430466,Capão do Leão,RS,Rio Grande do Sul,Sul,-31.7565,-52.4889
4304671,430467,Capivari do Sul,RS,Rio Grande do Sul,Sul,-30.1383,-50.5152
4304689,430468,Capela de Santana,RS,Rio Grande do Sul,Sul,-29.6961,-51.328
4304697,430469,Capitão,RS,Rio Grande do Sul,Sul,-29.2674,-51.9853
4304705,430470,Carazinho,RS,Rio Grande do Sul,Sul,-28.2958,-52.7933
4304713,430471,Caraá,RS,Rio Grande do Sul,Sul,-29.7869,-50.4316
4304804,430480,Carlos Barbosa,RS,Rio Grande do Sul,Sul,-29.2969,-51.5028
4304853,430485,Carlos Gomes,RS,Rio Grande do Sul,Sul,-27.7167,-51.9121
4304903,430490,Casca,RS,Rio Grande do Sul,Sul,-28.5605,-51.9815
4304952,430495,Caseiros,RS,Rio Grande do Sul,Sul,-28.2582,-51.6861
4305009,430500,Catuípe,RS,Rio Grande do Sul,Sul,-28.2554,-54.0132
4305108,430510,Caxias do Sul,RS,Rio Grande do Sul,Sul,-29.1629,-51.1792
4305116,430511,Centenário,RS,Rio Grande do Sul,Sul,-27.7615,-51.9984
4305124,430512,Cerrito,RS,Rio Grande do Sul,Sul,-31.8419,-52.8004
4305132,430513,Cerro Branco,RS,Rio Grande do Sul,Sul,-29.657,-52.9406
4305157,430515,Cerro Grande,RS,Rio Grande do Sul,Sul,-27.6106,-53.1672
4305173,430517,Cerro Grande do Sul,RS,Rio Grande do Sul,Sul,-30.5905,-51.7418
4305207,430520,Cerro Largo,RS,Rio Grande do Sul,Sul,-28.1463,-54.7428
4305306,430530,Chapada,RS,Rio Grande do Sul,Sul,-28.0559,-53.0665
4305355,430535,Charqueadas,RS,Rio Grande do Sul,Sul,-29.9625,-51.6289
4305371,430537,Charrua,RS,Rio Grande do Sul,Sul,-27.9493,-52.015
4305405,430540,Chiapetta,RS,Rio Grande do Sul,Sul,-27.923,-53.9419
4305439,430543,Chuí,RS,Rio Grande do Sul,Sul,-33.6866,-53.4594
4305447,430544,Chuvisca,RS,Rio Grande do Sul,Sul,-30.7504,-51.9737
4305454,430545,Cidreira,RS,Rio Grande do Sul,Sul,-30.1604,-50.2337
4305504,430550,Ciríaco,RS,Rio Grande do Sul,Sul,-28.3419,-51.8741
4305587,430558,Colinas,RS,Rio Grande do Sul,Sul,-29.3948,-51.8556
4305603,430560,Colorado,RS,Rio Grande do Sul,Sul,-28.5258,-52.9928
4305702,430570,Condor,RS,Rio Grande do Sul,Sul,-28.2075,-53.4905
4305801,430580,Constantina,RS,Rio Grande do Sul,Sul,-27.732,-52.9938
4305835,430583,Coqueiro Baixo,RS,Rio Grande do Sul,Sul,-29.1802,-52.0942
4305850,430585,Coqueiros do Sul,RS,Rio Grande do Sul,Sul,-28.1194,-52.7842
4305871,430587,Coronel Barros,RS,Rio Grande do Sul,Sul,-28.3921,-54.0686
4305900,430590,Coronel Bicaco,RS,Rio Grande do Sul,Sul,-27.7197,-53.7022
4305934,430593,Coronel Pilar,RS,Rio Grande do Sul,Sul,-29.2695,-51.6847
4305959,430595,Cotiporã,RS,Rio Grande do Sul,Sul,-28.9891,-51.6971
4305975,430597,Coxilha,RS,Rio Grande do Sul,Sul,-28.128,-52.3023
4306007,430600,Crissiumal,RS,Rio Grande do Sul,Sul,-27.4999,-54.0994
4306056,430605,Cristal,RS,Rio Grande do Sul,Sul,-31.0046,-52.0436
4306072,430607,Cristal do Sul,RS,Rio Grande do Sul,Sul,-27.452,-53.2422
4306106,430610,Cruz Alta,RS,Rio Grande do Sul,Sul,-28.645,-53.6048
4306130,430613,Cruzaltense,RS,Rio Grande do Sul,Sul,-27.6672,-52.6522
4306205,430620,Cruzeiro do Sul,RS,Rio Grande do Sul,Sul,-29.5148,-51.9928
4306304,430630,David Canabarro,RS,Rio Grande do Sul,Sul,-28.3849,-51.8482
4306320,430632,Derrubadas,RS,Rio Grande do Sul,Sul,-27.2642,-53.8645
4306353,430635,Dezesseis de Novembro,RS,Rio Grande do Sul,Sul,-28.219,-55.0617
4306379,430637,Dilermando de Aguiar,RS,Rio Grande do Sul,Sul,-29.7054,-54.2122
4306403,430640,Dois Irmãos,RS,Rio Grande do Sul,Sul,-29.5836,-51.0898
4306429,430642,Dois Irmãos das Missões,RS,Rio Grande do Sul,Sul,-27.6621,-53.5304
4306452,430645,Dois Lajeados,RS,Rio Grande do Sul,Sul,-28.983,-51.8396
4306502,430650,Dom Feliciano,RS,Rio Grande do Sul,Sul,-30.7004,-52.1026
4306551,430655,Dom Pedro de Alcântara,RS,Rio Grande do Sul,Sul,-29.3639,-49.853
4306601,430660,Dom Pedrito,RS,Rio Grande do Sul,Sul,-30.9756,-54.6694
4306700,430670,Dona Francisca,RS,Rio Grande do Sul,Sul,-29.6195,-53.3617
4306734,430673,Doutor Maurício Cardoso,RS,Rio Grande do Sul,Sul,-27.5103,-54.3577
4306759,430675,Doutor Ricardo,RS,Rio Grande do Sul,Sul,-29.084,-51.9972
4306767,430676,Eldorado do Sul,RS,Rio Grande do Sul,Sul,-30.0847,-51.6187
4306809,430680,Encantado,RS,Rio Grande do Sul,Sul,-29.2351,-51.8703
4306908,430690,Encruzilhada do Sul,RS,Rio Grande do Sul,Sul,-30.543,-52.5204
4306924,430692,Engenho Velho,RS,Rio Grande do Sul,Sul,-27.706,-52.9145
4306932,430693,Entre-Ijuís,RS,Rio Grande do Sul,Sul,-28.3686,-54.2686
4306957,430695,Entre Rios do Sul,RS,Rio Grande do Sul,Sul,-27.5298,-52.7347
4306973,430697,Erebango,RS,Rio Grande do Sul,Sul,-27.8544,-52.3005
4307005,430700,Erechim,RS,Rio Grande do Sul,Sul,-27.6364,-52.2697
4307054,430705,Ernestina,RS,Rio Grande do Sul,Sul,-28.4977,-52.5836
4307104,430710,Herval,RS,Rio Grande do Sul,Sul,-32.024,-53.3944
4307203,430720,Erval Grande,RS,Rio Grande do Sul,Sul,-27.3926,-52.574
4307302,430730,Erval Seco,RS,Rio Grande do Sul,Sul,-27.5443,-53.5005
4307401,430740,Esmeralda,RS,Rio Grande do Sul,Sul,-28.0518,-51.1933
4307450,430745,Esperança do Sul,RS,Rio Grande do Sul,Sul,-27.3603,-53.9891
4307500,430750,Espumoso,RS,Rio Grande do Sul,Sul,-28.7286,-52.8461
4307559,430755,Estação,RS,Rio Grande do Sul,Sul,-27.9135,-52.2635
4307609,430760,Estância Velha,RS,Rio Grande do Sul,Sul,-29.6535,-51.1843
4307708,430770,Esteio,RS,Rio Grande do Sul,Sul,-29.852,-51.1841
4307807,430780,Estrela,RS,Rio Grande do Sul,Sul,-29.5002,-51.9495
4307815,430781,Estrela Velha,RS,Rio Grande do Sul,Sul,-29.1713,-53.1639
4307831,430783,Eugênio de Castro,RS,Rio Grande do Sul,Sul,-28.5315,-54.1506
4307864,430786,Fagundes Varela,RS,Rio Grande do Sul,Sul,-28.8794,-51.7014
4307906,430790,Farroupilha,RS,Rio Grande do Sul,Sul,-29.2227,-51.3419
4308003,430800,Faxinal do Soturno,RS,Rio Grande do Sul,Sul,-29.5788,-53.4484
4308052,430805,Faxinalzinho,RS,Rio Grande do Sul,Sul,-27.4238,-52.6789
4308078,430807,Fazenda Vilanova,RS,Rio Grande do Sul,Sul,-29.5885,-51.8217
4308102,430810,Feliz,RS,Rio Grande do Sul,Sul,-29.4527,-51.3032
4308201,430820,Flores da Cunha,RS,Rio Grande do Sul,Sul,-29.0261,-51.1875
4308250,430825,Floriano Peixoto,RS,Rio Grande do Sul,Sul,-27.8614,-52.0838
4308300,430830,Fontoura Xavier,RS,Rio Grande do Sul,Sul,-28.9817,-52.3445
4308409,430840,Formigueiro,RS,Rio Grande do Sul,Sul,-30.0035,-53.4959
4308433,430843,Forquetinha,RS,Rio Grande do Sul,Sul,-29.3828,-52.0981
4308458,430845,Fortaleza dos Valos,RS,Rio Grande do Sul,Sul,-28.7986,-53.2249
4308508,430850,Frederico Westphalen,RS,Rio Grande do Sul,Sul,-27.3586,-53.3958
4308607,430860,Garibaldi,RS,Rio Grande do Sul,Sul,-29.259,-51.5352
4308656,430865,Garruchos,RS,Rio Grande do Sul,Sul,-28.1944,-55.6383
4308706,430870,Gaurama,RS,Rio Grande do Sul,Sul,-27.5856,-52.0915
4308805,430880,General Câmara,RS,Rio Grande do Sul,Sul,-29.9032,-51.7612
4308854,430885,Gentil,RS,Rio Grande do Sul,Sul,-28.4316,-52.0337
4308904,430890,Getúlio Vargas,RS,Rio Grande do Sul,Sul,-27.8911,-52.2294
4309001,430900,Giruá,RS,Rio Grande do Sul,Sul,-28.0297,-54.3517
4309050,430905,Glorinha,RS,Rio Grande do Sul,Sul,-29.8798,-50.7734
4309100,430910,Gramado,RS,Rio Grande do Sul,Sul,-29.3734,-50.8762
4309126,430912,Gramado dos Loureiros,RS,Rio Grande do Sul,Sul,-27.4429,-52.9149
4309159,430915,Gramado Xavier,RS,Rio Grande do Sul,Sul,-29.2706,-52.5795
4309209,430920,Gravataí,RS,Rio Grande do Sul,Sul,-29.9413,-50.9869
4309258,430925,Guabiju,RS,Rio Grande do Sul,Sul,-28.5421,-51.6948
4309308,430930,Guaíba,RS,Rio Grande do Sul,Sul,-30.1086,-51.3233
4309407,430940,Guaporé,RS,Rio Grande do Sul,Sul,-28.8399,-51.8895
4309506,430950,Guarani das Missões,RS,Rio Grande do Sul,Sul,-28.1491,-54.5629
4309555,430955,Harmonia,RS,Rio Grande do Sul,Sul,-29.5456,-51.4185
4309571,430957,Herveiras,RS,Rio Grande do Sul,Sul,-29.4552,-52.6553
4309605,430960,Horizontina,RS,Rio Grande do Sul,Sul,-27.6282,-54.3053
4309654,430965,Hulha Negra,RS,Rio Grande do Sul,Sul,-31.4067,-53.8667
4309704,430970,Humaitá,RS,Rio Grande do Sul,Sul,-27.5691,-53.9695
4309753,430975,Ibarama,RS,Rio Grande do Sul,Sul,-29.4203,-53.1295
4309803,430980,Ibiaçá,RS,Rio Grande do Sul,Sul,-28.0566,-51.8599
4309902,430990,Ibiraiaras,RS,Rio Grande do Sul,Sul,-28.3741,-51.6377
4309951,430995,Ibirapuitã,RS,Rio Grande do Sul,Sul,-28.6247,-52.5158
4310009,431000,Ibirubá,RS,Rio Grande do Sul,Sul,-28.6302,-53.0961
4310108,431010,Igrejinha,RS,Rio Grande do Sul,Sul,-29.5693,-50.7919
4310207,431020,Ijuí,RS,Rio Grande do Sul,Sul,-28.388,-53.92
4310306,431030,Ilópolis,RS,Rio Grande do Sul,Sul,-28.9282,-52.1258
4310330,431033,Imbé,RS,Rio Grande do Sul,Sul,-29.9753,-50.1281
4310363,431036,Imigrante,RS,Rio Grande do Sul,Sul,-29.3508,-51.7748
4310405,431040,Independência,RS,Rio Grande do Sul,Sul,-27.8354,-54.1886
4310413,431041,Inhacorá,RS,Rio Grande do Sul,Sul,-27.8752,-54.015
4310439,431043,Ipê,RS,Rio Grande do Sul,Sul,-28.8171,-51.2859
4310462,431046,Ipiranga do Sul,RS,Rio Grande do Sul,Sul,-27.9404,-52.4271
4310504,431050,Iraí,RS,Rio Grande do Sul,Sul,-27.1951,-53.2543
4310538,431053,Itaara,RS,Rio Grande do Sul,Sul,-29.6013,-53.7725
4310553,431055,Itacurubi,RS,Rio Grande do Sul,Sul,-28.7913,-55.2447
4310579,431057,Itapuca,RS,Rio Grande do Sul,Sul,-28.7768,-52.1693
4310603,431060,Itaqui,RS,Rio Grande do Sul,Sul,-29.1311,-56.5515
4310652,431065,Itati,RS,Rio Grande do Sul,Sul,-29.4974,-50.1016
4310702,431070,Itatiba do Sul,RS,Rio Grande do Sul,Sul,-27.3846,-52.4538
4310751,431075,Ivorá,RS,Rio Grande do Sul,Sul,-29.5232,-53.5842
4310801,431080,Ivoti,RS,Rio Grande do Sul,Sul,-29.5995,-51.1533
4310850,431085,Jaboticaba,RS,Rio Grande do Sul,Sul,-27.6347,-53.2762
4310876,431087,Jacuizinho,RS,Rio Grande do Sul,Sul,-29.0401,-53.0657
4310900,431090,Jacutinga,RS,Rio Grande do Sul,Sul,-27.7291,-52.5372
4311007,431100,Jaguarão,RS,Rio Grande do Sul,Sul,-32.5604,-53.377
4311106,431110,Jaguari,RS,Rio Grande do Sul,Sul,-29.4936,-54.703
4311122,431112,Jaquirana,RS,Rio Grande do Sul,Sul,-28.8811,-50.3637
4311130,431113,Jari,RS,Rio Grande do Sul,Sul,-29.2922,-54.2237
4311155,431115,Jóia,RS,Rio Grande do Sul,Sul,-28.6435,-54.1141
4311205,431120,Júlio de Castilhos,RS,Rio Grande do Sul,Sul,-29.2299,-53.6772
4311239,431123,Lagoa Bonita do Sul,RS,Rio Grande do Sul,Sul,-29.4939,-53.017
4311254,431125,Lagoão,RS,Rio Grande do Sul,Sul,-29.2348,-52.7997
4311270,431127,Lagoa dos Três Cantos,RS,Rio Grande do Sul,Sul,-28.5676,-52.8618
4311304,431130,Lagoa Vermelha,RS,Rio Grande do Sul,Sul,-28.2093,-51.5248
4311403,431140,Lajeado,RS,Rio Grande do Sul,Sul,-29.4591,-51.9644
4311429,431142,Lajeado do Bugre,RS,Rio Grande do Sul,Sul,-27.6913,-53.1818
4311502,431150,Lavras do Sul,RS,Rio Grande do Sul,Sul,-30.8071,-53.8931
4311601,431160,Liberato Salzano,RS,Rio Grande do Sul,Sul,-27.601,-53.0753
4311627,431162,Lindolfo Collor,RS,Rio Grande do Sul,Sul,-29.5859,-51.2141
4311643,431164,Linha Nova,RS,Rio Grande do Sul,Sul,-29.4679,-51.2003
4311700,431170,Machadinho,RS,Rio Grande do Sul,Sul,-27.5667,-51.6668
4311718,431171,Maçambará,RS,Rio Grande do Sul,Sul,-29.1445,-56.0674
4311734,431173,Mampituba,RS,Rio Grande do Sul,Sul,-29.2136,-49.9311
4311759,431175,Manoel Viana,RS,Rio Grande do Sul,Sul,-29.5859,-55.4841
4311775,431177,Maquiné,RS,Rio Grande do Sul,Sul,-29.6798,-50.2079
4311791,431179,Maratá,RS,Rio Grande do Sul,Sul,-29.5457,-51.5573
4311809,431180,Marau,RS,Rio Grande do Sul,Sul,-28.4498,-52.1986
4311908,431190,Marcelino Ramos,RS,Rio Grande do Sul,Sul,-27.4676,-51.9095
4311981,431198,Mariana Pimentel,RS,Rio Grande do Sul,Sul,-30.353,-51.5803
4312005,431200,Mariano Moro,RS,Rio Grande do Sul,Sul,-27.3568,-52.1467
4312054,431205,Marques de Souza,RS,Rio Grande do Sul,Sul,-29.3311,-52.0973
4312104,431210,Mata,RS,Rio Grande do Sul,Sul,-29.5649,-54.4641
4312138,431213,Mato Castelhano,RS,Rio Grande do Sul,Sul,-28.28,-52.1932
4312153,431215,Mato Leitão,RS,Rio Grande do Sul,Sul,-29.5285,-52.1278
4312179,431217,Mato Queimado,RS,Rio Grande do Sul,Sul,-28.252,-54.6159
4312203,431220,Maximiliano de Almeida,RS,Rio Grande do Sul,Sul,-27.6325,-51.802
4312252,431225,Minas do Leão,RS,Rio Grande do Sul,Sul,-30.1346,-52.0423
4312302,431230,Miraguaí,RS,Rio Grande do Sul,Sul,-27.497,-53.6891
4312351,431235,Montauri,RS,Rio Grande do Sul,Sul,-28.6462,-52.0767
4312377,431237,Monte Alegre dos Campos,RS,Rio Grande do Sul,Sul,-28.6805,-50.7834
4312385,431238,Monte Belo do Sul,RS,Rio Grande do Sul,Sul,-29.1607,-51.6333
4312401,431240,Montenegro,RS,Rio Grande do Sul,Sul,-29.6824,-51.4679
4312427,431242,Mormaço,RS,Rio Grande do Sul,Sul,-28.6968,-52.6999
4312443,431244,Morrinhos do Sul,RS,Rio Grande do Sul,Sul,-29.3578,-49.9328
4312450,431245,Morro Redondo,RS,Rio Grande do Sul,Sul,-31.5887,-52.6261
4312476,431247,Morro Reuter,RS,Rio Grande do Sul,Sul,-29.5379,-51.0811
4312500,431250,Mostardas,RS,Rio Grande do Sul,Sul,-31.1054,-50.9167
4312609,431260,Muçum,RS,Rio Grande do Sul,Sul,-29.163,-51.8714
4312617,431261,Muitos Capões,RS,Rio Grande do Sul,Sul,-28.3132,-51.1836
4312625,431262,Muliterno,RS,Rio Grande do Sul,Sul,-28.3253,-51.7697
4312658,431265,Não-Me-Toque,RS,Rio Grande do Sul,Sul,-28.4548,-52.8182
4312674,431267,Nicolau Vergueiro,RS,Rio Grande do Sul,Sul,-28.5298,-52.4676
4312708,431270,Nonoai,RS,Rio Grande do Sul,Sul,-27.3689,-52.7756
4312757,431275,Nova Alvorada,RS,Rio Grande do Sul,Sul,-28.6822,-52.1631
4312807,431280,Nova Araçá,RS,Rio Grande do Sul,Sul,-28.6537,-51.7458
4312906,431290,Nova Bassano,RS,Rio Grande do Sul,Sul,-28.7291,-51.7072
4312955,431295,Nova Boa Vista,RS,Rio Grande do Sul,Sul,-27.9926,-52.9784
4313003,431300,Nova Bréscia,RS,Rio Grande do Sul,Sul,-29.2182,-52.0319
4313011,431301,Nova Candelária,RS,Rio Grande do Sul,Sul,-27.6137,-54.1074
4313037,431303,Nova Esperança do Sul,RS,Rio Grande do Sul,Sul,-29.4066,-54.8293
4313060,431306,Nova Hartz,RS,Rio Grande do Sul,Sul,-29.5808,-50.9051
4313086,431308,Nova Pádua,RS,Rio Grande do Sul,Sul,-29.0275,-51.3098
4313102,431310,Nova Palma,RS,Rio Grande do Sul,Sul,-29.471,-53.4689
4313201,431320,Nova Petrópolis,RS,Rio Grande do Sul,Sul,-29.3741,-51.1136
4313300,431330,Nova Prata,RS,Rio Grande do Sul,Sul,-28.7799,-51.6113
4313334,431333,Nova Ramada,RS,Rio Grande do Sul,Sul,-28.0667,-53.6992
4313359,431335,Nova Roma do Sul,RS,Rio Grande do Sul,Sul,-28.9882,-51.4095
4313375,431337,Nova Santa Rita,RS,Rio Grande do Sul,Sul,-29.8525,-51.2837
4313391,431339,Novo Cabrais,RS,Rio Grande do Sul,Sul,-29.7338,-52.9489
4313409,431340,Novo Hamburgo,RS,Rio Grande do Sul,Sul,-29.6875,-51.1328
4313425,431342,Novo Machado,RS,Rio Grande do Sul,Sul,-27.5765,-54.5036
4313441,431344,Novo Tiradentes,RS,Rio Grande do Sul,Sul,-27.5649,-53.1837
4313466,431346,Novo Xingu,RS,Rio Grande do Sul,Sul,-27.749,-53.0639
4313490,431349,Novo Barreiro,RS,Rio Grande do Sul,Sul,-27.9077,-53.1103
4313508,431350,Osório,RS,Rio Grande do Sul,Sul,-29.8881,-50.2667
4313607,431360,Paim Filho,RS,Rio Grande do Sul,Sul,-27.7075,-51.763
4313656,431365,Palmares do Sul,RS,Rio Grande do Sul,Sul,-30.2535,-50.5103
4313706,431370,Palmeira das Missões,RS,Rio Grande do Sul,Sul,-27.9007,-53.3134
4313805,431380,Palmitinho,RS,Rio Grande do Sul,Sul,-27.3596,-53.558
4313904,431390,Panambi,RS,Rio Grande do Sul,Sul,-28.2833,-53.5023
4313953,431395,Pantano Grande,RS,Rio Grande do Sul,Sul,-30.1902,-52.3729
4314001,431400,Paraí,RS,Rio Grande do Sul,Sul,-28.5964,-51.7896
4314027,431402,Paraíso do Sul,RS,Rio Grande do Sul,Sul,-29.6717,-53.144
4314035,431403,Pareci Novo,RS,Rio Grande do Sul,Sul,-29.6365,-51.3974
4314050,431405,Parobé,RS,Rio Grande do Sul,Sul,-29.6243,-50.8312
4314068,431406,Passa Sete,RS,Rio Grande do Sul,Sul,-29.4577,-52.9599
4314076,431407,Passo do Sobrado,RS,Rio Grande do Sul,Sul,-29.748,-52.2748
4314100,431410,Passo Fundo,RS,Rio Grande do Sul,Sul,-28.2576,-52.4091
4314134,431413,Paulo Bento,RS,Rio Grande do Sul,Sul,-27.7051,-52.4169
4314159,431415,Paverama,RS,Rio Grande do Sul,Sul,-29.5486,-51.7339
4314175,431417,Pedras Altas,RS,Rio Grande do Sul,Sul,-31.7365,-53.5814
4314209,431420,Pedro Osório,RS,Rio Grande do Sul,Sul,-31.8642,-52.8184
4314308,431430,Pejuçara,RS,Rio Grande do Sul,Sul,-28.4283,-53.6579
4314407,431440,Pelotas,RS,Rio Grande do Sul,Sul,-31.7649,-52.3371
4314423,431442,Picada Café,RS,Rio Grande do Sul,Sul,-29.4464,-51.1367
4314456,431445,Pinhal,RS,Rio Grande do Sul,Sul,-27.508,-53.2082
4314464,431446,Pinhal da Serra,RS,Rio Grande do Sul,Sul,-27.8751,-51.1673
4314472,431447,Pinhal Grande,RS,Rio Grande do Sul,Sul,-29.345,-53.3206
4314498,431449,Pinheirinho do Vale,RS,Rio Grande do Sul,Sul,-27.2109,-53.608
4314506,431450,Pinheiro Machado,RS,Rio Grande do Sul,Sul,-31.5794,-53.3798
4314548,431454,Pinto Bandeira,RS,Rio Grande do Sul,Sul,-29.0975,-51.4503
4314555,431455,Pirapó,RS,Rio Grande do Sul,Sul,-28.0439,-55.2001
4314605,431460,Piratini,RS,Rio Grande do Sul,Sul,-31.4473,-53.0973
4314704,431470,Planalto,RS,Rio Grande do Sul,Sul,-27.3297,-53.0575
4314753,431475,Poço das Antas,RS,Rio Grande do Sul,Sul,-29.4481,-51.6719
4314779,431477,Pontão,RS,Rio Grande do Sul,Sul,-28.0585,-52.6791
4314787,431478,Ponte Preta,RS,Rio Grande do Sul,Sul,-27.6587,-52.4848
4314803,431480,Portão,RS,Rio Grande do Sul,Sul,-29.7015,-51.2429
4314902,431490,Porto Alegre,RS,Rio Grande do Sul,Sul,-30.0318,-51.2065
4315008,431500,Porto Lucena,RS,Rio Grande do Sul,Sul,-27.8569,-55.01
4315057,431505,Porto Mauá,RS,Rio Grande do Sul,Sul,-27.5796,-54.6657
4315073,431507,Porto Vera Cruz,RS,Rio Grande do Sul,Sul,-27.7405,-54.8994
4315107,431510,Porto Xavier,RS,Rio Grande do Sul,Sul,-27.9082,-55.1379
4315131,431513,Pouso Novo,RS,Rio Grande do Sul,Sul,-29.1738,-52.2136
4315149,431514,Presidente Lucena,RS,Rio Grande do Sul,Sul,-29.5175,-51.1798
4315156,431515,Progresso,RS,Rio Grande do Sul,Sul,-29.2441,-52.3197
4315172,431517,Protásio Alves,RS,Rio Grande do Sul,Sul,-28.7572,-51.4757
4315206,431520,Putinga,RS,Rio Grande do Sul,Sul,-29.0045,-52.1569
4315305,431530,Quaraí,RS,Rio Grande do Sul,Sul,-30.384,-56.4483
4315313,431531,Quatro Irmãos,RS,Rio Grande do Sul,Sul,-27.8257,-52.4424
4315321,431532,Quevedos,RS,Rio Grande do Sul,Sul,-29.3504,-54.0789
4315354,431535,Quinze de Novembro,RS,Rio Grande do Sul,Sul,-28.7466,-53.1011
4315404,431540,Redentora,RS,Rio Grande do Sul,Sul,-27.664,-53.6407
4315453,431545,Relvado,RS,Rio Grande do Sul,Sul,-29.1164,-52.0778
4315503,431550,Restinga Sêca,RS,Rio Grande do Sul,Sul,-29.8188,-53.3807
4315552,431555,Rio dos Índios,RS,Rio Grande do Sul,Sul,-27.2973,-52.8417
4315602,431560,Rio Grande,RS,Rio Grande do Sul,Sul,-32.0349,-52.1071
4315701,431570,Rio Pardo,RS,Rio Grande do Sul,Sul,-29.988,-52.3711
4315750,431575,Riozinho,RS,Rio Grande do Sul,Sul,-29.639,-50.4488
4315800,431580,Roca Sales,RS,Rio Grande do Sul,Sul,-29.2884,-51.8658
4315909,431590,Rodeio Bonito,RS,Rio Grande do Sul,Sul,-27.4742,-53.1706
4315958,431595,Rolador,RS,Rio Grande do Sul,Sul,-28.2566,-54.8186
4316006,431600,Rolante,RS,Rio Grande do Sul,Sul,-29.6462,-50.5819
4316105,431610,Ronda Alta,RS,Rio Grande do Sul,Sul,-27.7758,-52.8056
4316204,431620,Rondinha,RS,Rio Grande do Sul,Sul,-27.8315,-52.9081
4316303,431630,Roque Gonzales,RS,Rio Grande do Sul,Sul,-28.1297,-55.0266
4316402,431640,Rosário do Sul,RS,Rio Grande do Sul,Sul,-30.2515,-54.9221
4316428,431642,Sagrada Família,RS,Rio Grande do Sul,Sul,-27.7085,-53.1351
4316436,431643,Saldanha Marinho,RS,Rio Grande do Sul,Sul,-28.3941,-53.097
4316451,431645,Salto do Jacuí,RS,Rio Grande do Sul,Sul,-29.0951,-53.2133
4316477,431647,Salvador das Missões,RS,Rio Grande do Sul,Sul,-28.1233,-54.8373
4316501,431650,Salvador do Sul,RS,Rio Grande do Sul,Sul,-29.4386,-51.5077
4316600,431660,Sananduva,RS,Rio Grande do Sul,Sul,-27.947,-51.8079
4316709,431670,Santa Bárbara do Sul,RS,Rio Grande do Sul,Sul,-28.3653,-53.251
4316733,431673,Santa Cecília do Sul,RS,Rio Grande do Sul,Sul,-28.1609,-51.9279
4316758,431675,Santa Clara do Sul,RS,Rio Grande do Sul,Sul,-29.4747,-52.0843
4316808,431680,Santa Cruz do Sul,RS,Rio Grande do Sul,Sul,-29.722,-52.4343
4316907,431690,Santa Maria,RS,Rio Grande do Sul,Sul,-29.6868,-53.8149
4316956,431695,Santa Maria do Herval,RS,Rio Grande do Sul,Sul,-29.4902,-50.9919
4316972,431697,Santa Margarida do Sul,RS,Rio Grande do Sul,Sul,-30.3393,-54.0817
4317004,431700,Santana da Boa Vista,RS,Rio Grande do Sul,Sul,-30.8697,-53.11
4317103,431710,Sant'Ana do Livramento,RS,Rio Grande do Sul,Sul,-30.8773,-55.5392
4317202,431720,Santa Rosa,RS,Rio Grande do Sul,Sul,-27.8702,-54.4796
4317251,431725,Santa Tereza,RS,Rio Grande do Sul,Sul,-29.1655,-51.7351
4317301,431730,Santa Vitória do Palmar,RS,Rio Grande do Sul,Sul,-33.525,-53.3717
4317400,431740,Santiago,RS,Rio Grande do Sul,Sul,-29.1897,-54.8666
4317509,431750,Santo Ângelo,RS,Rio Grande do Sul,Sul,-28.3001,-54.2668
4317558,431755,Santo Antônio do Palma,RS,Rio Grande do Sul,Sul,-28.4956,-52.0267
4317608,431760,Santo Antônio da Patrulha,RS,Rio Grande do Sul,Sul,-29.8268,-50.5175
4317707,431770,Santo Antônio das Missões,RS,Rio Grande do Sul,Sul,-28.514,-55.2251
4317756,431775,Santo Antônio do Planalto,RS,Rio Grande do Sul,Sul,-28.403,-52.6992
4317806,431780,Santo Augusto,RS,Rio Grande do Sul,Sul,-27.8526,-53.7776
4317905,431790,Santo Cristo,RS,Rio Grande do Sul,Sul,-27.8263,-54.662
4317954,431795,Santo Expedito do Sul,RS,Rio Grande do Sul,Sul,-27.9074,-51.6434
4318002,431800,São Borja,RS,Rio Grande do Sul,Sul,-28.6578,-56.0036
4318051,431805,São Domingos do Sul,RS,Rio Grande do Sul,Sul,-28.5312,-51.886
4318101,431810,São Francisco de Assis,RS,Rio Grande do Sul,Sul,-29.5547,-55.1253
4318200,431820,São Francisco de Paula,RS,Rio Grande do Sul,Sul,-29.4404,-50.5828
4318309,431830,São Gabriel,RS,Rio Grande do Sul,Sul,-30.3337,-54.3217
4318408,431840,São Jerônimo,RS,Rio Grande do Sul,Sul,-29.9716,-51.7251
4318424,431842,São João da Urtiga,RS,Rio Grande do Sul,Sul,-27.8195,-51.8257
4318432,431843,São João do Polêsine,RS,Rio Grande do Sul,Sul,-29.6194,-53.4439
4318440,431844,São Jorge,RS,Rio Grande do Sul,Sul,-28.4984,-51.7064
4318457,431845,São José das Missões,RS,Rio Grande do Sul,Sul,-27.7789,-53.1226
4318465,431846,São José do Herval,RS,Rio Grande do Sul,Sul,-29.052,-52.295
4318481,431848,São José do Hortêncio,RS,Rio Grande do Sul,Sul,-29.528,-51.245
4318499,431849,São José do Inhacorá,RS,Rio Grande do Sul,Sul,-27.7251,-54.1275
4318507,431850,São José do Norte,RS,Rio Grande do Sul,Sul,-32.0151,-52.0331
4318606,431860,São José do Ouro,RS,Rio Grande do Sul,Sul,-27.7707,-51.5966
4318614,431861,São José do Sul,RS,Rio Grande do Sul,Sul,-29.5448,-51.4821
4318622,431862,São José dos Ausentes,RS,Rio Grande do Sul,Sul,-28.7476,-50.0677
4318705,431870,São Leopoldo,RS,Rio Grande do Sul,Sul,-29.7545,-51.1498
4318804,431880,São Lourenço do Sul,RS,Rio Grande do Sul,Sul,-31.3564,-51.9715
4318903,431890,São Luiz Gonzaga,RS,Rio Grande do Sul,Sul,-28.412,-54.9559
4319000,431900,São Marcos,RS,Rio Grande do Sul,Sul,-28.9677,-51.0696
4319109,431910,São Martinho,RS,Rio Grande do Sul,Sul,-27.7112,-53.9699
4319125,431912,São Martinho da Serra,RS,Rio Grande do Sul,Sul,-29.5397,-53.859
4319158,431915,São Miguel das Missões,RS,Rio Grande do Sul,Sul,-28.556,-54.5559
4319208,431920,São Nicolau,RS,Rio Grande do Sul,Sul,-28.1834,-55.2654
4319307,431930,São Paulo das Missões,RS,Rio Grande do Sul,Sul,-28.0195,-54.9404
4319356,431935,São Pedro da Serra,RS,Rio Grande do Sul,Sul,-29.4193,-51.5134
4319364,431936,São Pedro das Missões,RS,Rio Grande do Sul,Sul,-27.7706,-53.2513
4319372,431937,São Pedro do Butiá,RS,Rio Grande do Sul,Sul,-28.1243,-54.8926
4319406,431940,São Pedro do Sul,RS,Rio Grande do Sul,Sul,-29.6202,-54.1855
4319505,431950,São Sebastião do Caí,RS,Rio Grande do Sul,Sul,-29.5885,-51.3749
4319604,431960,São Sepé,RS,Rio Grande do Sul,Sul,-30.1643,-53.5603
4319703,431970,São Valentim,RS,Rio Grande do Sul,Sul,-27.5583,-52.5237
4319711,431971,São Valentim do Sul,RS,Rio Grande do Sul,Sul,-29.0451,-51.7684
4319737,431973,São Valério do Sul,RS,Rio Grande do Sul,Sul,-27.7906,-53.9368
4319752,431975,São Vendelino,RS,Rio Grande do Sul,Sul,-29.3729,-51.3675
4319802,431980,São Vicente do Sul,RS,Rio Grande do Sul,Sul,-29.6882,-54.6826
4319901,431990,Sapiranga,RS,Rio Grande do Sul,Sul,-29.6349,-51.0064
4320008,432000,Sapucaia do Sul,RS,Rio Grande do Sul,Sul,-29.8276,-51.145
4320107,432010,Sarandi,RS,Rio Grande do Sul,Sul,-27.942,-52.9231
4320206,432020,Seberi,RS,Rio Grande do Sul,Sul,-27.4829,-53.4026
4320230,432023,Sede Nova,RS,Rio Grande do Sul,Sul,-27.6367,-53.9493
4320263,432026,Segredo,RS,Rio Grande do Sul,Sul,-29.3523,-52.9767
4320305,432030,Selbach,RS,Rio Grande do Sul,Sul,-28.6294,-52.9498
4320321,432032,Senador Salgado Filho,RS,Rio Grande do Sul,Sul,-28.025,-54.5507
4320354,432035,Sentinela do Sul,RS,Rio Grande do Sul,Sul,-30.6107,-51.5862
4320404,432040,Serafina Corrêa,RS,Rio Grande do Sul,Sul,-28.7126,-51.9352
4320453,432045,Sério,RS,Rio Grande do Sul,Sul,-29.3904,-52.2685
4320503,432050,Sertão,RS,Rio Grande do Sul,Sul,-27.9798,-52.2588
4320552,432055,Sertão Santana,RS,Rio Grande do Sul,Sul,-30.4562,-51.6017
4320578,432057,Sete de Setembro,RS,Rio Grande do Sul,Sul,-28.1362,-54.4637
4320602,432060,Severiano de Almeida,RS,Rio Grande do Sul,Sul,-27.4362,-52.1217
4320651,432065,Silveira Martins,RS,Rio Grande do Sul,Sul,-29.6467,-53.591
4320677,432067,Sinimbu,RS,Rio Grande do Sul,Sul,-29.5357,-52.5304
4320701,432070,Sobradinho,RS,Rio Grande do Sul,Sul,-29.4194,-53.0326
4320800,432080,Soledade,RS,Rio Grande do Sul,Sul,-28.8306,-52.5131
4320859,432085,Tabaí,RS,Rio Grande do Sul,Sul,-29.643,-51.6823
4320909,432090,Tapejara,RS,Rio Grande do Sul,Sul,-28.0652,-52.0097
4321006,432100,Tapera,RS,Rio Grande do Sul,Sul,-28.6277,-52.8613
4321105,432110,Tapes,RS,Rio Grande do Sul,Sul,-30.6683,-51.3991
4321204,432120,Taquara,RS,Rio Grande do Sul,Sul,-29.6505,-50.7753
4321303,432130,Taquari,RS,Rio Grande do Sul,Sul,-29.7943,-51.8653
4321329,432132,Taquaruçu do Sul,RS,Rio Grande do Sul,Sul,-27.4005,-53.4702
4321352,432135,Tavares,RS,Rio Grande do Sul,Sul,-31.2843,-51.088
4321402,432140,Tenente Portela,RS,Rio Grande do Sul,Sul,-27.3711,-53.7585
4321436,432143,Terra de Areia,RS,Rio Grande do Sul,Sul,-29.5782,-50.0644
4321451,432145,Teutônia,RS,Rio Grande do Sul,Sul,-29.4482,-51.8044
4321469,432146,Tio Hugo,RS,Rio Grande do Sul,Sul,-28.5712,-52.5955
4321477,432147,Tiradentes do Sul,RS,Rio Grande do Sul,Sul,-27.4022,-54.0814
4321493,432149,Toropi,RS,Rio Grande do Sul,Sul,-29.4782,-54.2244
4321501,432150,Torres,RS,Rio Grande do Sul,Sul,-29.3334,-49.7333
4321600,432160,Tramandaí,RS,Rio Grande do Sul,Sul,-29.9841,-50.1322
4321626,432162,Travesseiro,RS,Rio Grande do Sul,Sul,-29.2977,-52.0532
4321634,432163,Três Arroios,RS,Rio Grande do Sul,Sul,-27.5003,-52.1448
4321667,432166,Três Cachoeiras,RS,Rio Grande do Sul,Sul,-29.4487,-49.9275
4321709,432170,Três Coroas,RS,Rio Grande do Sul,Sul,-29.5137,-50.7739
4321808,432180,Três de Maio,RS,Rio Grande do Sul,Sul,-27.78,-54.2357
4321832,432183,Três Forquilhas,RS,Rio Grande do Sul,Sul,-29.5384,-50.0708
4321857,432185,Três Palmeiras,RS,Rio Grande do Sul,Sul,-27.6139,-52.8437
4321907,432190,Três Passos,RS,Rio Grande do Sul,Sul,-27.4555,-53.9296
4321956,432195,Trindade do Sul,RS,Rio Grande do Sul,Sul,-27.5239,-52.8956
4322004,432200,Triunfo,RS,Rio Grande do Sul,Sul,-29.9291,-51.7075
4322103,432210,Tucunduva,RS,Rio Grande do Sul,Sul,-27.6573,-54.4439
4322152,432215,Tunas,RS,Rio Grande do Sul,Sul,-29.1039,-52.9538
4322186,432218,Tupanci do Sul,RS,Rio Grande do Sul,Sul,-27.9241,-51.5383
4322202,432220,Tupanciretã,RS,Rio Grande do Sul,Sul,-29.0858,-53.8445
4322251,432225,Tupandi,RS,Rio Grande do Sul,Sul,-29.4772,-51.4174
4322301,432230,Tuparendi,RS,Rio Grande do Sul,Sul,-27.7598,-54.4814
4322327,432232,Turuçu,RS,Rio Grande do Sul,Sul,-31.4173,-52.1706
4322343,432234,Ubiretama,RS,Rio Grande do Sul,Sul,-28.0404,-54.686
4322350,432235,União da Serra,RS,Rio Grande do Sul,Sul,-28.7833,-52.0238
4322376,432237,Unistalda,RS,Rio Grande do Sul,Sul,-29.04,-55.1517
4322400,432240,Uruguaiana,RS,Rio Grande do Sul,Sul,-29.7614,-57.0853
4322509,432250,Vacaria,RS,Rio Grande do Sul,Sul,-28.5079,-50.9418
4322525,432252,Vale Verde,RS,Rio Grande do Sul,Sul,-29.7864,-52.1857
4322533,432253,Vale do Sol,RS,Rio Grande do Sul,Sul,-29.5967,-52.6839
4322541,432254,Vale Real,RS,Rio Grande do Sul,Sul,-29.3919,-51.2559
4322558,432255,Vanini,RS,Rio Grande do Sul,Sul,-28.4758,-51.8447
4322608,432260,Venâncio Aires,RS,Rio Grande do Sul,Sul,-29.6143,-52.1932
4322707,432270,Vera Cruz,RS,Rio Grande do Sul,Sul,-29.7184,-52.5152
4322806,432280,Veranópolis,RS,Rio Grande do Sul,Sul,-28.9312,-51.5516
4322855,432285,Vespasiano Corrêa,RS,Rio Grande do Sul,Sul,-29.0655,-51.8625
4322905,432290,Viadutos,RS,Rio Grande do Sul,Sul,-27.5716,-52.0211
4323002,432300,Viamão,RS,Rio Grande do Sul,Sul,-30.0819,-51.0194
4323101,432310,Vicente Dutra,RS,Rio Grande do Sul,Sul,-27.1607,-53.4022
4323200,432320,Victor Graeff,RS,Rio Grande do Sul,Sul,-28.5632,-52.7495
4323309,432330,Vila Flores,RS,Rio Grande do Sul,Sul,-28.8598,-51.5504
4323358,432335,Vila Lângaro,RS,Rio Grande do Sul,Sul,-28.1062,-52.1438
4323408,432340,Vila Maria,RS,Rio Grande do Sul,Sul,-28.5359,-52.1486
4323457,432345,Vila Nova do Sul,RS,Rio Grande do Sul,Sul,-30.3461,-53.876
4323507,432350,Vista Alegre,RS,Rio Grande do Sul,Sul,-27.3686,-53.4919
4323606,432360,Vista Alegre do Prata,RS,Rio Grande do Sul,Sul,-28.8052,-51.7947
4323705,432370,Vista Gaúcha,RS,Rio Grande do Sul,Sul,-27.2902,-53.6974
4323754,432375,Vitória das Missões,RS,Rio Grande do Sul,Sul,-28.3516,-54.504
4323770,432377,Westfália,RS,Rio Grande do Sul,Sul,-29.4263,-51.7645
4323804,432380,Xangri-lá,RS,Rio Grande do Sul,Sul,-29.8065,-50.0519
5000203,500020,Água Clara,MS,Mato Grosso do Sul,Centro-Oeste,-20.4452,-52.879
5000252,500025,Alcinópolis,MS,Mato Grosso do Sul,Centro-Oeste,-18.3255,-53.7042
5000609,500060,Amambai,MS,Mato Grosso do Sul,Centro-Oeste,-23.1058,-55.2253
5000708,500070,Anastácio,MS,Mato Grosso do Sul,Centro-Oeste,-20.4823,-55.8104
5000807,500080,Anaurilândia,MS,Mato Grosso do Sul,Centro-Oeste,-22.1852,-52.7191
5000856,500085,Angélica,MS,Mato Grosso do Sul,Centro-Oeste,-22.1527,-53.7708
5000906,500090,Antônio João,MS,Mato Grosso do Sul,Centro-Oeste,-22.1927,-55.9517
5001003,500100,Aparecida do Taboado,MS,Mato Grosso do Sul,Centro-Oeste,-20.0873,-51.0961
5001102,500110,Aquidauana,MS,Mato Grosso do Sul,Centro-Oeste,-20.4666,-55.7868
5001243,500124,Aral Moreira,MS,Mato Grosso do Sul,Centro-Oeste,-22.9385,-55.6334
5001508,500150,Bandeirantes,MS,Mato Grosso do Sul,Centro-Oeste,-19.9275,-54.3585
5001904,500190,Bataguassu,MS,Mato Grosso do Sul,Centro-Oeste,-21.7159,-52.4221
5002001,500200,Batayporã,MS,Mato Grosso do Sul,Centro-Oeste,-22.2944,-53.2705
5002100,500210,Bela Vista,MS,Mato Grosso do Sul,Centro-Oeste,-22.1073,-56.5263
5002159,500215,Bodoquena,MS,Mato Grosso do Sul,Centro-Oeste,-20.537,-56.7127
5002209,500220,Bonito,MS,Mato Grosso do Sul,Centro-Oeste,-21.1261,-56.4836
5002308,500230,Brasilândia,MS,Mato Grosso do Sul,Centro-Oeste,-21.2544,-52.0365
5002407,500240,Caarapó,MS,Mato Grosso do Sul,Centro-Oeste,-22.6368,-54.8209
5002605,500260,Camapuã,MS,Mato Grosso do Sul,Centro-Oeste,-19.5347,-54.0431
5002704,500270,Campo Grande,MS,Mato Grosso do Sul,Centro-Oeste,-20.4486,-54.6295
5002803,500280,Caracol,MS,Mato Grosso do Sul,Centro-Oeste,-22.011,-57.0277
5002902,500290,Cassilândia,MS,Mato Grosso do Sul,Centro-Oeste,-19.1179,-51.7313
5002951,500295,Chapadão do Sul,MS,Mato Grosso do Sul,Centro-Oeste,-18.788,-52.6263
5003108,500310,Corguinho,MS,Mato Grosso do Sul,Centro-Oeste,-19.8243,-54.8281
5003157,500315,Coronel Sapucaia,MS,Mato Grosso do Sul,Centro-Oeste,-23.2724,-55.5278
5003207,500320,Corumbá,MS,Mato Grosso do Sul,Centro-Oeste,-19.0077,-57.651
5003256,500325,Costa Rica,MS,Mato Grosso do Sul,Centro-Oeste,-18.5432,-53.1287
5003306,500330,Coxim,MS,Mato Grosso do Sul,Centro-Oeste,-18.5013,-54.751
5003454,500345,Deodápolis,MS,Mato Grosso do Sul,Centro-Oeste,-22.2763,-54.1682
5003488,500348,Dois Irmãos do Buriti,MS,Mato Grosso do Sul,Centro-Oeste,-20.6848,-55.2915
5003504,500350,Douradina,MS,Mato Grosso do Sul,Centro-Oeste,-22.0405,-54.6158
5003702,500370,Dourados,MS,Mato Grosso do Sul,Centro-Oeste,-22.2231,-54.812
5003751,500375,Eldorado,MS,Mato Grosso do Sul,Centro-Oeste,-23.7868,-54.2838
5003801,500380,Fátima do Sul,MS,Mato Grosso do Sul,Centro-Oeste,-22.3789,-54.5131
5003900,500390,Figueirão,MS,Mato Grosso do Sul,Centro-Oeste,-18.6782,-53.638
5004007,500400,Glória de Dourados,MS,Mato Grosso do Sul,Centro-Oeste,-22.4136,-54.2335
5004106,500410,Guia Lopes da Laguna,MS,Mato Grosso do Sul,Centro-Oeste,-21.4583,-56.1117
5004304,500430,Iguatemi,MS,Mato Grosso do Sul,Centro-Oeste,-23.6736,-54.5637
5004403,500440,Inocência,MS,Mato Grosso do Sul,Centro-Oeste,-19.7277,-51.9281
5004502,500450,Itaporã,MS,Mato Grosso do Sul,Centro-Oeste,-22.08,-54.7934
5004601,500460,Itaquiraí,MS,Mato Grosso do Sul,Centro-Oeste,-23.4779,-54.187
5004700,500470,Ivinhema,MS,Mato Grosso do Sul,Centro-Oeste,-22.3046,-53.8184
5004809,500480,Japorã,MS,Mato Grosso do Sul,Centro-Oeste,-23.8903,-54.4059
5004908,500490,Jaraguari,MS,Mato Grosso do Sul,Centro-Oeste,-20.1386,-54.3996
5005004,500500,Jardim,MS,Mato Grosso do Sul,Centro-Oeste,-21.4799,-56.1489
5005103,500510,Jateí,MS,Mato Grosso do Sul,Centro-Oeste,-22.4806,-54.3079
5005152,500515,Juti,MS,Mato Grosso do Sul,Centro-Oeste,-22.8596,-54.6061
5005202,500520,Ladário,MS,Mato Grosso do Sul,Centro-Oeste,-19.0089,-57.5973
5005251,500525,Laguna Carapã,MS,Mato Grosso do Sul,Centro-Oeste,-22.5448,-55.1502
5005400,500540,Maracaju,MS,Mato Grosso do Sul,Centro-Oeste,-21.6105,-55.1678
5005608,500560,Miranda,MS,Mato Grosso do Sul,Centro-Oeste,-20.2355,-56.3746
5005681,500568,Mundo Novo,MS,Mato Grosso do Sul,Centro-Oeste,-23.9355,-54.281
5005707,500570,Naviraí,MS,Mato Grosso do Sul,Centro-Oeste,-23.0618,-54.1995
5005806,500580,Nioaque,MS,Mato Grosso do Sul,Centro-Oeste,-21.1419,-55.8296
5006002,500600,Nova Alvorada do Sul,MS,Mato Grosso do Sul,Centro-Oeste,-21.4657,-54.3825
5006200,500620,Nova Andradina,MS,Mato Grosso do Sul,Centro-Oeste,-22.238,-53.3437
5006259,500625,Novo Horizonte do Sul,MS,Mato Grosso do Sul,Centro-Oeste,-22.6693,-53.8601
5006275,500627,Paraíso das Águas,MS,Mato Grosso do Sul,Centro-Oeste,-19.0216,-53.0116
5006309,500630,Paranaíba,MS,Mato Grosso do Sul,Centro-Oeste,-19.6746,-51.1909
5006358,500635,Paranhos,MS,Mato Grosso do Sul,Centro-Oeste,-23.8911,-55.429
5006408,500640,Pedro Gomes,MS,Mato Grosso do Sul,Centro-Oeste,-18.0996,-54.5507
5006606,500660,Ponta Porã,MS,Mato Grosso do Sul,Centro-Oeste,-22.5296,-55.7203
5006903,500690,Porto Murtinho,MS,Mato Grosso do Sul,Centro-Oeste,-21.6981,-57.8836
5007109,500710,Ribas do Rio Pardo,MS,Mato Grosso do Sul,Centro-Oeste,-20.4445,-53.7588
5007208,500720,Rio Brilhante,MS,Mato Grosso do Sul,Centro-Oeste,-21.8033,-54.5427
5007307,500730,Rio Negro,MS,Mato Grosso do Sul,Centro-Oeste,-19.447,-54.9859
5007406,500740,Rio Verde de Mato Grosso,MS,Mato Grosso do Sul,Centro-Oeste,-18.9249,-54.8434
5007505,500750,Rochedo,MS,Mato Grosso do Sul,Centro-Oeste,-19.9565,-54.8848
5007554,500755,Santa Rita do Pardo,MS,Mato Grosso do Sul,Centro-Oeste,-21.3016,-52.8333
5007695,500769,São Gabriel do Oeste,MS,Mato Grosso do Sul,Centro-Oeste,-19.3889,-54.5507
5007703,500770,Sete Quedas,MS,Mato Grosso do Sul,Centro-Oeste,-23.9705,-55.0398
5007802,500780,Selvíria,MS,Mato Grosso do Sul,Centro-Oeste,-20.3637,-51.4192
5007901,500790,Sidrolândia,MS,Mato Grosso do Sul,Centro-Oeste,-20.9302,-54.9692
5007935,500793,Sonora,MS,Mato Grosso do Sul,Centro-Oeste,-17.5698,-54.7551
5007950,500795,Tacuru,MS,Mato Grosso do Sul,Centro-Oeste,-23.636,-55.0141
5007976,500797,Taquarussu,MS,Mato Grosso do Sul,Centro-Oeste,-22.4898,-53.3519
5008008,500800,Terenos,MS,Mato Grosso do Sul,Centro-Oeste,-20.4378,-54.8647
5008305,500830,Três Lagoas,MS,Mato Grosso do Sul,Centro-Oeste,-20.7849,-51.7007
5008404,500840,Vicentina,MS,Mato Grosso do Sul,Centro-Oeste,-22.4098,-54.4415
5100102,510010,Acorizal,MT,Mato Grosso,Centro-Oeste,-15.194,-56.3632
5100201,510020,Água Boa,MT,Mato Grosso,Centro-Oeste,-14.051,-52.1601
5100250,510025,Alta Floresta,MT,Mato Grosso,Centro-Oeste,-9.86674,-56.0867
5100300,510030,Alto Araguaia,MT,Mato Grosso,Centro-Oeste,-17.3153,-53.2181
5100359,510035,Alto Boa Vista,MT,Mato Grosso,Centro-Oeste,-11.6732,-51.3883
5100409,510040,Alto Garças,MT,Mato Grosso,Centro-Oeste,-16.9462,-53.5272
5100508,510050,Alto Paraguai,MT,Mato Grosso,Centro-Oeste,-14.5137,-56.4776
5100607,510060,Alto Taquari,MT,Mato Grosso,Centro-Oeste,-17.8241,-53.2792
5100805,510080,Apiacás,MT,Mato Grosso,Centro-Oeste,-9.53981,-57.4587
5101001,510100,Araguaiana,MT,Mato Grosso,Centro-Oeste,-15.7291,-51.8341
5101209,510120,Araguainha,MT,Mato Grosso,Centro-Oeste,-16.857,-53.0318
5101258,510125,Araputanga,MT,Mato Grosso,Centro-Oeste,-15.4641,-58.3425
5101308,510130,Arenápolis,MT,Mato Grosso,Centro-Oeste,-14.4472,-56.8437
5101407,510140,Aripuanã,MT,Mato Grosso,Centro-Oeste,-10.1723,-59.4568
5101605,510160,Barão de Melgaço,MT,Mato Grosso,Centro-Oeste,-16.2067,-55.9623
5101704,510170,Barra do Bugres,MT,Mato Grosso,Centro-Oeste,-15.0702,-57.1878
5101803,510180,Barra do Garças,MT,Mato Grosso,Centro-Oeste,-15.8804,-52.264
5101837,510183,Boa Esperança do Norte,MT,Mato Grosso,Centro-Oeste,-13.5067,-55.1486
5101852,510185,Bom Jesus do Araguaia,MT,Mato Grosso,Centro-Oeste,-12.1706,-51.5032
5101902,510190,Brasnorte,MT,Mato Grosso,Centro-Oeste,-12.1474,-57.9833
5102504,510250,Cáceres,MT,Mato Grosso,Centro-Oeste,-16.0764,-57.6818
5102603,510260,Campinápolis,MT,Mato Grosso,Centro-Oeste,-14.5162,-52.893
5102637,510263,Campo Novo do Parecis,MT,Mato Grosso,Centro-Oeste,-13.6587,-57.8907
5102678,510267,Campo Verde,MT,Mato Grosso,Centro-Oeste,-15.545,-55.1626
5102686,510268,Campos de Júlio,MT,Mato Grosso,Centro-Oeste,-13.7242,-59.2858
5102694,510269,Canabrava do Norte,MT,Mato Grosso,Centro-Oeste,-11.0556,-51.8209
5102702,510270,Canarana,MT,Mato Grosso,Centro-Oeste,-13.5515,-52.2705
5102793,510279,Carlinda,MT,Mato Grosso,Centro-Oeste,-9.94912,-55.8417
5102850,510285,Castanheira,MT,Mato Grosso,Centro-Oeste,-11.1251,-58.6081
5103007,510300,Chapada dos Guimarães,MT,Mato Grosso,Centro-Oeste,-15.4643,-55.7499
5103056,510305,Cláudia,MT,Mato Grosso,Centro-Oeste,-11.5075,-54.8835
5103106,510310,Cocalinho,MT,Mato Grosso,Centro-Oeste,-14.3903,-51.0001
5103205,510320,Colíder,MT,Mato Grosso,Centro-Oeste,-10.8135,-55.461
5103254,510325,Colniza,MT,Mato Grosso,Centro-Oeste,-9.46121,-59.2252
5103304,510330,Comodoro,MT,Mato Grosso,Centro-Oeste,-13.6614,-59.7848
5103353,510335,Confresa,MT,Mato Grosso,Centro-Oeste,-10.6437,-51.5699
5103361,510336,Conquista D'Oeste,MT,Mato Grosso,Centro-Oeste,-14.5381,-59.5444
5103379,510337,Cotriguaçu,MT,Mato Grosso,Centro-Oeste,-9.85656,-58.4192
5103403,510340,Cuiabá,MT,Mato Grosso,Centro-Oeste,-15.601,-56.0974
5103437,510343,Curvelândia,MT,Mato Grosso,Centro-Oeste,-15.6084,-57.9133
5103452,510345,Denise,MT,Mato Grosso,Centro-Oeste,-14.7324,-57.0583
5103502,510350,Diamantino,MT,Mato Grosso,Centro-Oeste,-14.4037,-56.4366
5103601,510360,Dom Aquino,MT,Mato Grosso,Centro-Oeste,-15.8099,-54.9223
5103700,510370,Feliz Natal,MT,Mato Grosso,Centro-Oeste,-12.385,-54.9227
5103809,510380,Figueirópolis D'Oeste,MT,Mato Grosso,Centro-Oeste,-15.4439,-58.7391
5103858,510385,Gaúcha do Norte,MT,Mato Grosso,Centro-Oeste,-13.2443,-53.0809
5103908,510390,General Carneiro,MT,Mato Grosso,Centro-Oeste,-15.7094,-52.7574
5103957,510395,Glória D'Oeste,MT,Mato Grosso,Centro-Oeste,-15.768,-58.3108
5104104,510410,Guarantã do Norte,MT,Mato Grosso,Centro-Oeste,-9.96218,-54.9121
5104203,510420,Guiratinga,MT,Mato Grosso,Centro-Oeste,-16.346,-53.7575
5104500,510450,Indiavaí,MT,Mato Grosso,Centro-Oeste,-15.4921,-58.5802
5104526,510452,Ipiranga do Norte,MT,Mato Grosso,Centro-Oeste,-12.2408,-56.1531
5104542,510454,Itanhangá,MT,Mato Grosso,Centro-Oeste,-12.2259,-56.6463
5104559,510455,Itaúba,MT,Mato Grosso,Centro-Oeste,-11.0614,-55.2766
5104609,510460,Itiquira,MT,Mato Grosso,Centro-Oeste,-17.2147,-54.1422
5104807,510480,Jaciara,MT,Mato Grosso,Centro-Oeste,-15.9548,-54.9733
5104906,510490,Jangada,MT,Mato Grosso,Centro-Oeste,-15.235,-56.4917
5105002,510500,Jauru,MT,Mato Grosso,Centro-Oeste,-15.3342,-58.8723
5105101,510510,Juara,MT,Mato Grosso,Centro-Oeste,-11.2639,-57.5244
5105150,510515,Juína,MT,Mato Grosso,Centro-Oeste,-11.3728,-58.7483
5105176,510517,Juruena,MT,Mato Grosso,Centro-Oeste,-10.3178,-58.3592
5105200,510520,Juscimeira,MT,Mato Grosso,Centro-Oeste,-16.0633,-54.8859
5105234,510523,Lambari D'Oeste,MT,Mato Grosso,Centro-Oeste,-15.3188,-58.0046
5105259,510525,Lucas do Rio Verde,MT,Mato Grosso,Centro-Oeste,-13.0588,-55.9042
5105309,510530,Luciara,MT,Mato Grosso,Centro-Oeste,-11.2219,-50.6676
5105507,510550,Vila Bela da Santíssima Trindade,MT,Mato Grosso,Centro-Oeste,-15.0068,-59.9504
5105580,510558,Marcelândia,MT,Mato Grosso,Centro-Oeste,-11.0463,-54.4377
5105606,510560,Matupá,MT,Mato Grosso,Centro-Oeste,-10.1821,-54.9467
5105622,510562,Mirassol d'Oeste,MT,Mato Grosso,Centro-Oeste,-15.6759,-58.0951
5105903,510590,Nobres,MT,Mato Grosso,Centro-Oeste,-14.7192,-56.3284
5106000,510600,Nortelândia,MT,Mato Grosso,Centro-Oeste,-14.454,-56.7945
5106109,510610,Nossa Senhora do Livramento,MT,Mato Grosso,Centro-Oeste,-15.772,-56.3432
5106158,510615,Nova Bandeirantes,MT,Mato Grosso,Centro-Oeste,-9.84977,-57.8139
5106174,510617,Nova Nazaré,MT,Mato Grosso,Centro-Oeste,-13.9486,-51.8002
5106182,510618,Nova Lacerda,MT,Mato Grosso,Centro-Oeste,-14.4727,-59.6001
5106190,510619,Nova Santa Helena,MT,Mato Grosso,Centro-Oeste,-10.8651,-55.1872
5106208,510620,Nova Brasilândia,MT,Mato Grosso,Centro-Oeste,-14.9612,-54.9685
5106216,510621,Nova Canaã do Norte,MT,Mato Grosso,Centro-Oeste,-10.558,-55.953
5106224,510622,Nova Mutum,MT,Mato Grosso,Centro-Oeste,-13.8374,-56.0743
5106232,510623,Nova Olímpia,MT,Mato Grosso,Centro-Oeste,-14.7889,-57.2886
5106240,510624,Nova Ubiratã,MT,Mato Grosso,Centro-Oeste,-12.9834,-55.2556
5106257,510625,Nova Xavantina,MT,Mato Grosso,Centro-Oeste,-14.6771,-52.3502
5106265,510626,Novo Mundo,MT,Mato Grosso,Centro-Oeste,-9.95616,-55.2029
5106273,510627,Novo Horizonte do Norte,MT,Mato Grosso,Centro-Oeste,-11.4089,-57.3488
5106281,510628,Novo São Joaquim,MT,Mato Grosso,Centro-Oeste,-14.9054,-53.0194
5106299,510629,Paranaíta,MT,Mato Grosso,Centro-Oeste,-9.65835,-56.4786
5106307,510630,Paranatinga,MT,Mato Grosso,Centro-Oeste,-14.4265,-54.0524
5106315,510631,Novo Santo Antônio,MT,Mato Grosso,Centro-Oeste,-12.2875,-50.9686
5106372,510637,Pedra Preta,MT,Mato Grosso,Centro-Oeste,-16.6245,-54.4722
5106422,510642,Peixoto de Azevedo,MT,Mato Grosso,Centro-Oeste,-10.2262,-54.9794
5106455,510645,Planalto da Serra,MT,Mato Grosso,Centro-Oeste,-14.6518,-54.7819
5106505,510650,Poconé,MT,Mato Grosso,Centro-Oeste,-16.266,-56.6261
5106653,510665,Pontal do Araguaia,MT,Mato Grosso,Centro-Oeste,-15.9274,-52.3273
5106703,510670,Ponte Branca,MT,Mato Grosso,Centro-Oeste,-16.7584,-52.8369
5106752,510675,Pontes e Lacerda,MT,Mato Grosso,Centro-Oeste,-15.2219,-59.3435
5106778,510677,Porto Alegre do Norte,MT,Mato Grosso,Centro-Oeste,-10.8761,-51.6357
5106802,510680,Porto dos Gaúchos,MT,Mato Grosso,Centro-Oeste,-11.533,-57.4132
5106828,510682,Porto Esperidião,MT,Mato Grosso,Centro-Oeste,-15.857,-58.4619
5106851,510685,Porto Estrela,MT,Mato Grosso,Centro-Oeste,-15.3235,-57.2204
5107008,510700,Poxoréu,MT,Mato Grosso,Centro-Oeste,-15.8299,-54.4208
5107040,510704,Primavera do Leste,MT,Mato Grosso,Centro-Oeste,-15.544,-54.2811
5107065,510706,Querência,MT,Mato Grosso,Centro-Oeste,-12.6093,-52.1821
5107107,510710,São José dos Quatro Marcos,MT,Mato Grosso,Centro-Oeste,-15.6276,-58.1772
5107156,510715,Reserva do Cabaçal,MT,Mato Grosso,Centro-Oeste,-15.0743,-58.4585
5107180,510718,Ribeirão Cascalheira,MT,Mato Grosso,Centro-Oeste,-12.9367,-51.8244
5107198,510719,Ribeirãozinho,MT,Mato Grosso,Centro-Oeste,-16.4856,-52.6924
5107206,510720,Rio Branco,MT,Mato Grosso,Centro-Oeste,-15.2483,-58.1259
5107248,510724,Santa Carmem,MT,Mato Grosso,Centro-Oeste,-11.9125,-55.2263
5107263,510726,Santo Afonso,MT,Mato Grosso,Centro-Oeste,-14.4945,-57.0091
5107297,510729,São José do Povo,MT,Mato Grosso,Centro-Oeste,-16.4549,-54.2487
5107305,510730,São José do Rio Claro,MT,Mato Grosso,Centro-Oeste,-13.4398,-56.7218
5107354,510735,São José do Xingu,MT,Mato Grosso,Centro-Oeste,-10.7982,-52.7486
5107404,510740,São Pedro da Cipa,MT,Mato Grosso,Centro-Oeste,-16.0109,-54.9176
5107578,510757,Rondolândia,MT,Mato Grosso,Centro-Oeste,-10.8376,-61.4697
5107602,510760,Rondonópolis,MT,Mato Grosso,Centro-Oeste,-16.4673,-54.6372
5107701,510770,Rosário Oeste,MT,Mato Grosso,Centro-Oeste,-14.8259,-56.4236
5107743,510774,Santa Cruz do Xingu,MT,Mato Grosso,Centro-Oeste,-10.1532,-52.3953
5107750,510775,Salto do Céu,MT,Mato Grosso,Centro-Oeste,-15.1303,-58.1317
5107768,510776,Santa Rita do Trivelato,MT,Mato Grosso,Centro-Oeste,-13.8146,-55.2706
5107776,510777,Santa Terezinha,MT,Mato Grosso,Centro-Oeste,-10.4704,-50.514
5107792,510779,Santo Antônio do Leste,MT,Mato Grosso,Centro-Oeste,-14.805,-53.6075
5107800,510780,Santo Antônio do Leverger,MT,Mato Grosso,Centro-Oeste,-15.8632,-56.0788
5107859,510785,São Félix do Araguaia,MT,Mato Grosso,Centro-Oeste,-11.615,-50.6706
5107875,510787,Sapezal,MT,Mato Grosso,Centro-Oeste,-12.9892,-58.7645
5107883,510788,Serra Nova Dourada,MT,Mato Grosso,Centro-Oeste,-12.0896,-51.4025
5107909,510790,Sinop,MT,Mato Grosso,Centro-Oeste,-11.8604,-55.5091
5107925,510792,Sorriso,MT,Mato Grosso,Centro-Oeste,-12.5425,-55.7211
5107941,510794,Tabaporã,MT,Mato Grosso,Centro-Oeste,-11.3007,-56.8312
5107958,510795,Tangará da Serra,MT,Mato Grosso,Centro-Oeste,-14.6229,-57.4933
5108006,510800,Tapurah,MT,Mato Grosso,Centro-Oeste,-12.695,-56.5178
5108055,510805,Terra Nova do Norte,MT,Mato Grosso,Centro-Oeste,-10.517,-55.231
5108105,510810,Tesouro,MT,Mato Grosso,Centro-Oeste,-16.0809,-53.559
5108204,510820,Torixoréu,MT,Mato Grosso,Centro-Oeste,-16.2006,-52.5571
5108303,510830,União do Sul,MT,Mato Grosso,Centro-Oeste,-11.5308,-54.3616
5108352,510835,Vale de São Domingos,MT,Mato Grosso,Centro-Oeste,-15.286,-59.0683
5108402,510840,Várzea Grande,MT,Mato Grosso,Centro-Oeste,-15.6458,-56.1322
5108501,510850,Vera,MT,Mato Grosso,Centro-Oeste,-12.3017,-55.3045
5108600,510860,Vila Rica,MT,Mato Grosso,Centro-Oeste,-10.0137,-51.1186
5108808,510880,Nova Guarita,MT,Mato Grosso,Centro-Oeste,-10.312,-55.4061
5108857,510885,Nova Marilândia,MT,Mato Grosso,Centro-Oeste,-14.3568,-56.9696
5108907,510890,Nova Maringá,MT,Mato Grosso,Centro-Oeste,-13.0136,-57.0908
5108956,510895,Nova Monte Verde,MT,Mato Grosso,Centro-Oeste,-9.99998,-57.5261
5200050,520005,Abadia de Goiás,GO,Goiás,Centro-Oeste,-16.7573,-49.4412
5200100,520010,Abadiânia,GO,Goiás,Centro-Oeste,-16.197,-48.7057
5200134,520013,Acreúna,GO,Goiás,Centro-Oeste,-17.396,-50.3749
5200159,520015,Adelândia,GO,Goiás,Centro-Oeste,-16.4127,-50.1657
5200175,520017,Água Fria de Goiás,GO,Goiás,Centro-Oeste,-14.9778,-47.7823
5200209,520020,Água Limpa,GO,Goiás,Centro-Oeste,-18.0771,-48.7603
5200258,520025,Águas Lindas de Goiás,GO,Goiás,Centro-Oeste,-15.7617,-48.2816
5200308,520030,Alexânia,GO,Goiás,Centro-Oeste,-16.0834,-48.5076
5200506,520050,Aloândia,GO,Goiás,Centro-Oeste,-17.7292,-49.4769
5200555,520055,Alto Horizonte,GO,Goiás,Centro-Oeste,-14.1978,-49.3378
5200605,520060,Alto Paraíso de Goiás,GO,Goiás,Centro-Oeste,-14.1305,-47.51
5200803,520080,Alvorada do Norte,GO,Goiás,Centro-Oeste,-14.4797,-46.491
5200829,520082,Amaralina,GO,Goiás,Centro-Oeste,-13.9236,-49.2962
5200852,520085,Americano do Brasil,GO,Goiás,Centro-Oeste,-16.2514,-49.9831
5200902,520090,Amorinópolis,GO,Goiás,Centro-Oeste,-16.6151,-51.0919
5201108,520110,Anápolis,GO,Goiás,Centro-Oeste,-16.3281,-48.953
5201207,520120,Anhanguera,GO,Goiás,Centro-Oeste,-18.3339,-48.2204
5201306,520130,Anicuns,GO,Goiás,Centro-Oeste,-16.4642,-49.9617
5201405,520140,Aparecida de Goiânia,GO,Goiás,Centro-Oeste,-16.8198,-49.2469
5201454,520145,Aparecida do Rio Doce,GO,Goiás,Centro-Oeste,-18.2941,-51.1516
5201504,520150,Aporé,GO,Goiás,Centro-Oeste,-18.9607,-51.9232
5201603,520160,Araçu,GO,Goiás,Centro-Oeste,-16.3563,-49.6804
5201702,520170,Aragarças,GO,Goiás,Centro-Oeste,-15.8955,-52.2372
5201801,520180,Aragoiânia,GO,Goiás,Centro-Oeste,-16.9087,-49.4476
5202155,520215,Araguapaz,GO,Goiás,Centro-Oeste,-15.0909,-50.6315
5202353,520235,Arenópolis,GO,Goiás,Centro-Oeste,-16.3837,-51.5563
5202502,520250,Aruanã,GO,Goiás,Centro-Oeste,-14.9166,-51.075
5202601,520260,Aurilândia,GO,Goiás,Centro-Oeste,-16.6773,-50.4641
5202809,520280,Avelinópolis,GO,Goiás,Centro-Oeste,-16.4672,-49.7579
5203104,520310,Baliza,GO,Goiás,Centro-Oeste,-16.1966,-52.5393
5203203,520320,Barro Alto,GO,Goiás,Centro-Oeste,-14.9658,-48.9086
5203302,520330,Bela Vista de Goiás,GO,Goiás,Centro-Oeste,-16.9693,-48.9513
5203401,520340,Bom Jardim de Goiás,GO,Goiás,Centro-Oeste,-16.2063,-52.1728
5203500,520350,Bom Jesus de Goiás,GO,Goiás,Centro-Oeste,-18.2173,-49.74
5203559,520355,Bonfinópolis,GO,Goiás,Centro-Oeste,-16.6173,-48.9616
5203575,520357,Bonópolis,GO,Goiás,Centro-Oeste,-13.6329,-49.8106
5203609,520360,Brazabrantes,GO,Goiás,Centro-Oeste,-16.4281,-49.3863
5203807,520380,Britânia,GO,Goiás,Centro-Oeste,-15.2428,-51.1602
5203906,520390,Buriti Alegre,GO,Goiás,Centro-Oeste,-18.1378,-49.0404
5203939,520393,Buriti de Goiás,GO,Goiás,Centro-Oeste,-16.1792,-50.4302
5203962,520396,Buritinópolis,GO,Goiás,Centro-Oeste,-14.4772,-46.4076
5204003,520400,Cabeceiras,GO,Goiás,Centro-Oeste,-15.7995,-46.9265
5204102,520410,Cachoeira Alta,GO,Goiás,Centro-Oeste,-18.7618,-50.9432
5204201,520420,Cachoeira de Goiás,GO,Goiás,Centro-Oeste,-16.6635,-50.646
5204250,520425,Cachoeira Dourada,GO,Goiás,Centro-Oeste,-18.4859,-49.4766
5204300,520430,Caçu,GO,Goiás,Centro-Oeste,-18.5594,-51.1328
5204409,520440,Caiapônia,GO,Goiás,Centro-Oeste,-16.9539,-51.8091
5204508,520450,Caldas Novas,GO,Goiás,Centro-Oeste,-17.7441,-48.6246
5204557,520455,Caldazinha,GO,Goiás,Centro-Oeste,-16.7117,-49.0013
5204607,520460,Campestre de Goiás,GO,Goiás,Centro-Oeste,-16.7624,-49.695
5204656,520465,Campinaçu,GO,Goiás,Centro-Oeste,-13.787,-48.5704
5204706,520470,Campinorte,GO,Goiás,Centro-Oeste,-14.3137,-49.1511
5204805,520480,Campo Alegre de Goiás,GO,Goiás,Centro-Oeste,-17.6363,-47.7768
5204854,520485,Campo Limpo de Goiás,GO,Goiás,Centro-Oeste,-16.2971,-49.0895
5204904,520490,Campos Belos,GO,Goiás,Centro-Oeste,-13.035,-46.7681
5204953,520495,Campos Verdes,GO,Goiás,Centro-Oeste,-14.2442,-49.6528
5205000,520500,Carmo do Rio Verde,GO,Goiás,Centro-Oeste,-15.3549,-49.708
5205059,520505,Castelândia,GO,Goiás,Centro-Oeste,-18.0921,-50.203
5205109,520510,Catalão,GO,Goiás,Centro-Oeste,-18.1656,-47.944
5205208,520520,Caturaí,GO,Goiás,Centro-Oeste,-16.4447,-49.4936
5205307,520530,Cavalcante,GO,Goiás,Centro-Oeste,-13.7976,-47.4566
5205406,520540,Ceres,GO,Goiás,Centro-Oeste,-15.3061,-49.6
5205455,520545,Cezarina,GO,Goiás,Centro-Oeste,-16.9718,-49.7758
5205471,520547,Chapadão do Céu,GO,Goiás,Centro-Oeste,-18.4073,-52.549
5205497,520549,Cidade Ocidental,GO,Goiás,Centro-Oeste,-16.0765,-47.9252
5205513,520551,Cocalzinho de Goiás,GO,Goiás,Centro-Oeste,-15.7914,-48.7747
5205521,520552,Colinas do Sul,GO,Goiás,Centro-Oeste,-14.1528,-48.076
5205703,520570,Córrego do Ouro,GO,Goiás,Centro-Oeste,-16.2918,-50.5503
5205802,520580,Corumbá de Goiás,GO,Goiás,Centro-Oeste,-15.9245,-48.8117
5205901,520590,Corumbaíba,GO,Goiás,Centro-Oeste,-18.1415,-48.5626
5206206,520620,Cristalina,GO,Goiás,Centro-Oeste,-16.7676,-47.6131
5206305,520630,Cristianópolis,GO,Goiás,Centro-Oeste,-17.1987,-48.7034
5206404,520640,Crixás,GO,Goiás,Centro-Oeste,-14.5412,-49.974
5206503,520650,Cromínia,GO,Goiás,Centro-Oeste,-17.2883,-49.3798
5206602,520660,Cumari,GO,Goiás,Centro-Oeste,-18.2644,-48.1511
5206701,520670,Damianópolis,GO,Goiás,Centro-Oeste,-14.5604,-46.178
5206800,520680,Damolândia,GO,Goiás,Centro-Oeste,-16.2544,-49.3631
5206909,520690,Davinópolis,GO,Goiás,Centro-Oeste,-18.1501,-47.5568
5207105,520710,Diorama,GO,Goiás,Centro-Oeste,-16.2329,-51.2543
5207253,520725,Doverlândia,GO,Goiás,Centro-Oeste,-16.7188,-52.3189
5207352,520735,Edealina,GO,Goiás,Centro-Oeste,-17.4239,-49.6644
5207402,520740,Edéia,GO,Goiás,Centro-Oeste,-17.3406,-49.9295
5207501,520750,Estrela do Norte,GO,Goiás,Centro-Oeste,-13.8665,-49.0716
5207535,520753,Faina,GO,Goiás,Centro-Oeste,-15.4473,-50.3622
5207600,520760,Fazenda Nova,GO,Goiás,Centro-Oeste,-16.1834,-50.7781
5207808,520780,Firminópolis,GO,Goiás,Centro-Oeste,-16.5778,-50.304
5207907,520790,Flores de Goiás,GO,Goiás,Centro-Oeste,-14.4451,-47.0417
5208004,520800,Formosa,GO,Goiás,Centro-Oeste,-15.54,-47.337
5208103,520810,Formoso,GO,Goiás,Centro-Oeste,-13.6499,-48.8775
5208152,520815,Gameleira de Goiás,GO,Goiás,Centro-Oeste,-16.4854,-48.6454
5208301,520830,Divinópolis de Goiás,GO,Goiás,Centro-Oeste,-13.2853,-46.3999
5208400,520840,Goianápolis,GO,Goiás,Centro-Oeste,-16.5098,-49.0234
5208509,520850,Goiandira,GO,Goiás,Centro-Oeste,-18.1352,-48.0875
5208608,520860,Goianésia,GO,Goiás,Centro-Oeste,-15.3118,-49.1162
5208707,520870,Goiânia,GO,Goiás,Centro-Oeste,-16.6864,-49.2643
5208806,520880,Goianira,GO,Goiás,Centro-Oeste,-16.4947,-49.427
5208905,520890,Goiás,GO,Goiás,Centro-Oeste,-15.9333,-50.14
5209101,520910,Goiatuba,GO,Goiás,Centro-Oeste,-18.0105,-49.3658
5209150,520915,Gouvelândia,GO,Goiás,Centro-Oeste,-18.6238,-50.0805
5209200,520920,Guapó,GO,Goiás,Centro-Oeste,-16.8297,-49.5345
5209291,520929,Guaraíta,GO,Goiás,Centro-Oeste,-15.6121,-50.0265
5209408,520940,Guarani de Goiás,GO,Goiás,Centro-Oeste,-13.9421,-46.4868
5209457,520945,Guarinos,GO,Goiás,Centro-Oeste,-14.7292,-49.7006
5209606,520960,Heitoraí,GO,Goiás,Centro-Oeste,-15.719,-49.8268
5209705,520970,Hidrolândia,GO,Goiás,Centro-Oeste,-16.9626,-49.2265
5209804,520980,Hidrolina,GO,Goiás,Centro-Oeste,-14.7261,-49.4634
5209903,520990,Iaciara,GO,Goiás,Centro-Oeste,-14.1011,-46.6335
5209937,520993,Inaciolândia,GO,Goiás,Centro-Oeste,-18.4869,-49.9888
5209952,520995,Indiara,GO,Goiás,Centro-Oeste,-17.1387,-49.9862
5210000,521000,Inhumas,GO,Goiás,Centro-Oeste,-16.3611,-49.5001
5210109,521010,Ipameri,GO,Goiás,Centro-Oeste,-17.7215,-48.1581
5210158,521015,Ipiranga de Goiás,GO,Goiás,Centro-Oeste,-15.1689,-49.6695
5210208,521020,Iporá,GO,Goiás,Centro-Oeste,-16.4398,-51.118
5210307,521030,Israelândia,GO,Goiás,Centro-Oeste,-16.3144,-50.9087
5210406,521040,Itaberaí,GO,Goiás,Centro-Oeste,-16.0206,-49.806
5210562,521056,Itaguari,GO,Goiás,Centro-Oeste,-15.918,-49.6071
5210604,521060,Itaguaru,GO,Goiás,Centro-Oeste,-15.7565,-49.6354
5210802,521080,Itajá,GO,Goiás,Centro-Oeste,-19.0673,-51.5495
5210901,521090,Itapaci,GO,Goiás,Centro-Oeste,-14.9522,-49.5511
5211008,521100,Itapirapuã,GO,Goiás,Centro-Oeste,-15.8205,-50.6094
5211206,521120,Itapuranga,GO,Goiás,Centro-Oeste,-15.5606,-49.949
5211305,521130,Itarumã,GO,Goiás,Centro-Oeste,-18.7646,-51.3485
5211404,521140,Itauçu,GO,Goiás,Centro-Oeste,-16.2029,-49.6109
5211503,521150,Itumbiara,GO,Goiás,Centro-Oeste,-18.4093,-49.2158
5211602,521160,Ivolândia,GO,Goiás,Centro-Oeste,-16.5995,-50.7921
5211701,521170,Jandaia,GO,Goiás,Centro-Oeste,-17.0481,-50.1453
5211800,521180,Jaraguá,GO,Goiás,Centro-Oeste,-15.7529,-49.3344
5211909,521190,Jataí,GO,Goiás,Centro-Oeste,-17.8784,-51.7204
5212006,521200,Jaupaci,GO,Goiás,Centro-Oeste,-16.1773,-50.9508
5212055,521205,Jesúpolis,GO,Goiás,Centro-Oeste,-15.9484,-49.3739
5212105,521210,Joviânia,GO,Goiás,Centro-Oeste,-17.802,-49.6197
5212204,521220,Jussara,GO,Goiás,Centro-Oeste,-15.8659,-50.8668
5212253,521225,Lagoa Santa,GO,Goiás,Centro-Oeste,-19.1832,-51.3998
5212303,521230,Leopoldo de Bulhões,GO,Goiás,Centro-Oeste,-16.619,-48.7428
5212501,521250,Luziânia,GO,Goiás,Centro-Oeste,-16.253,-47.95
5212600,521260,Mairipotaba,GO,Goiás,Centro-Oeste,-17.2975,-49.4898
5212709,521270,Mambaí,GO,Goiás,Centro-Oeste,-14.4823,-46.1165
5212808,521280,Mara Rosa,GO,Goiás,Centro-Oeste,-14.0148,-49.1777
5212907,521290,Marzagão,GO,Goiás,Centro-Oeste,-17.983,-48.6415
5212956,521295,Matrinchã,GO,Goiás,Centro-Oeste,-15.4342,-50.7456
5213004,521300,Maurilândia,GO,Goiás,Centro-Oeste,-17.9719,-50.3388
5213053,521305,Mimoso de Goiás,GO,Goiás,Centro-Oeste,-15.0515,-48.1611
5213087,521308,Minaçu,GO,Goiás,Centro-Oeste,-13.5304,-48.2206
5213103,521310,Mineiros,GO,Goiás,Centro-Oeste,-17.5654,-52.5537
5213400,521340,Moiporá,GO,Goiás,Centro-Oeste,-16.5434,-50.739
5213509,521350,Monte Alegre de Goiás,GO,Goiás,Centro-Oeste,-13.2552,-46.8928
5213707,521370,Montes Claros de Goiás,GO,Goiás,Centro-Oeste,-16.0059,-51.3979
5213756,521375,Montividiu,GO,Goiás,Centro-Oeste,-17.4439,-51.1728
5213772,521377,Montividiu do Norte,GO,Goiás,Centro-Oeste,-13.3485,-48.6853
5213806,521380,Morrinhos,GO,Goiás,Centro-Oeste,-17.7334,-49.1059
5213855,521385,Morro Agudo de Goiás,GO,Goiás,Centro-Oeste,-15.3184,-50.0553
5213905,521390,Mossâmedes,GO,Goiás,Centro-Oeste,-16.124,-50.2136
5214002,521400,Mozarlândia,GO,Goiás,Centro-Oeste,-14.7457,-50.5713
5214051,521405,Mundo Novo,GO,Goiás,Centro-Oeste,-13.7729,-50.2814
5214101,521410,Mutunópolis,GO,Goiás,Centro-Oeste,-13.7303,-49.2745
5214408,521440,Nazário,GO,Goiás,Centro-Oeste,-16.5808,-49.8817
5214507,521450,Nerópolis,GO,Goiás,Centro-Oeste,-16.4047,-49.2227
5214606,521460,Niquelândia,GO,Goiás,Centro-Oeste,-14.4662,-48.4599
5214705,521470,Nova América,GO,Goiás,Centro-Oeste,-15.0206,-49.8953
5214804,521480,Nova Aurora,GO,Goiás,Centro-Oeste,-18.0597,-48.2552
5214838,521483,Nova Crixás,GO,Goiás,Centro-Oeste,-14.0957,-50.33
5214861,521486,Nova Glória,GO,Goiás,Centro-Oeste,-15.145,-49.5737
5214879,521487,Nova Iguaçu de Goiás,GO,Goiás,Centro-Oeste,-14.2868,-49.3872
5214903,521490,Nova Roma,GO,Goiás,Centro-Oeste,-13.7388,-46.8734
5215009,521500,Nova Veneza,GO,Goiás,Centro-Oeste,-16.3695,-49.3168
5215207,521520,Novo Brasil,GO,Goiás,Centro-Oeste,-16.0313,-50.7113
5215231,521523,Novo Gama,GO,Goiás,Centro-Oeste,-16.0592,-48.0417
5215256,521525,Novo Planalto,GO,Goiás,Centro-Oeste,-13.2424,-49.506
5215306,521530,Orizona,GO,Goiás,Centro-Oeste,-17.0334,-48.2964
5215405,521540,Ouro Verde de Goiás,GO,Goiás,Centro-Oeste,-16.2181,-49.1942
5215504,521550,Ouvidor,GO,Goiás,Centro-Oeste,-18.2277,-47.8355
5215603,521560,Padre Bernardo,GO,Goiás,Centro-Oeste,-15.1605,-48.2833
5215652,521565,Palestina de Goiás,GO,Goiás,Centro-Oeste,-16.7392,-51.5309
5215702,521570,Palmeiras de Goiás,GO,Goiás,Centro-Oeste,-16.8044,-49.924
5215801,521580,Palmelo,GO,Goiás,Centro-Oeste,-17.3258,-48.426
5215900,521590,Palminópolis,GO,Goiás,Centro-Oeste,-16.7924,-50.1652
5216007,521600,Panamá,GO,Goiás,Centro-Oeste,-18.1783,-49.355
5216304,521630,Paranaiguara,GO,Goiás,Centro-Oeste,-18.9141,-50.6539
5216403,521640,Paraúna,GO,Goiás,Centro-Oeste,-16.9463,-50.4484
5216452,521645,Perolândia,GO,Goiás,Centro-Oeste,-17.5258,-52.065
5216809,521680,Petrolina de Goiás,GO,Goiás,Centro-Oeste,-16.0968,-49.3364
5216908,521690,Pilar de Goiás,GO,Goiás,Centro-Oeste,-14.7608,-49.5784
5217104,521710,Piracanjuba,GO,Goiás,Centro-Oeste,-17.302,-49.017
5217203,521720,Piranhas,GO,Goiás,Centro-Oeste,-16.4258,-51.8235
5217302,521730,Pirenópolis,GO,Goiás,Centro-Oeste,-15.8507,-48.9584
5217401,521740,Pires do Rio,GO,Goiás,Centro-Oeste,-17.3019,-48.2768
5217609,521760,Planaltina,GO,Goiás,Centro-Oeste,-15.452,-47.6089
5217708,521770,Pontalina,GO,Goiás,Centro-Oeste,-17.5225,-49.4489
5218003,521800,Porangatu,GO,Goiás,Centro-Oeste,-13.4391,-49.1503
5218052,521805,Porteirão,GO,Goiás,Centro-Oeste,-17.8143,-50.1653
5218102,521810,Portelândia,GO,Goiás,Centro-Oeste,-17.3554,-52.6799
5218300,521830,Posse,GO,Goiás,Centro-Oeste,-14.0859,-46.3704
5218391,521839,Professor Jamil,GO,Goiás,Centro-Oeste,-17.2497,-49.244
5218508,521850,Quirinópolis,GO,Goiás,Centro-Oeste,-18.4472,-50.4547
5218607,521860,Rialma,GO,Goiás,Centro-Oeste,-15.3145,-49.5814
5218706,521870,Rianápolis,GO,Goiás,Centro-Oeste,-15.4456,-49.5114
5218789,521878,Rio Quente,GO,Goiás,Centro-Oeste,-17.774,-48.7725
5218805,521880,Rio Verde,GO,Goiás,Centro-Oeste,-17.7923,-50.9192
5218904,521890,Rubiataba,GO,Goiás,Centro-Oeste,-15.1617,-49.8048
5219001,521900,Sanclerlândia,GO,Goiás,Centro-Oeste,-16.197,-50.3124
5219100,521910,Santa Bárbara de Goiás,GO,Goiás,Centro-Oeste,-16.5714,-49.6954
5219209,521920,Santa Cruz de Goiás,GO,Goiás,Centro-Oeste,-17.3155,-48.4809
5219258,521925,Santa Fé de Goiás,GO,Goiás,Centro-Oeste,-15.7664,-51.1037
5219308,521930,Santa Helena de Goiás,GO,Goiás,Centro-Oeste,-17.8115,-50.5977
5219357,521935,Santa Isabel,GO,Goiás,Centro-Oeste,-15.2958,-49.4259
5219407,521940,Santa Rita do Araguaia,GO,Goiás,Centro-Oeste,-17.3269,-53.2012
5219456,521945,Santa Rita do Novo Destino,GO,Goiás,Centro-Oeste,-15.1351,-49.1203
5219506,521950,Santa Rosa de Goiás,GO,Goiás,Centro-Oeste,-16.084,-49.4953
5219605,521960,Santa Tereza de Goiás,GO,Goiás,Centro-Oeste,-13.7138,-49.0144
5219704,521970,Santa Terezinha de Goiás,GO,Goiás,Centro-Oeste,-14.4326,-49.7091
5219712,521971,Santo Antônio da Barra,GO,Goiás,Centro-Oeste,-17.5585,-50.6345
5219738,521973,Santo Antônio de Goiás,GO,Goiás,Centro-Oeste,-16.4815,-49.3096
5219753,521975,Santo Antônio do Descoberto,GO,Goiás,Centro-Oeste,-15.9412,-48.2578
5219803,521980,São Domingos,GO,Goiás,Centro-Oeste,-13.621,-46.7415
5219902,521990,São Francisco de Goiás,GO,Goiás,Centro-Oeste,-15.9256,-49.2605
5220009,522000,São João d'Aliança,GO,Goiás,Centro-Oeste,-14.7048,-47.5228
5220058,522005,São João da Paraúna,GO,Goiás,Centro-Oeste,-16.8126,-50.4092
5220108,522010,São Luís de Montes Belos,GO,Goiás,Centro-Oeste,-16.5211,-50.3726
5220157,522015,São Luiz do Norte,GO,Goiás,Centro-Oeste,-14.8608,-49.3285
5220207,522020,São Miguel do Araguaia,GO,Goiás,Centro-Oeste,-13.2731,-50.1634
5220264,522026,São Miguel do Passa Quatro,GO,Goiás,Centro-Oeste,-17.0582,-48.662
5220280,522028,São Patrício,GO,Goiás,Centro-Oeste,-15.35,-49.818
5220405,522040,São Simão,GO,Goiás,Centro-Oeste,-18.996,-50.547
5220454,522045,Senador Canedo,GO,Goiás,Centro-Oeste,-16.7084,-49.0914
5220504,522050,Serranópolis,GO,Goiás,Centro-Oeste,-18.3067,-51.9586
5220603,522060,Silvânia,GO,Goiás,Centro-Oeste,-16.66,-48.6083
5220686,522068,Simolândia,GO,Goiás,Centro-Oeste,-14.4644,-46.4847
5220702,522070,Sítio d'Abadia,GO,Goiás,Centro-Oeste,-14.7992,-46.2506
5221007,522100,Taquaral de Goiás,GO,Goiás,Centro-Oeste,-16.0521,-49.6039
5221080,522108,Teresina de Goiás,GO,Goiás,Centro-Oeste,-13.7801,-47.2659
5221197,522119,Terezópolis de Goiás,GO,Goiás,Centro-Oeste,-16.3945,-49.0797
5221304,522130,Três Ranchos,GO,Goiás,Centro-Oeste,-18.3539,-47.776
5221403,522140,Trindade,GO,Goiás,Centro-Oeste,-16.6517,-49.4927
5221452,522145,Trombas,GO,Goiás,Centro-Oeste,-13.5079,-48.7417
5221502,522150,Turvânia,GO,Goiás,Centro-Oeste,-16.6125,-50.1369
5221551,522155,Turvelândia,GO,Goiás,Centro-Oeste,-17.8502,-50.3024
5221577,522157,Uirapuru,GO,Goiás,Centro-Oeste,-14.2835,-49.9201
5221601,522160,Uruaçu,GO,Goiás,Centro-Oeste,-14.5238,-49.1396
5221700,522170,Uruana,GO,Goiás,Centro-Oeste,-15.4993,-49.6861
5221809,522180,Urutaí,GO,Goiás,Centro-Oeste,-17.4651,-48.2015
5221858,522185,Valparaíso de Goiás,GO,Goiás,Centro-Oeste,-16.0651,-47.9757
5221908,522190,Varjão,GO,Goiás,Centro-Oeste,-17.0471,-49.6312
5222005,522200,Vianópolis,GO,Goiás,Centro-Oeste,-16.7405,-48.5159
5222054,522205,Vicentinópolis,GO,Goiás,Centro-Oeste,-17.7322,-49.8047
5222203,522220,Vila Boa,GO,Goiás,Centro-Oeste,-15.0387,-47.052
5222302,522230,Vila Propício,GO,Goiás,Centro-Oeste,-15.4542,-48.8819
5300108,530010,Brasília,DF,Distrito Federal,Centro-Oeste,-15.7795,-47.9297
